Battery_ID,Cycles,Voltage_V,Current_A,Temperature_C,Internal_Resistance_mOhm,Capacity_Ah,SOH
B00001,165,3.43,3.45,29.2,40.2,47.54,95.33
B00002,386,4.19,3.09,30.0,48.6,46.98,90.41
B00003,303,4.18,3.96,28.8,39.6,46.37,91.79
B00004,1572,4.02,1.46,22.8,92.2,33.49,69.18
B00005,1708,3.3,0.89,27.7,100.9,33.65,66.52
B00006,89,3.59,1.13,25.9,31.6,49.03,99.0
B00007,1957,3.4,1.27,26.0,105.0,30.31,62.06
B00008,1685,3.49,2.28,39.0,98.8,33.77,63.45
B00009,1770,3.86,0.99,47.1,97.9,33.15,59.99
B00010,366,3.75,4.56,29.1,41.7,46.39,90.2
B00011,1932,3.76,4.57,49.3,110.5,30.2,58.35
B00012,54,4.05,3.91,42.4,29.1,50.36,95.42
B00013,305,3.86,3.34,34.6,45.4,47.59,92.07
B00014,1235,4.15,2.94,46.4,83.1,38.31,71.43
B00015,447,3.26,0.75,23.8,45.7,46.17,92.62
B00016,1244,3.72,4.27,39.3,84.5,36.81,73.24
B00017,1267,4.18,0.66,31.1,79.8,37.28,72.8
B00018,772,3.59,1.02,40.7,59.5,42.55,81.08
B00019,1271,3.66,4.35,28.6,85.5,36.46,74.16
B00020,130,3.29,1.13,25.0,39.9,49.59,96.63
B00021,1345,3.91,3.75,35.3,82.5,37.53,72.59
B00022,496,4.19,0.88,27.3,52.1,44.89,88.46
B00023,170,3.82,1.66,23.3,40.1,48.19,94.87
B00024,982,3.77,3.43,35.4,68.0,40.62,80.68
B00025,156,3.93,2.4,23.0,38.0,48.22,97.43
B00026,1018,3.49,1.6,34.6,73.6,40.64,78.97
B00027,715,3.44,0.83,45.1,60.3,42.68,83.12
B00028,650,3.78,0.56,36.4,54.7,43.65,86.87
B00029,958,3.62,2.53,25.0,66.2,40.82,81.73
B00030,540,3.98,4.38,24.0,56.3,44.85,90.08
B00031,572,3.6,1.32,33.1,55.1,43.65,86.74
B00032,877,3.44,2.02,42.4,64.4,40.92,78.92
B00033,649,3.82,2.08,20.7,54.1,43.8,89.06
B00034,321,3.93,1.19,29.0,44.9,46.07,94.34
B00035,376,3.68,1.28,42.9,42.6,47.18,88.06
B00036,1455,3.6,2.89,32.5,90.3,35.47,68.92
B00037,796,3.66,0.64,25.0,65.6,42.84,82.66
B00038,809,3.99,4.22,22.3,60.3,42.51,84.62
B00039,1367,4.17,3.69,21.6,88.3,36.42,73.5
B00040,1727,4.08,2.34,28.1,98.4,32.26,63.31
B00041,760,3.4,4.49,20.9,57.7,42.1,84.57
B00042,1692,3.24,1.25,50.0,97.7,33.82,62.29
B00043,786,4.18,2.97,29.0,59.7,42.52,83.27
B00044,1283,3.83,2.55,23.0,78.8,37.61,74.22
B00045,1453,3.63,4.15,44.5,88.4,35.0,68.67
B00046,974,4.13,0.76,25.4,66.5,40.09,79.07
B00047,1647,3.59,2.68,25.0,92.4,34.46,67.08
B00048,657,3.65,1.29,27.3,56.6,44.28,86.08
B00049,494,4.01,2.59,30.4,52.5,44.75,88.76
B00050,654,4.04,0.76,34.2,57.3,42.72,85.72
B00051,805,3.98,1.04,46.5,67.2,42.53,79.61
B00052,462,3.6,1.95,36.9,53.1,45.67,90.21
B00053,846,3.58,1.08,43.6,60.1,41.23,79.67
B00054,607,3.97,0.76,34.4,56.9,44.06,88.25
B00055,753,3.4,4.39,26.3,56.6,41.56,84.77
B00056,984,4.15,4.82,35.4,71.7,40.53,79.78
B00057,1371,3.49,4.17,44.9,86.3,37.19,68.75
B00058,1622,3.25,0.74,24.1,99.4,34.01,67.77
B00059,624,3.54,0.51,21.5,50.7,43.22,89.2
B00060,1979,3.5,1.22,28.8,110.7,29.32,61.63
B00061,467,4.02,1.97,44.0,46.2,45.33,87.29
B00062,1364,3.72,1.06,49.3,86.8,36.95,68.76
B00063,1668,3.44,2.62,37.7,99.7,34.19,66.02
B00064,86,3.65,1.1,40.1,31.3,50.05,95.19
B00065,1807,3.58,0.8,28.4,104.1,32.63,62.89
B00066,795,3.89,4.19,44.1,60.6,42.43,80.4
B00067,1687,3.88,3.64,47.9,94.2,32.17,62.83
B00068,1189,3.62,2.24,37.6,77.8,38.33,72.77
B00069,55,3.31,4.23,36.0,28.2,50.0,98.13
B00070,250,3.75,0.53,40.8,40.9,46.98,92.84
B00071,209,4.05,2.47,26.3,38.0,47.4,95.99
B00072,878,3.7,2.89,38.4,68.3,40.6,80.95
B00073,1489,3.21,4.28,36.2,90.8,35.57,70.07
B00074,133,3.9,3.58,32.7,34.8,49.6,94.31
B00075,1479,3.45,2.28,37.2,93.2,35.8,70.43
B00076,1216,3.68,3.53,41.8,76.8,38.24,72.65
B00077,1912,4.2,0.55,49.5,103.3,30.69,57.53
B00078,1127,3.25,2.91,22.7,77.4,38.42,75.89
B00079,341,3.27,2.34,24.9,43.5,46.67,92.47
B00080,830,3.57,3.87,46.4,62.2,41.58,81.44
B00081,356,3.45,2.79,24.6,46.2,46.06,92.94
B00082,1272,3.99,4.97,35.2,83.4,37.96,75.0
B00083,468,3.3,3.62,47.8,50.6,45.64,88.32
B00084,594,3.31,3.09,22.1,53.0,44.01,89.05
B00085,104,3.33,1.79,41.7,38.0,49.36,94.27
B00086,812,3.6,1.04,48.7,65.6,41.86,81.8
B00087,598,4.02,2.83,47.3,50.1,43.43,86.57
B00088,635,3.44,0.55,40.2,58.4,44.11,83.58
B00089,699,3.62,3.62,49.2,59.4,42.89,82.01
B00090,183,3.56,1.16,45.0,35.3,47.56,92.38
B00091,792,3.8,1.84,44.7,60.7,41.74,83.01
B00092,1376,3.56,2.87,33.0,82.4,37.22,70.62
B00093,1740,3.44,2.16,33.2,100.3,33.24,64.66
B00094,1828,3.83,1.22,26.5,107.4,32.21,61.69
B00095,1502,3.39,1.17,41.5,92.5,34.8,68.79
B00096,1827,3.76,1.87,35.6,101.6,32.06,61.35
B00097,1960,3.84,0.56,27.0,113.3,31.29,60.17
B00098,772,4.14,3.97,47.4,62.0,42.2,81.63
B00099,1068,4.07,1.98,42.3,72.7,40.01,77.61
B00100,1519,4.0,4.29,35.5,88.1,34.28,69.67
B00101,1529,3.49,2.59,47.6,96.0,35.32,64.33
B00102,303,3.55,1.78,38.5,45.1,46.81,90.54
B00103,1102,3.39,0.75,43.6,71.4,38.71,76.48
B00104,425,3.44,3.56,45.4,49.6,45.2,87.68
B00105,1231,4.14,4.93,48.1,74.4,38.35,69.94
B00106,482,3.51,0.74,48.9,48.8,46.07,87.96
B00107,1758,4.2,3.67,29.0,99.6,32.84,63.35
B00108,582,3.31,2.62,33.4,53.1,44.67,87.43
B00109,1723,3.62,1.66,33.0,98.8,31.94,65.2
B00110,628,4.04,0.72,45.7,52.9,44.32,82.85
B00111,1738,4.01,4.18,28.4,99.4,32.74,65.97
B00112,241,3.38,1.88,23.7,37.4,48.09,96.59
B00113,1887,4.1,2.54,47.4,102.5,31.18,58.69
B00114,458,3.53,0.6,24.6,46.9,45.99,92.04
B00115,1172,3.65,1.0,45.9,72.4,38.94,72.94
B00116,1926,3.45,1.28,45.3,103.2,31.42,57.53
B00117,254,4.02,3.17,42.2,42.2,46.64,93.41
B00118,1436,4.03,3.84,35.9,82.6,35.11,70.32
B00119,371,3.84,2.84,24.0,46.0,46.42,94.65
B00120,525,3.96,1.21,36.7,48.8,44.17,87.03
B00121,647,3.45,2.75,48.3,58.0,43.92,82.5
B00122,1190,3.57,3.47,23.8,79.0,38.26,76.04
B00123,713,3.58,1.63,20.6,59.8,42.12,86.86
B00124,99,4.15,0.67,35.3,32.5,49.21,94.48
B00125,1397,3.28,0.56,48.5,86.2,36.66,69.04
B00126,1338,4.16,1.87,35.8,83.8,35.8,72.82
B00127,537,4.06,4.27,21.0,53.1,43.8,89.73
B00128,405,3.24,1.83,24.8,47.2,46.35,93.92
B00129,890,4.16,2.67,27.6,64.2,40.63,79.81
B00130,454,3.61,0.59,39.1,45.6,45.81,89.5
B00131,76,3.81,1.27,33.0,33.5,48.93,98.51
B00132,1286,3.79,2.97,24.5,85.4,37.54,72.69
B00133,1417,4.19,2.75,20.4,84.3,36.06,72.66
B00134,638,3.41,4.44,35.9,57.4,43.27,85.2
B00135,1901,3.89,2.81,30.2,109.3,31.84,60.57
B00136,521,4.06,3.2,23.6,48.9,44.86,87.91
B00137,301,3.34,4.0,32.9,46.1,47.95,90.91
B00138,1816,3.97,4.64,44.9,106.3,32.4,59.22
B00139,664,3.24,0.51,47.2,56.3,43.61,83.34
B00140,1100,4.12,1.45,43.4,74.9,38.34,75.28
B00141,662,3.51,1.09,26.1,61.2,44.07,87.33
B00142,1196,3.94,1.48,20.0,82.3,38.24,77.94
B00143,1989,3.52,4.79,40.5,110.6,30.06,57.9
B00144,671,4.0,1.82,27.5,56.0,43.7,87.92
B00145,88,3.39,2.89,44.4,36.6,48.36,95.29
B00146,1874,3.62,2.33,29.7,100.6,30.34,61.76
B00147,1147,3.56,4.81,42.6,80.1,39.41,75.15
B00148,1796,3.99,4.48,45.6,103.5,32.5,59.67
B00149,1972,3.74,2.23,44.0,110.1,31.17,59.2
B00150,391,4.06,2.04,40.5,44.3,46.14,91.67
B00151,1274,3.87,3.02,34.1,85.9,36.71,74.13
B00152,231,3.87,1.68,41.1,44.0,48.65,94.32
B00153,919,3.53,3.23,45.3,61.8,41.35,79.67
B00154,1728,4.09,1.92,26.4,94.2,32.3,65.65
B00155,1557,3.39,0.7,41.8,87.7,34.3,66.18
B00156,791,3.83,2.47,29.0,60.3,42.21,82.38
B00157,384,3.84,3.22,44.2,44.0,45.29,88.11
B00158,1683,3.44,3.45,44.8,98.4,33.59,63.87
B00159,135,3.6,3.07,42.4,33.0,48.12,94.57
B00160,269,3.48,1.53,33.0,42.6,47.39,94.75
B00161,304,3.57,4.13,45.2,40.0,47.84,89.8
B00162,517,4.11,3.29,20.6,46.3,45.43,92.05
B00163,951,4.1,1.5,33.9,67.0,39.6,81.63
B00164,1988,3.7,3.87,31.5,108.2,29.24,60.12
B00165,1005,4.08,4.13,24.4,65.6,40.11,78.63
B00166,485,4.08,1.53,26.1,53.2,45.97,90.47
B00167,769,3.96,0.5,30.6,60.6,42.34,83.22
B00168,1954,3.57,5.0,20.6,107.2,31.03,62.29
B00169,341,3.48,3.77,26.9,46.6,47.1,93.51
B00170,1142,3.41,1.07,23.3,78.2,38.94,79.26
B00171,1174,3.63,4.5,44.7,81.7,38.82,72.15
B00172,724,3.22,4.47,20.0,61.0,42.83,88.03
B00173,926,3.6,2.0,30.2,62.8,39.88,79.78
B00174,1501,3.76,3.97,22.9,89.8,35.97,71.43
B00175,1871,3.27,4.27,22.1,102.4,31.56,64.64
B00176,467,3.3,3.11,32.7,45.2,44.65,88.84
B00177,1973,3.86,1.64,21.8,107.9,29.4,60.93
B00178,698,4.19,1.19,44.7,60.8,43.32,81.71
B00179,838,3.8,2.38,39.2,68.3,42.08,80.42
B00180,17,4.07,3.3,43.8,29.5,49.89,95.6
B00181,1439,3.33,4.37,31.8,87.5,36.18,69.5
B00182,1437,3.39,3.43,29.1,87.3,35.8,72.25
B00183,1470,4.08,1.12,37.1,87.8,35.36,67.56
B00184,973,3.9,0.97,42.2,71.4,39.72,78.55
B00185,1378,4.18,1.02,27.4,86.3,36.3,73.96
B00186,1639,4.03,0.94,34.3,96.2,33.08,64.06
B00187,1271,3.48,0.68,42.8,82.7,37.63,71.56
B00188,664,3.64,4.23,27.3,55.4,43.28,85.86
B00189,574,4.11,3.98,42.0,56.8,45.03,85.25
B00190,1851,3.3,1.63,22.7,104.4,32.08,63.6
B00191,636,3.88,2.3,34.0,53.1,44.1,85.5
B00192,302,4.17,4.3,44.3,41.7,46.89,90.54
B00193,600,3.78,3.12,42.4,56.7,44.08,85.66
B00194,298,3.37,3.63,34.9,37.6,46.9,94.26
B00195,1641,3.79,1.53,28.9,92.6,33.01,65.19
B00196,953,3.94,4.85,37.0,69.0,40.75,80.57
B00197,337,3.73,4.94,20.9,38.5,45.86,94.77
B00198,652,4.04,3.95,27.1,52.0,43.11,86.02
B00199,973,3.53,4.43,34.7,67.9,40.64,78.86
B00200,1729,3.58,0.63,48.9,102.5,31.96,63.1
B00201,737,3.24,1.69,37.4,55.7,42.51,81.46
B00202,285,3.3,4.44,46.3,41.3,46.91,92.06
B00203,198,4.04,4.23,36.6,36.4,48.11,95.32
B00204,169,4.05,2.0,29.7,32.7,48.81,97.56
B00205,386,3.67,2.35,27.6,48.9,47.07,92.03
B00206,951,3.88,2.03,40.4,72.0,39.9,77.75
B00207,1578,3.41,0.65,20.3,91.3,34.03,67.27
B00208,837,3.85,1.91,27.6,63.4,41.58,81.52
B00209,404,4.03,3.47,41.4,50.7,45.15,89.42
B00210,1860,3.24,0.56,31.4,100.3,31.29,62.46
B00211,1559,3.51,4.82,40.3,95.9,35.33,66.43
B00212,1615,3.75,0.55,23.6,92.5,34.84,67.33
B00213,1382,3.53,3.56,25.0,86.1,36.57,71.15
B00214,1649,3.78,1.88,48.2,94.7,33.53,61.96
B00215,827,3.84,4.75,20.3,64.2,42.19,85.08
B00216,1566,3.83,3.96,24.4,88.2,33.9,67.54
B00217,1923,4.12,3.37,32.0,108.4,29.87,60.09
B00218,1105,4.1,0.54,46.1,73.5,38.16,76.0
B00219,1737,3.64,3.86,28.0,103.5,33.24,63.08
B00220,1276,4.17,2.87,40.4,83.9,36.48,72.59
B00221,552,3.54,2.4,43.5,50.9,43.67,86.7
B00222,1222,3.21,3.18,45.1,76.5,37.07,73.34
B00223,1177,3.69,1.51,23.5,76.8,38.07,77.93
B00224,1600,4.03,1.97,32.3,89.4,33.19,67.93
B00225,1500,3.94,2.45,30.6,86.0,34.66,70.11
B00226,702,3.83,4.09,43.1,55.7,43.33,84.27
B00227,635,3.86,0.69,22.6,54.0,42.87,87.12
B00228,1732,3.47,4.47,23.6,94.7,32.69,66.35
B00229,1093,3.79,3.07,27.0,71.3,38.76,78.43
B00230,286,3.45,3.71,46.1,38.6,47.15,89.65
B00231,1327,3.55,4.78,29.7,79.8,36.46,72.79
B00232,1592,3.29,1.35,46.1,92.1,33.37,65.82
B00233,1372,3.78,3.27,37.9,80.2,36.56,70.8
B00234,833,4.03,2.82,23.5,61.3,41.84,83.81
B00235,1060,3.44,0.79,43.1,69.4,40.05,76.19
B00236,354,3.41,3.11,38.3,42.0,46.14,91.89
B00237,1358,3.99,2.69,26.0,79.8,36.28,71.92
B00238,95,3.87,2.68,29.4,29.7,49.45,97.47
B00239,1501,3.23,4.43,21.5,92.8,34.33,70.15
B00240,899,3.3,3.28,29.3,68.7,40.31,83.36
B00241,180,3.78,0.57,45.8,38.6,48.34,91.56
B00242,1002,3.99,0.85,23.5,74.8,39.57,81.42
B00243,1313,4.18,1.96,36.4,85.9,36.14,70.65
B00244,1802,3.66,3.68,45.7,100.4,32.04,61.27
B00245,93,3.38,4.56,21.8,31.8,49.87,100.0
B00246,87,4.08,1.63,36.7,36.3,49.91,95.06
B00247,1005,3.99,2.27,49.9,69.3,40.76,75.11
B00248,1585,3.36,1.18,47.3,93.6,33.77,65.58
B00249,1858,3.78,3.62,22.5,101.9,30.77,63.7
B00250,1916,3.25,1.8,38.5,103.8,31.24,59.59
B00251,1890,3.41,1.32,22.9,104.9,30.42,62.83
B00252,647,4.08,3.22,36.1,60.3,42.99,84.22
B00253,774,3.97,1.51,31.0,63.8,42.88,83.04
B00254,812,3.21,4.13,21.6,65.2,42.23,83.36
B00255,720,3.89,2.53,44.2,54.8,42.31,82.93
B00256,1690,3.59,1.67,29.5,102.5,32.47,66.48
B00257,1029,3.35,3.91,26.6,70.1,39.13,78.76
B00258,28,3.45,2.45,30.6,33.6,50.65,97.56
B00259,1103,3.81,2.22,27.0,70.4,38.76,76.91
B00260,14,3.61,1.84,32.1,32.8,50.41,99.85
B00261,1732,4.15,1.37,33.9,101.2,32.88,64.92
B00262,1638,3.4,3.29,33.0,93.6,34.53,64.19
B00263,1135,3.37,1.99,28.5,71.5,37.88,76.53
B00264,1728,3.31,3.3,20.6,97.1,31.74,67.53
B00265,1398,3.39,1.18,48.0,87.2,35.89,68.77
B00266,1482,3.86,3.63,48.6,88.0,34.79,67.9
B00267,1460,4.12,4.02,42.5,93.3,35.37,69.88
B00268,1637,4.02,0.91,48.2,97.7,34.21,65.31
B00269,147,3.86,3.81,24.0,34.2,47.53,97.72
B00270,1543,3.98,1.77,47.6,93.6,35.16,65.44
B00271,161,3.58,3.32,36.2,32.6,48.52,95.72
B00272,405,3.88,3.46,20.6,49.1,46.29,94.11
B00273,1910,3.22,4.67,35.9,107.1,29.9,61.59
B00274,978,3.61,3.28,30.4,70.3,40.21,78.43
B00275,538,4.06,2.52,34.2,50.6,45.11,89.34
B00276,1380,3.32,4.21,25.8,86.5,36.81,73.04
B00277,491,3.99,3.06,25.2,54.3,46.06,91.65
B00278,691,3.23,1.89,36.8,55.6,43.84,84.3
B00279,1545,3.79,1.44,36.6,93.7,34.78,67.45
B00280,1494,4.18,1.14,31.6,93.8,34.56,67.65
B00281,1840,3.77,3.42,36.4,105.3,30.64,61.82
B00282,1556,3.27,0.78,47.9,92.9,35.13,64.7
B00283,1017,3.64,2.4,32.9,67.2,40.58,78.42
B00284,863,3.5,3.22,27.1,60.8,41.62,84.11
B00285,974,3.88,2.08,38.7,72.4,39.28,77.62
B00286,1188,3.78,2.94,32.8,74.2,37.41,74.31
B00287,1735,3.46,3.42,39.9,98.3,31.93,61.08
B00288,1156,3.57,3.77,29.7,76.0,37.64,75.47
B00289,1150,3.94,1.86,43.9,79.5,39.21,73.97
B00290,46,3.79,1.97,46.4,36.4,49.25,95.56
B00291,512,3.39,0.85,46.5,51.6,44.83,86.03
B00292,1329,3.23,1.58,49.8,87.8,35.76,70.17
B00293,1120,4.01,2.7,49.0,78.7,37.82,74.72
B00294,1349,3.21,3.47,30.9,85.7,36.22,73.69
B00295,1635,3.48,2.96,37.5,93.3,34.45,64.99
B00296,1910,3.67,3.16,42.9,110.4,30.98,60.28
B00297,1022,4.13,2.85,40.6,66.0,39.24,76.84
B00298,343,4.19,3.75,31.5,45.1,46.74,92.51
B00299,910,3.37,0.8,29.2,69.8,41.55,80.55
B00300,1822,3.28,2.16,29.7,98.4,32.02,64.7
B00301,1528,4.2,4.28,47.8,88.7,35.16,64.88
B00302,1629,4.08,3.14,37.8,90.3,34.1,65.11
B00303,814,3.76,3.53,47.7,65.1,41.33,82.21
B00304,403,4.1,5.0,31.8,48.8,45.84,92.86
B00305,268,4.19,1.95,24.9,40.1,47.28,92.69
B00306,1729,3.54,2.47,45.3,96.0,33.45,63.69
B00307,1885,4.07,2.46,40.4,105.0,31.06,60.81
B00308,192,3.95,4.77,48.1,41.5,48.39,90.97
B00309,1601,4.06,1.26,23.8,95.2,33.73,69.89
B00310,1058,3.27,4.31,45.9,71.2,39.28,74.58
B00311,770,3.79,2.18,24.5,59.7,42.45,86.38
B00312,909,3.4,0.5,37.6,66.7,41.46,80.64
B00313,639,4.14,3.28,43.9,52.2,43.54,83.03
B00314,563,3.4,4.67,46.2,54.4,43.59,84.58
B00315,1945,3.39,1.95,28.2,106.7,29.69,59.51
B00316,498,3.42,0.91,27.7,54.8,45.88,90.2
B00317,587,3.69,1.14,46.8,54.6,44.0,86.34
B00318,524,3.98,3.39,26.4,50.9,44.68,89.09
B00319,163,3.49,0.78,23.2,38.0,48.41,95.72
B00320,484,3.55,2.71,45.9,49.0,45.1,87.61
B00321,234,3.84,4.71,23.8,37.4,46.78,96.61
B00322,534,4.17,2.71,36.9,50.2,44.22,89.29
B00323,43,3.99,1.13,24.2,28.1,49.63,99.11
B00324,1439,4.01,4.2,21.1,92.6,34.83,70.95
B00325,82,3.41,1.97,30.7,38.0,48.74,96.79
B00326,1336,3.83,1.84,31.5,80.1,36.28,71.9
B00327,21,4.1,3.24,23.1,35.1,50.08,100.0
B00328,1972,3.78,1.91,43.4,110.8,30.99,57.54
B00329,356,3.75,1.41,23.6,44.3,47.4,93.57
B00330,1089,3.71,0.99,44.0,69.5,39.93,75.38
B00331,938,3.25,4.31,27.6,70.7,39.83,80.43
B00332,902,3.37,0.97,34.6,63.1,41.71,80.34
B00333,1763,4.03,4.74,47.8,98.6,33.36,59.86
B00334,774,3.78,3.8,36.0,61.1,42.36,84.57
B00335,1947,3.68,4.5,49.1,108.1,31.37,56.35
B00336,1330,3.68,1.59,48.5,87.3,37.44,70.58
B00337,1726,3.75,3.83,21.8,94.2,32.07,64.48
B00338,592,4.08,4.09,49.5,56.1,45.03,83.07
B00339,733,3.85,3.03,21.3,60.4,43.11,85.94
B00340,585,3.46,0.93,20.8,50.6,44.75,88.62
B00341,1777,3.45,2.01,22.5,102.5,31.3,63.14
B00342,603,3.97,1.23,37.3,51.4,43.33,85.48
B00343,753,3.97,3.52,20.4,57.5,41.48,84.52
B00344,505,4.05,4.97,20.1,53.1,44.72,91.87
B00345,443,3.67,1.93,37.9,52.0,45.8,88.22
B00346,398,3.63,4.24,33.3,44.3,46.09,89.33
B00347,1975,3.26,4.3,23.0,112.3,30.64,62.23
B00348,1505,3.98,2.85,38.9,85.9,34.34,67.59
B00349,457,4.0,2.42,36.6,50.6,45.68,90.26
B00350,414,3.62,2.64,37.7,49.0,44.99,87.92
B00351,974,3.32,4.52,28.7,71.1,39.31,79.82
B00352,673,3.34,1.95,38.5,58.6,43.17,82.52
B00353,131,3.97,0.76,36.3,33.0,49.38,94.1
B00354,845,3.21,4.41,44.6,67.1,41.66,81.3
B00355,1887,3.92,0.93,37.4,109.9,30.75,61.52
B00356,1138,3.74,4.21,22.5,79.4,39.41,78.4
B00357,1342,3.31,2.05,46.7,81.2,37.26,68.52
B00358,1562,3.39,2.0,27.4,91.9,35.34,69.4
B00359,1355,3.55,1.71,29.6,80.2,36.03,70.94
B00360,639,4.06,4.3,23.5,52.2,42.67,86.16
B00361,673,4.1,3.09,29.9,55.8,43.49,86.84
B00362,874,3.84,1.81,23.8,63.8,41.35,82.53
B00363,1658,3.73,2.62,30.7,92.8,34.41,67.51
B00364,1161,3.22,4.59,37.1,75.4,38.69,73.89
B00365,202,3.79,4.53,22.4,39.8,47.51,96.31
B00366,1079,3.95,1.59,44.3,77.8,38.7,75.73
B00367,1577,3.89,0.59,20.5,91.3,34.61,68.48
B00368,208,4.18,1.97,35.5,39.7,48.1,93.85
B00369,312,3.92,2.52,42.9,39.5,47.55,90.67
B00370,1999,3.52,2.16,20.2,106.4,29.94,61.11
B00371,66,3.41,3.48,44.0,37.2,49.93,97.73
B00372,1259,3.84,2.16,33.2,80.7,36.98,75.45
B00373,706,3.23,4.61,46.1,56.7,42.69,84.35
B00374,1194,3.59,3.05,28.8,75.9,38.17,75.85
B00375,1025,3.43,2.25,37.2,67.2,39.81,77.95
B00376,810,4.15,3.29,20.2,66.5,42.49,82.89
B00377,1700,3.49,3.11,39.0,93.1,33.84,62.19
B00378,1249,3.67,2.19,22.9,79.6,36.68,74.72
B00379,1337,4.17,0.69,36.7,81.1,35.83,70.69
B00380,348,3.92,4.74,44.0,40.3,45.93,91.03
B00381,1796,3.55,2.36,46.7,99.6,32.57,59.11
B00382,1148,3.35,4.03,39.4,75.5,39.12,74.75
B00383,1326,3.67,2.02,27.1,79.5,37.46,73.6
B00384,886,3.43,2.94,36.6,62.9,41.03,82.38
B00385,106,3.75,3.25,21.8,34.8,49.36,100.0
B00386,1976,4.03,0.94,33.6,107.5,29.35,60.02
B00387,282,3.57,2.8,25.4,39.8,46.77,93.36
B00388,595,3.39,2.52,24.4,49.9,43.4,86.79
B00389,51,4.01,4.15,31.9,31.1,49.88,99.14
B00390,438,3.3,1.69,37.0,45.0,45.19,91.09
B00391,1448,3.33,1.0,46.1,84.0,35.48,67.21
B00392,74,3.56,5.0,24.8,35.4,49.69,96.63
B00393,709,3.77,3.25,36.9,55.9,43.85,84.75
B00394,1279,4.12,1.67,49.9,78.4,37.99,70.27
B00395,945,3.6,4.78,29.1,68.9,39.98,81.39
B00396,760,3.53,3.5,21.5,56.2,42.19,85.43
B00397,1858,3.79,4.81,36.0,101.1,30.71,61.71
B00398,401,4.06,4.43,20.5,46.7,46.92,91.7
B00399,19,3.62,2.24,45.2,34.3,49.54,97.24
B00400,238,3.66,4.55,28.9,42.1,48.03,95.21
B00401,1583,4.11,3.99,21.5,94.6,33.84,66.88
B00402,475,4.18,4.49,25.8,47.9,45.91,89.24
B00403,1970,3.93,2.41,38.0,106.1,30.84,56.74
B00404,942,3.77,1.28,45.8,63.5,40.95,76.6
B00405,1884,3.35,3.85,28.3,108.9,32.07,62.02
B00406,1587,4.02,3.86,34.7,96.4,35.0,68.08
B00407,1131,4.11,2.49,37.2,72.0,37.7,75.51
B00408,388,3.83,2.79,23.3,47.0,45.72,93.26
B00409,493,3.87,4.67,21.3,52.7,45.02,90.75
B00410,1098,3.39,1.25,32.1,69.2,38.64,77.09
B00411,10,3.23,3.24,28.9,27.1,48.96,99.01
B00412,227,3.8,4.47,25.9,37.2,47.22,93.92
B00413,1333,3.65,3.8,48.3,80.5,37.19,70.27
B00414,251,3.33,0.94,23.0,39.1,48.41,95.95
B00415,1071,4.14,3.37,33.2,69.2,39.43,77.2
B00416,1949,3.76,3.27,20.3,107.1,31.12,63.34
B00417,1005,3.28,3.4,21.6,65.9,39.58,81.84
B00418,1083,3.57,3.68,36.5,69.2,38.78,76.61
B00419,100,4.17,1.26,49.7,35.4,48.82,93.6
B00420,839,4.08,3.54,44.6,60.5,41.02,79.79
B00421,1676,3.98,1.69,24.9,99.9,33.99,66.0
B00422,555,3.26,3.48,47.3,54.5,43.88,85.41
B00423,596,3.63,4.3,41.9,54.1,43.99,83.8
B00424,1352,3.25,3.55,37.0,86.8,36.58,71.23
B00425,1592,3.78,3.25,20.1,92.4,34.41,67.43
B00426,1929,3.48,4.88,22.1,102.7,30.32,61.22
B00427,1418,3.25,0.73,41.8,86.7,36.19,67.97
B00428,1857,3.48,1.55,35.3,101.3,30.62,60.4
B00429,841,3.52,1.46,20.2,65.2,41.13,82.75
B00430,768,3.96,3.17,49.9,61.2,41.56,82.34
B00431,192,4.1,1.21,22.9,41.2,47.14,96.8
B00432,1056,3.27,3.57,40.8,74.1,40.37,75.89
B00433,702,4.09,4.02,27.7,61.1,42.55,85.19
B00434,1691,4.01,4.44,22.2,99.5,32.85,65.35
B00435,1778,4.19,1.31,36.4,96.5,32.25,62.33
B00436,423,3.27,0.57,33.4,47.0,45.54,88.6
B00437,1412,3.49,2.09,36.1,89.7,34.89,71.34
B00438,1325,3.85,4.63,32.8,84.9,36.59,73.59
B00439,375,3.29,0.92,45.7,42.0,45.42,88.83
B00440,370,3.88,3.34,37.5,43.5,46.8,90.27
B00441,224,3.81,0.78,34.5,39.4,48.07,92.28
B00442,319,3.68,1.53,48.1,47.1,46.06,91.5
B00443,1524,4.19,3.52,40.5,95.7,34.35,68.18
B00444,1311,3.93,4.71,42.1,83.3,36.94,72.37
B00445,994,3.78,0.8,32.6,72.5,40.02,77.51
B00446,474,3.78,3.4,23.6,49.2,44.38,91.76
B00447,1187,3.62,3.56,47.0,73.6,38.38,71.21
B00448,1337,3.86,2.42,35.6,81.1,37.5,71.74
B00449,643,3.82,4.33,29.7,59.1,42.58,85.91
B00450,161,3.73,2.36,37.6,40.5,48.24,93.23
B00451,864,3.23,4.96,32.7,67.5,40.89,82.13
B00452,1855,3.72,2.76,29.7,102.0,31.72,63.1
B00453,1610,3.77,4.47,31.1,95.6,34.46,67.69
B00454,207,4.1,1.28,42.3,38.3,48.74,94.08
B00455,1196,3.73,2.24,49.0,79.9,37.43,73.4
B00456,957,4.05,4.6,37.4,66.6,41.42,79.79
B00457,812,3.21,3.35,32.5,63.7,42.63,84.4
B00458,825,3.65,2.76,33.3,67.4,41.19,83.36
B00459,783,4.14,1.92,21.5,63.3,41.32,83.04
B00460,337,3.68,1.1,31.9,47.4,47.56,91.77
B00461,1868,3.92,4.39,48.1,107.8,31.19,60.14
B00462,1898,3.46,4.08,42.8,107.7,30.58,60.01
B00463,354,3.32,2.89,35.4,44.1,47.43,90.49
B00464,1306,3.94,3.49,24.3,85.5,37.94,73.16
B00465,1583,3.56,4.53,47.2,92.1,34.31,65.44
B00466,1392,4.11,2.66,33.3,87.7,35.51,69.18
B00467,159,3.67,1.93,41.0,36.6,48.57,94.18
B00468,34,3.35,1.41,35.6,27.8,49.51,98.07
B00469,1088,3.74,2.74,33.3,70.8,39.49,78.55
B00470,1472,3.74,1.39,49.8,89.9,35.85,65.66
B00471,1613,3.42,4.72,25.9,96.3,33.1,66.78
B00472,1687,3.55,1.85,36.0,93.3,32.21,65.55
B00473,1000,3.57,3.15,29.4,66.4,40.59,78.03
B00474,1904,3.26,2.04,24.9,107.1,31.91,63.04
B00475,442,3.31,2.94,41.0,46.5,45.74,89.24
B00476,1967,3.37,4.1,33.5,110.0,30.45,60.23
B00477,1091,3.45,0.55,44.9,71.3,38.45,74.67
B00478,117,3.84,2.07,43.2,33.1,49.44,96.29
B00479,1579,4.05,1.67,46.8,91.1,34.51,64.35
B00480,1565,3.2,2.66,33.5,90.4,33.48,66.15
B00481,1561,4.07,4.02,44.2,96.7,33.62,67.2
B00482,1411,3.53,2.22,44.7,81.7,34.93,67.69
B00483,1784,3.68,3.99,20.8,105.0,33.13,64.83
B00484,1155,4.18,0.64,31.4,75.8,37.82,74.75
B00485,1402,3.69,4.64,46.4,87.6,36.63,70.48
B00486,1045,4.1,2.79,29.2,76.4,39.91,79.57
B00487,1578,3.89,2.18,40.5,92.9,35.22,66.95
B00488,1536,3.73,4.68,49.5,96.1,34.25,64.62
B00489,178,3.97,3.65,34.7,33.6,48.1,94.45
B00490,490,3.24,4.61,39.0,54.5,44.37,89.72
B00491,813,3.8,2.34,20.7,61.9,41.69,83.64
B00492,453,3.33,1.46,27.0,53.0,46.27,89.73
B00493,871,3.84,3.97,29.8,66.8,41.24,80.02
B00494,1282,3.56,2.11,25.6,80.7,37.92,74.34
B00495,888,3.62,1.45,38.6,69.6,41.41,81.62
B00496,1756,3.91,2.46,31.7,103.0,33.34,65.51
B00497,641,3.56,3.14,20.8,52.9,43.56,87.98
B00498,1130,3.4,3.34,44.8,75.8,39.49,76.35
B00499,1182,3.41,2.55,21.9,72.6,37.93,77.5
B00500,1828,3.57,1.16,27.5,106.9,32.15,61.57
B00501,451,3.27,0.55,41.3,43.4,45.04,88.73
B00502,1641,3.7,3.43,24.4,94.5,33.4,68.46
B00503,776,3.91,2.56,49.7,63.6,41.87,79.48
B00504,1329,4.07,0.83,44.2,82.2,37.28,71.98
B00505,1099,3.46,2.4,36.6,69.4,38.86,74.55
B00506,699,3.44,1.01,48.8,58.2,43.57,83.39
B00507,294,3.49,1.96,44.3,43.6,46.66,93.01
B00508,165,3.73,1.67,29.6,35.3,47.91,97.1
B00509,1588,3.7,4.85,40.7,96.5,33.27,64.06
B00510,222,4.11,1.1,36.0,40.2,47.59,94.22
B00511,344,3.84,4.45,29.0,48.7,46.5,92.06
B00512,1596,3.49,3.0,25.3,94.1,34.52,67.96
B00513,1889,3.26,0.56,22.3,105.1,31.79,60.86
B00514,832,3.81,4.95,21.1,63.1,41.81,84.56
B00515,64,3.7,4.43,36.0,34.9,50.3,96.78
B00516,1647,3.3,3.21,44.7,96.4,33.97,65.3
B00517,1060,3.98,3.32,41.1,72.9,38.88,76.07
B00518,75,4.01,4.71,36.4,33.0,48.71,95.91
B00519,876,3.21,1.47,34.4,63.3,41.91,79.76
B00520,933,3.93,1.46,40.7,67.4,40.96,80.79
B00521,762,4.03,3.22,33.5,65.1,41.71,84.14
B00522,1682,3.62,2.94,27.0,97.4,33.65,68.0
B00523,1324,3.44,4.28,25.6,86.2,37.35,72.16
B00524,568,3.36,4.99,23.9,51.4,43.67,88.35
B00525,719,3.91,0.93,33.9,63.1,43.14,83.12
B00526,1580,3.92,1.21,39.4,97.8,33.48,65.16
B00527,758,3.97,3.17,27.5,58.3,41.68,83.89
B00528,1209,4.12,1.41,42.3,77.0,38.85,71.95
B00529,665,3.51,2.27,33.3,54.8,43.19,85.05
B00530,1052,3.73,1.92,36.9,68.2,39.88,75.99
B00531,797,3.53,3.68,49.6,59.7,41.31,80.26
B00532,1294,4.14,4.17,43.0,83.4,36.43,70.01
B00533,906,3.88,1.21,41.3,70.1,41.86,78.22
B00534,1015,3.5,0.62,32.8,71.3,40.65,78.22
B00535,822,3.48,3.91,38.6,58.5,41.69,79.98
B00536,835,3.96,4.5,38.0,66.7,42.5,82.18
B00537,862,3.75,3.38,46.8,68.6,42.02,78.39
B00538,1179,4.03,4.58,27.1,72.2,37.48,75.92
B00539,798,3.98,3.61,43.5,57.1,41.7,79.81
B00540,366,3.6,4.29,46.9,45.6,46.32,88.05
B00541,1991,3.23,1.9,30.0,113.5,31.07,59.82
B00542,689,3.99,4.54,43.5,55.3,42.76,84.25
B00543,1164,3.85,4.15,28.0,77.3,38.27,77.76
B00544,693,3.61,3.17,48.7,55.3,42.89,82.38
B00545,1464,3.91,2.14,37.6,88.6,35.99,69.27
B00546,172,3.56,1.02,46.3,40.4,49.01,92.97
B00547,1306,4.19,0.91,28.0,86.5,36.94,74.97
B00548,1297,3.55,1.01,48.8,83.2,37.06,68.53
B00549,1617,3.26,4.11,25.6,97.6,33.35,66.66
B00550,725,3.21,2.68,45.9,55.5,42.66,82.57
B00551,481,3.35,4.42,33.9,47.6,45.08,90.35
B00552,1786,3.65,4.99,25.9,104.3,31.83,63.32
B00553,1156,4.04,1.45,33.2,75.9,39.02,73.84
B00554,1673,3.35,3.04,23.3,98.5,33.66,65.03
B00555,1656,3.52,2.61,32.1,96.5,32.49,65.67
B00556,649,3.63,1.59,26.1,58.3,42.52,86.2
B00557,595,4.03,4.41,37.1,57.7,43.41,86.11
B00558,1280,3.27,4.28,26.6,82.3,37.06,73.33
B00559,662,3.34,4.5,21.3,57.3,43.22,88.06
B00560,632,3.93,4.68,37.1,60.0,42.94,86.04
B00561,1685,3.29,4.52,24.4,97.6,32.39,67.67
B00562,242,3.54,1.56,29.2,41.1,47.86,95.05
B00563,1735,3.25,3.48,20.8,102.5,32.31,67.49
B00564,1903,3.73,1.96,37.9,101.5,30.51,60.4
B00565,1803,3.56,1.46,21.7,97.4,31.38,62.58
B00566,1065,3.5,3.47,28.5,73.2,38.89,79.11
B00567,431,3.37,3.62,28.4,49.2,46.64,91.05
B00568,1776,4.09,4.97,31.8,98.6,32.67,65.27
B00569,1755,4.2,1.96,34.9,99.1,32.28,62.1
B00570,606,3.33,0.83,45.0,49.6,43.67,86.64
B00571,1941,3.65,4.48,38.2,110.8,31.57,59.95
B00572,1047,3.84,1.17,37.5,68.1,38.71,78.18
B00573,1998,4.03,2.11,43.1,107.2,30.4,59.22
B00574,615,3.75,2.6,48.3,54.8,42.87,86.05
B00575,328,3.31,3.34,47.8,44.1,47.23,89.74
B00576,524,3.92,2.94,41.9,52.8,45.57,86.28
B00577,1829,3.61,2.88,43.5,99.3,31.28,61.28
B00578,1962,3.44,1.44,35.5,104.2,30.57,57.73
B00579,385,3.31,2.44,21.6,46.3,46.87,94.7
B00580,144,3.74,4.36,29.7,31.8,49.56,98.19
B00581,955,3.94,0.62,44.3,68.0,41.21,79.51
B00582,698,4.17,0.59,39.5,62.0,43.29,82.55
B00583,1680,3.96,1.05,32.0,94.8,33.57,66.13
B00584,198,4.14,4.45,27.9,41.9,48.25,94.39
B00585,881,4.07,2.11,22.3,64.4,40.49,81.88
B00586,209,3.22,3.29,20.3,38.0,48.07,95.0
B00587,1446,3.72,3.63,42.5,90.1,34.71,68.72
B00588,1043,3.2,0.9,23.4,68.9,40.51,80.06
B00589,1767,3.41,0.79,31.9,101.5,31.66,63.8
B00590,354,3.81,1.47,34.9,46.6,46.85,90.7
B00591,1664,3.62,0.99,44.7,92.0,32.43,65.67
B00592,285,3.31,2.5,37.0,46.3,47.14,91.01
B00593,1116,3.54,4.48,42.0,79.3,38.9,74.96
B00594,359,3.99,3.72,42.4,48.8,45.93,89.58
B00595,1579,4.18,0.82,30.9,91.8,35.2,67.23
B00596,281,3.58,2.09,38.6,43.4,46.36,93.27
B00597,521,3.26,4.62,36.9,54.6,45.37,85.95
B00598,1474,3.47,2.4,49.1,91.5,35.71,65.88
B00599,107,4.17,1.73,44.5,37.7,49.56,94.18
B00600,1579,3.28,3.99,48.6,97.0,34.7,64.28
B00601,1407,3.39,0.92,29.4,82.9,35.38,71.74
B00602,898,3.73,3.7,38.4,70.8,41.43,79.51
B00603,1953,3.26,0.78,42.4,105.5,31.08,59.36
B00604,1721,4.06,1.06,31.2,94.3,33.75,62.82
B00605,275,3.58,0.67,38.6,40.1,47.25,91.08
B00606,1078,4.1,3.56,37.2,74.2,38.65,78.17
B00607,25,3.5,1.3,44.6,30.3,50.59,97.58
B00608,1533,3.84,1.96,41.9,89.2,35.44,67.99
B00609,258,3.41,1.61,36.5,40.2,47.95,92.5
B00610,381,4.09,1.44,21.4,48.0,46.92,91.13
B00611,1877,4.18,1.15,24.3,107.7,31.01,60.64
B00612,1601,3.73,0.58,34.6,92.0,33.02,67.45
B00613,465,3.93,3.74,36.7,46.1,44.66,89.47
B00614,676,4.09,4.21,48.4,57.7,42.55,82.42
B00615,863,3.29,2.83,46.0,64.8,40.62,79.24
B00616,441,3.38,2.77,22.0,50.2,46.08,91.78
B00617,1255,3.82,2.45,26.5,81.6,36.46,76.4
B00618,1056,3.66,1.49,41.6,71.0,39.42,76.69
B00619,104,4.1,2.72,46.6,35.6,49.27,96.5
B00620,1611,4.11,4.17,34.9,98.5,34.13,67.4
B00621,807,3.91,0.83,24.3,65.4,41.03,83.55
B00622,583,4.17,4.26,45.3,51.0,44.0,85.85
B00623,934,3.49,2.68,32.6,68.9,39.85,82.02
B00624,546,3.34,0.68,36.3,52.6,43.71,86.21
B00625,675,3.74,0.73,31.8,54.0,42.28,86.65
B00626,372,4.15,2.75,33.5,49.6,45.76,91.91
B00627,790,3.49,3.92,42.2,63.0,42.12,83.55
B00628,1506,3.57,1.15,29.9,92.2,35.81,70.58
B00629,579,4.1,0.51,46.6,49.7,44.2,87.1
B00630,320,4.06,3.25,25.3,45.7,47.04,95.07
B00631,1149,3.57,1.14,45.8,73.6,38.68,72.51
B00632,139,3.41,2.12,49.2,33.6,47.84,94.35
B00633,229,3.27,2.26,44.6,43.7,47.19,90.73
B00634,512,3.51,3.26,26.0,47.5,44.65,87.91
B00635,1671,3.53,4.2,22.3,95.3,32.54,67.34
B00636,373,4.01,4.82,39.1,46.8,45.97,91.17
B00637,1398,3.33,2.5,25.1,87.9,36.06,71.62
B00638,1053,3.97,3.63,21.9,70.5,39.75,77.61
B00639,281,3.52,1.53,32.4,44.6,47.79,92.28
B00640,1151,3.82,4.81,22.8,78.1,39.21,75.61
B00641,1288,3.58,3.42,38.8,81.8,36.39,72.93
B00642,1154,3.47,2.5,47.6,73.0,38.92,75.31
B00643,374,3.37,2.99,33.8,47.8,46.52,92.29
B00644,887,3.8,4.68,32.4,65.0,41.31,81.95
B00645,1640,4.14,3.67,45.6,93.1,33.3,63.09
B00646,670,3.95,2.63,48.2,52.5,43.68,83.48
B00647,458,3.79,3.36,26.5,45.3,46.0,90.01
B00648,986,3.71,1.55,27.7,68.5,39.89,80.96
B00649,1811,3.58,1.41,26.7,99.3,32.01,64.16
B00650,898,3.43,2.52,37.6,69.9,40.12,79.02
B00651,242,3.94,4.01,40.7,37.0,46.69,91.31
B00652,665,3.88,3.54,23.0,52.7,42.56,85.41
B00653,948,3.2,3.58,22.0,63.0,40.89,79.65
B00654,688,4.12,3.52,21.6,58.6,43.4,84.78
B00655,1505,4.0,2.18,43.7,85.4,35.64,67.35
B00656,1996,3.47,3.84,43.4,112.9,30.55,55.62
B00657,973,3.75,1.85,37.8,66.2,40.98,76.78
B00658,1810,3.86,2.55,43.8,107.0,32.33,61.81
B00659,784,4.08,0.69,34.1,61.9,41.48,84.93
B00660,1332,3.69,3.81,39.4,80.6,37.28,69.8
B00661,719,4.18,1.78,45.4,58.4,43.75,81.96
B00662,851,3.87,1.98,36.2,60.1,41.47,82.22
B00663,1627,3.29,2.42,47.7,96.3,34.14,64.55
B00664,1154,3.95,3.35,45.4,75.5,38.35,73.05
B00665,1380,4.09,2.23,29.5,86.2,35.77,71.68
B00666,1606,3.95,1.73,44.9,89.6,33.26,63.1
B00667,620,4.14,4.12,24.0,54.2,43.79,88.27
B00668,198,3.88,2.5,36.5,37.0,47.1,93.48
B00669,1984,4.17,4.05,39.9,106.4,30.97,59.05
B00670,139,3.95,4.27,31.3,31.3,49.17,96.87
B00671,401,4.03,3.77,42.0,45.9,46.41,90.97
B00672,1009,3.61,4.09,49.3,68.0,39.59,77.93
B00673,993,4.1,3.17,38.8,73.1,39.43,79.92
B00674,295,4.13,1.54,31.3,46.6,47.45,91.89
B00675,1742,3.51,0.55,43.3,100.3,31.85,62.28
B00676,1745,4.01,2.33,38.0,104.6,31.92,63.98
B00677,1193,3.83,2.7,35.9,74.0,38.03,74.15
B00678,1163,3.47,2.38,30.3,76.1,38.86,76.93
B00679,758,3.81,4.26,25.8,57.5,41.53,85.73
B00680,763,3.46,1.76,32.7,60.8,42.09,83.41
B00681,188,4.01,1.99,48.8,41.1,47.25,91.81
B00682,1460,3.38,4.15,21.4,86.3,35.34,73.2
B00683,1720,3.3,3.89,44.4,94.0,32.71,62.42
B00684,782,3.84,3.69,40.8,63.2,41.46,83.15
B00685,1022,3.47,1.34,24.8,75.8,40.48,80.56
B00686,1646,3.61,4.36,47.0,91.3,34.36,64.59
B00687,950,3.3,1.82,24.8,69.9,40.13,80.62
B00688,189,3.86,1.65,44.4,41.5,48.23,95.23
B00689,1631,4.06,1.68,32.1,92.5,33.88,67.11
B00690,1248,4.12,2.65,32.4,81.3,38.04,74.64
B00691,218,3.8,3.23,33.2,38.2,48.04,92.9
B00692,1559,3.81,1.31,34.7,94.6,35.09,68.42
B00693,540,4.02,2.41,25.3,51.9,44.53,90.3
B00694,1680,3.78,2.2,47.6,99.1,33.04,63.79
B00695,1787,3.43,0.69,37.0,101.3,31.93,61.6
B00696,1077,3.8,3.76,32.9,72.8,39.74,75.75
B00697,431,3.58,1.59,44.1,43.1,45.35,87.56
B00698,1487,3.95,3.41,40.4,88.1,35.63,66.91
B00699,1982,3.76,0.76,44.1,111.0,29.93,59.42
B00700,285,3.51,0.78,34.4,40.3,48.14,93.3
B00701,1741,4.14,3.59,35.0,104.3,32.22,64.02
B00702,953,3.85,4.14,43.0,66.7,41.35,76.73
B00703,1639,4.12,3.97,35.2,97.3,33.49,67.6
B00704,1569,3.87,0.65,32.4,91.3,33.62,65.82
B00705,28,3.72,1.72,22.6,30.8,49.49,98.76
B00706,1287,3.69,3.98,24.9,84.4,36.96,74.06
B00707,1147,3.89,4.65,37.9,78.0,39.47,75.49
B00708,376,3.95,2.66,48.6,48.2,47.21,89.75
B00709,1460,3.24,1.46,45.2,92.9,36.13,67.19
B00710,611,3.35,0.61,30.7,57.4,43.48,85.54
B00711,1755,3.57,2.23,28.0,98.6,32.81,64.11
B00712,1184,3.38,4.7,22.8,76.6,39.09,78.56
B00713,335,3.93,1.46,32.7,47.1,45.72,91.12
B00714,1358,3.82,1.39,35.2,83.6,36.36,71.85
B00715,420,3.54,2.06,32.0,49.7,46.71,90.16
B00716,550,3.45,3.76,37.2,51.7,43.7,88.01
B00717,731,3.86,4.85,41.0,64.2,42.74,84.86
B00718,983,3.71,4.99,27.0,71.9,39.59,80.65
B00719,773,3.72,3.72,27.4,58.1,43.24,84.0
B00720,1427,3.29,4.76,29.1,86.0,35.99,71.63
B00721,18,3.51,4.33,41.6,26.7,49.83,96.38
B00722,1924,3.26,3.77,38.9,106.0,31.27,61.04
B00723,788,4.18,2.54,37.6,63.6,42.38,81.92
B00724,339,3.8,2.47,49.7,40.1,46.92,91.21
B00725,1401,3.92,1.89,29.8,88.9,35.18,70.91
B00726,788,3.58,4.06,30.3,59.9,41.84,85.07
B00727,1442,3.45,1.1,28.6,91.3,35.76,69.12
B00728,216,3.89,4.72,44.8,35.0,47.99,91.77
B00729,593,3.91,2.87,24.7,55.7,44.77,88.93
B00730,1537,4.0,0.8,34.3,95.7,34.69,65.93
B00731,1086,4.13,1.57,26.1,77.0,38.43,79.12
B00732,1471,3.25,3.37,30.2,93.2,35.16,71.77
B00733,1147,3.93,3.87,42.2,76.3,38.61,75.98
B00734,273,3.75,4.48,44.0,42.3,46.42,91.52
B00735,232,3.41,1.42,35.7,40.1,47.02,93.54
B00736,808,3.38,2.75,26.0,62.2,42.39,83.57
B00737,312,3.97,4.96,20.6,44.3,47.38,94.75
B00738,548,3.74,0.59,20.1,49.9,44.75,87.83
B00739,1844,4.19,2.61,31.8,108.0,31.2,63.13
B00740,718,3.39,3.7,33.2,59.6,43.5,83.38
B00741,49,4.13,1.62,47.1,35.2,48.99,95.55
B00742,1957,3.74,3.63,27.3,112.6,30.01,59.04
B00743,1018,4.01,4.91,28.0,66.8,38.82,80.43
B00744,1354,4.1,0.58,22.0,81.5,35.97,71.51
B00745,33,3.53,1.76,33.1,32.5,50.57,99.96
B00746,903,3.92,4.26,20.3,69.0,40.38,81.39
B00747,1533,3.24,1.27,38.2,94.9,34.72,66.19
B00748,150,3.55,2.77,27.9,31.8,48.19,98.39
B00749,281,3.42,1.1,44.1,37.0,46.27,92.87
B00750,1904,4.12,2.73,38.5,107.4,30.23,58.04
B00751,1327,3.21,3.89,33.8,86.2,35.76,71.05
B00752,1027,3.56,1.47,35.2,69.5,39.79,77.4
B00753,1582,3.48,2.58,39.0,90.2,34.78,65.02
B00754,1979,3.5,1.0,47.2,111.4,30.87,55.34
B00755,691,3.82,3.23,44.7,54.4,42.8,83.35
B00756,1387,3.75,2.78,46.7,82.8,35.71,67.19
B00757,958,4.07,4.57,31.7,70.6,40.57,77.85
B00758,154,3.33,2.75,36.4,34.3,48.01,94.18
B00759,835,4.17,2.01,24.2,67.6,42.34,83.98
B00760,1105,3.21,1.47,32.0,78.8,38.66,78.66
B00761,1149,4.15,2.7,24.3,74.5,37.98,76.75
B00762,421,3.87,3.37,27.0,43.3,46.14,91.34
B00763,867,4.12,3.45,44.7,63.1,40.37,80.35
B00764,1827,3.32,1.93,41.5,98.3,32.69,61.13
B00765,194,3.54,2.52,34.5,34.4,49.04,94.72
B00766,736,3.29,4.47,28.1,55.1,43.34,85.17
B00767,273,3.36,3.8,26.8,40.1,47.84,96.09
B00768,344,3.42,3.78,37.2,41.7,46.63,90.55
B00769,573,3.6,2.08,46.4,53.5,44.65,85.37
B00770,1057,3.29,4.81,38.9,71.8,39.32,77.55
B00771,924,3.86,3.32,21.0,63.4,41.18,81.75
B00772,864,3.55,0.63,34.7,66.3,41.63,81.21
B00773,1963,3.24,4.35,26.0,109.1,30.58,62.14
B00774,1722,3.35,2.17,31.2,102.0,33.34,64.03
B00775,558,3.22,4.72,24.1,49.3,44.64,88.78
B00776,1289,3.55,1.09,39.5,83.2,37.49,73.77
B00777,406,3.38,3.91,26.4,48.9,45.03,89.99
B00778,587,3.69,0.65,37.8,55.9,43.35,87.62
B00779,1545,3.51,1.93,47.9,93.6,33.59,65.64
B00780,1717,3.36,1.31,40.1,97.6,32.69,64.33
B00781,1702,3.26,3.39,24.7,93.8,33.52,67.53
B00782,1477,3.81,3.93,39.8,88.1,34.41,69.58
B00783,1221,3.21,4.11,44.3,75.2,37.87,71.74
B00784,840,3.83,4.49,22.9,59.2,42.28,84.15
B00785,36,3.75,4.35,38.1,29.1,48.75,97.1
B00786,1746,4.05,2.8,40.7,95.7,32.34,62.83
B00787,816,3.72,1.07,32.0,67.2,41.57,81.04
B00788,298,3.66,1.91,42.1,42.5,47.72,91.13
B00789,1412,3.84,1.43,48.6,89.7,35.26,67.4
B00790,1987,4.07,0.73,39.5,112.6,30.55,56.67
B00791,1226,3.41,4.08,38.5,78.1,38.61,74.03
B00792,1974,3.87,4.25,40.5,109.4,29.38,60.02
B00793,212,3.27,2.46,29.7,42.5,47.4,96.76
B00794,134,4.09,3.62,37.7,33.4,49.65,96.72
B00795,1505,4.07,3.79,20.7,89.1,35.16,68.59
B00796,1839,3.89,4.45,26.8,101.7,31.71,62.12
B00797,378,3.8,4.3,47.6,46.3,45.3,89.38
B00798,1368,4.19,3.96,24.1,86.8,36.94,74.2
B00799,680,3.94,2.49,40.9,53.0,43.96,85.35
B00800,1037,3.72,2.86,44.9,66.5,40.41,77.35
B00801,1313,4.02,0.97,33.5,83.1,37.45,70.73
B00802,1806,3.51,3.1,32.8,101.6,31.08,62.13
B00803,1574,3.59,3.71,45.4,89.5,35.15,66.15
B00804,1856,3.34,1.65,34.6,107.3,31.1,60.12
B00805,1206,3.86,1.64,45.7,82.1,37.55,74.0
B00806,524,3.45,0.92,45.9,55.5,45.65,86.47
B00807,1602,4.06,2.65,34.5,95.8,34.7,66.11
B00808,1515,4.04,2.94,38.8,88.1,34.58,67.46
B00809,1017,4.16,0.68,37.9,67.7,39.67,77.41
B00810,810,3.54,4.14,49.1,66.9,42.47,79.85
B00811,1460,3.89,4.33,26.0,93.3,34.54,69.9
B00812,1861,4.04,1.39,35.6,100.1,31.82,62.78
B00813,1735,3.79,4.76,26.8,103.4,32.33,66.81
B00814,1381,4.1,3.33,33.4,89.2,36.12,69.73
B00815,1620,4.02,2.82,43.7,91.3,33.0,65.37
B00816,440,3.85,1.91,23.1,46.1,45.26,91.66
B00817,1042,3.9,3.33,46.9,74.1,39.99,77.47
B00818,155,4.18,4.66,40.5,34.2,47.51,95.09
B00819,1031,3.29,4.0,47.1,67.8,39.36,77.03
B00820,1184,3.27,2.63,45.6,76.4,38.75,74.29
B00821,1199,3.41,4.14,21.7,77.1,37.87,77.29
B00822,606,3.41,2.09,24.3,55.3,44.89,88.11
B00823,1589,3.95,1.69,38.4,97.2,34.6,67.44
B00824,185,3.88,2.95,25.1,40.3,47.7,97.86
B00825,1814,3.87,2.67,29.3,106.4,32.4,64.03
B00826,1264,3.3,0.58,30.6,82.4,37.83,74.71
B00827,698,3.82,0.76,24.1,59.0,42.04,87.15
B00828,1128,3.84,3.91,29.1,70.5,38.44,75.56
B00829,55,3.82,4.12,44.7,29.3,49.91,95.49
B00830,998,3.43,4.2,45.2,71.7,40.52,78.84
B00831,1536,3.48,2.39,23.8,89.0,34.16,69.44
B00832,710,3.41,4.01,33.0,56.2,42.06,83.94
B00833,880,3.54,1.95,31.9,68.8,40.96,79.5
B00834,575,3.89,3.59,36.9,50.3,44.95,86.11
B00835,1005,3.39,4.79,32.7,65.5,40.18,77.12
B00836,331,3.74,1.17,39.5,40.7,46.41,90.73
B00837,67,3.51,4.56,21.6,29.5,50.02,99.59
B00838,554,3.92,1.09,31.9,52.0,43.62,85.97
B00839,997,3.45,4.94,35.6,64.9,39.97,79.54
B00840,1541,4.01,0.73,36.0,87.5,34.79,68.6
B00841,1192,3.51,5.0,48.2,80.0,39.07,71.88
B00842,1635,3.94,1.48,39.0,90.6,34.42,65.28
B00843,1397,3.84,0.87,46.2,81.5,36.11,70.6
B00844,207,3.35,2.81,43.4,40.6,47.34,92.13
B00845,1407,4.08,4.74,26.1,82.9,35.86,70.88
B00846,937,4.07,1.13,35.0,67.1,41.29,79.03
B00847,1984,4.17,3.15,22.7,105.3,29.9,60.05
B00848,1009,3.38,2.06,28.0,65.5,39.47,80.71
B00849,94,3.6,2.97,22.2,38.7,48.71,97.93
B00850,943,3.65,3.73,33.6,71.2,41.46,79.5
B00851,1729,3.71,1.35,46.9,95.7,32.78,62.2
B00852,1330,3.63,0.8,46.1,85.3,36.28,68.46
B00853,841,3.55,4.23,41.8,66.1,41.74,79.68
B00854,1907,3.5,4.83,27.3,109.9,31.61,63.11
B00855,1202,4.16,3.47,24.9,76.1,38.98,77.18
B00856,1334,3.77,3.35,47.8,85.0,37.17,71.36
B00857,956,3.82,2.11,44.5,72.1,40.67,78.69
B00858,1508,3.85,2.07,49.7,89.6,35.72,65.28
B00859,1159,4.15,2.42,49.3,72.2,37.88,72.21
B00860,267,3.5,4.56,28.7,38.7,47.12,95.17
B00861,845,3.25,4.63,39.9,65.2,41.16,79.43
B00862,1787,3.58,0.9,33.3,101.8,32.37,61.99
B00863,1115,3.21,3.72,21.6,77.4,39.06,78.07
B00864,88,3.71,3.29,39.2,37.2,49.2,94.42
B00865,1021,3.52,4.66,35.5,72.4,39.19,79.51
B00866,1327,3.32,2.82,32.5,82.8,36.01,73.4
B00867,81,3.67,2.71,49.6,32.7,48.47,93.97
B00868,1608,3.54,4.27,40.4,95.3,33.32,66.15
B00869,1586,3.88,1.61,42.3,90.2,33.77,67.2
B00870,184,3.95,1.6,29.5,33.3,47.58,96.12
B00871,1254,3.38,1.51,21.7,83.4,38.42,74.52
B00872,1883,3.53,4.51,48.8,105.9,30.87,57.81
B00873,1361,3.35,2.73,27.8,83.6,36.95,73.32
B00874,1646,4.02,4.42,29.3,100.2,33.42,67.85
B00875,773,3.22,1.21,48.0,61.0,42.48,83.02
B00876,1315,3.47,4.6,36.1,86.9,36.5,71.24
B00877,1694,3.65,1.13,42.7,99.9,33.05,65.4
B00878,1103,3.87,3.87,32.0,73.3,38.85,77.28
B00879,775,3.97,4.3,28.5,56.1,41.96,82.85
B00880,465,3.27,4.89,26.8,46.2,44.41,89.7
B00881,90,3.83,0.72,47.1,36.6,49.06,93.7
B00882,1330,4.12,2.18,38.2,83.3,35.78,72.88
B00883,545,3.88,1.89,45.5,51.6,43.57,84.15
B00884,1225,3.23,2.61,33.3,81.6,38.59,74.91
B00885,1487,4.15,2.66,27.3,87.9,36.1,68.48
B00886,320,3.91,1.13,38.7,41.9,47.57,93.42
B00887,1834,3.67,3.66,41.6,104.0,30.68,60.14
B00888,800,3.88,2.21,31.9,59.7,42.71,84.49
B00889,1115,3.95,1.77,49.2,74.0,38.47,73.89
B00890,2000,3.72,2.09,21.6,106.4,30.66,62.51
B00891,610,3.67,4.13,37.1,55.0,43.57,86.02
B00892,1291,3.63,3.54,32.5,85.5,37.05,71.57
B00893,702,3.99,4.12,29.8,53.3,43.06,83.28
B00894,779,3.32,2.42,21.2,59.4,41.61,83.07
B00895,1489,3.85,4.05,42.0,92.1,35.52,68.2
B00896,1393,3.86,2.14,35.0,82.3,35.39,69.89
B00897,294,3.46,0.76,41.2,38.4,47.7,92.33
B00898,1789,3.83,0.88,46.6,104.4,32.86,61.35
B00899,1078,4.04,4.45,44.8,75.8,38.23,75.27
B00900,628,3.6,2.85,43.7,58.5,44.31,84.28
B00901,1732,3.36,3.31,47.9,94.7,32.33,61.29
B00902,1652,4.15,1.35,31.9,100.9,33.24,66.01
B00903,1567,3.91,1.63,32.5,97.5,34.02,68.32
B00904,1952,3.88,2.7,49.4,104.7,30.21,57.99
B00905,1878,3.23,3.42,41.7,105.5,31.43,58.23
B00906,1350,3.21,3.4,21.7,82.8,35.52,73.67
B00907,361,3.89,1.42,25.8,42.8,46.38,91.63
B00908,808,3.35,1.88,31.0,65.6,41.81,83.87
B00909,99,4.05,3.46,37.3,37.2,49.1,96.6
B00910,347,3.74,4.28,44.4,45.9,46.3,88.99
B00911,783,3.84,0.64,47.8,61.5,41.68,79.18
B00912,781,3.39,4.43,20.4,65.0,41.78,84.87
B00913,535,3.99,2.2,45.0,56.4,44.53,86.02
B00914,1842,3.79,3.2,26.1,108.3,31.92,63.64
B00915,1775,3.38,3.31,25.3,101.1,33.24,63.5
B00916,1426,3.72,2.28,30.4,90.9,35.79,70.85
B00917,1574,3.78,4.7,43.1,96.5,33.93,65.6
B00918,848,3.8,2.16,44.3,68.9,42.33,80.37
B00919,1938,3.93,4.79,42.9,103.6,30.68,60.14
B00920,617,3.52,3.36,39.3,50.6,44.46,84.63
B00921,165,3.96,4.9,37.2,34.3,48.81,94.33
B00922,940,3.33,4.9,43.6,71.6,40.88,78.48
B00923,1103,3.57,3.39,34.0,71.4,39.84,78.03
B00924,1729,4.05,4.79,41.4,99.5,32.09,63.69
B00925,1766,3.57,1.46,40.9,102.1,32.48,62.85
B00926,981,3.9,0.71,27.8,68.1,39.3,79.28
B00927,973,3.97,3.63,23.5,66.3,41.12,82.0
B00928,1137,3.99,1.56,21.9,74.1,38.98,76.6
B00929,782,3.71,0.96,30.7,59.9,41.43,84.24
B00930,1232,4.1,2.34,20.1,76.8,37.77,75.77
B00931,1256,3.65,1.27,22.4,78.3,38.19,76.48
B00932,707,3.84,0.9,35.3,59.8,42.08,84.71
B00933,77,4.18,0.99,36.3,30.4,48.77,97.02
B00934,1147,3.97,2.09,39.5,75.5,38.53,75.49
B00935,557,3.78,4.07,37.2,56.0,44.68,85.77
B00936,109,3.78,2.85,47.9,29.9,48.84,92.89
B00937,972,4.15,1.35,45.9,65.7,41.28,79.11
B00938,1102,4.17,2.38,44.0,78.1,39.01,75.8
B00939,1326,3.74,1.76,28.9,78.7,36.5,74.04
B00940,1392,4.03,4.01,27.2,83.8,35.31,71.5
B00941,611,3.59,3.74,47.1,53.3,43.66,84.52
B00942,648,3.44,1.69,44.8,57.0,44.33,83.54
B00943,1427,3.64,4.85,41.6,85.0,35.42,68.49
B00944,1503,3.96,3.13,30.3,89.5,35.27,68.74
B00945,34,3.47,0.85,31.4,33.5,48.95,97.01
B00946,1319,4.09,4.44,48.8,84.0,36.84,71.1
B00947,801,3.8,2.82,36.7,59.3,42.26,83.79
B00948,1757,3.96,2.51,46.3,104.6,33.31,62.87
B00949,550,3.32,1.24,48.7,55.4,43.91,87.05
B00950,887,3.65,2.41,43.0,64.9,42.09,79.94
B00951,1650,3.68,3.17,35.4,96.8,33.87,63.91
B00952,1628,3.2,4.72,37.4,95.9,32.83,66.77
B00953,1076,3.95,4.95,40.4,74.9,38.9,77.37
B00954,610,3.75,2.05,23.8,59.0,42.99,86.65
B00955,1470,3.21,3.21,32.0,89.9,36.06,71.09
B00956,1514,3.68,4.69,26.5,94.4,34.11,70.0
B00957,301,3.97,4.41,31.9,37.6,46.46,92.45
B00958,391,3.98,0.98,20.8,47.0,47.08,92.16
B00959,804,3.23,2.62,30.3,61.5,42.46,82.18
B00960,435,3.87,4.06,25.1,44.9,45.48,93.16
B00961,1959,3.21,4.07,24.7,111.7,30.37,60.74
B00962,101,3.3,4.64,49.7,29.5,49.53,93.23
B00963,679,3.66,4.93,25.6,60.8,43.45,87.02
B00964,1844,3.45,2.76,29.7,99.6,31.82,63.96
B00965,1381,3.8,4.07,31.5,86.3,35.89,72.04
B00966,1855,3.46,1.8,47.1,109.0,30.72,60.79
B00967,1298,3.25,1.21,27.1,78.4,37.0,71.87
B00968,1584,3.52,3.64,38.7,92.7,33.8,67.88
B00969,1287,3.64,3.7,34.6,76.9,37.3,74.5
B00970,379,4.09,4.7,28.3,42.6,46.64,92.2
B00971,702,3.77,4.19,47.4,60.4,43.74,82.98
B00972,1401,3.48,0.76,32.1,88.8,36.43,70.25
B00973,1441,4.09,3.76,45.5,91.9,36.15,66.87
B00974,1271,3.4,1.27,35.7,77.6,37.75,72.76
B00975,1187,3.94,4.35,34.0,75.7,37.68,76.07
B00976,366,3.96,1.5,33.6,49.1,45.51,92.93
B00977,1560,3.99,2.39,29.3,96.4,34.27,67.43
B00978,1402,4.02,2.59,49.7,82.4,35.09,70.2
B00979,1453,3.57,0.63,39.1,87.8,36.42,66.96
B00980,436,3.96,4.41,43.4,52.1,45.38,88.6
B00981,1134,4.05,3.94,30.7,77.8,39.23,78.07
B00982,622,4.08,3.94,45.2,59.8,43.29,84.79
B00983,548,3.7,2.16,25.8,50.7,43.61,90.56
B00984,363,4.08,1.64,21.5,42.7,45.47,92.09
B00985,551,3.26,4.34,25.3,47.4,43.97,87.42
B00986,170,3.75,0.81,20.2,34.0,48.03,96.72
B00987,1456,4.17,4.66,48.7,91.7,35.3,68.04
B00988,290,3.97,3.22,45.0,41.0,47.08,91.91
B00989,1949,3.89,3.05,31.1,112.1,31.17,58.98
B00990,1743,4.18,1.76,22.7,97.2,31.62,65.35
B00991,1701,3.37,1.23,35.8,97.5,33.84,63.48
B00992,768,3.39,1.69,49.3,56.8,42.39,81.97
B00993,1041,3.4,3.06,40.2,68.6,40.11,78.2
B00994,1778,3.38,2.89,46.4,105.1,31.93,63.19
B00995,177,3.73,1.63,37.3,37.9,49.1,92.79
B00996,1175,3.55,3.53,36.7,81.1,38.0,73.12
B00997,244,4.14,2.13,21.4,37.4,47.84,97.52
B00998,9,4.16,3.4,31.5,30.4,50.33,100.0
B00999,803,3.21,4.84,23.0,63.8,42.41,84.71
B01000,1395,3.6,3.88,26.1,88.8,35.59,73.59
B01001,1205,3.22,3.86,47.8,81.6,38.61,73.28
B01002,1192,3.65,1.56,49.7,77.8,37.92,73.59
B01003,1175,3.45,1.81,26.2,76.7,38.11,75.29
B01004,1383,4.15,0.85,26.8,81.8,36.38,72.09
B01005,50,3.69,3.02,45.9,35.9,48.52,97.64
B01006,879,3.73,3.65,26.8,65.5,41.53,84.07
B01007,1935,3.46,1.78,31.4,110.0,31.35,59.46
B01008,74,3.65,4.67,26.7,36.7,49.78,97.18
B01009,1605,3.81,1.76,24.2,93.2,33.42,68.74
B01010,396,4.09,2.93,36.5,45.5,45.24,89.51
B01011,1898,3.5,1.62,45.7,110.4,30.54,57.16
B01012,1819,3.5,0.71,43.1,104.6,32.28,62.0
B01013,1102,3.21,3.36,35.2,73.0,38.94,77.67
B01014,1489,3.75,2.01,26.3,88.5,34.13,69.64
B01015,1238,3.84,2.66,42.0,77.6,38.3,73.17
B01016,1734,3.55,1.14,23.1,103.9,32.12,66.08
B01017,1386,3.43,3.05,28.8,87.5,36.58,69.82
B01018,406,3.7,3.97,45.0,46.4,46.32,87.7
B01019,1003,3.93,2.65,39.7,72.7,39.46,76.55
B01020,1397,3.75,4.72,38.7,90.4,36.01,69.51
B01021,1718,3.28,4.22,39.0,101.8,33.13,63.26
B01022,753,3.41,0.83,41.4,64.7,41.65,84.34
B01023,1792,4.09,2.13,38.7,100.7,32.41,61.48
B01024,619,4.07,4.82,24.0,56.6,43.04,88.23
B01025,1823,3.22,2.53,41.0,99.7,32.72,59.34
B01026,1931,3.73,1.02,21.7,104.5,31.3,60.08
B01027,533,3.76,4.1,29.5,53.0,44.54,87.92
B01028,1604,4.07,3.89,25.4,89.7,34.73,66.66
B01029,1780,3.46,1.27,43.3,96.7,32.22,60.94
B01030,993,3.36,3.33,24.5,68.6,39.41,81.47
B01031,1683,3.7,2.06,28.2,92.7,33.93,66.71
B01032,266,3.45,2.28,43.0,38.7,48.32,93.02
B01033,1644,3.33,2.18,37.9,97.9,34.26,65.17
B01034,1546,4.13,4.7,46.5,93.5,34.17,65.54
B01035,552,4.17,4.74,22.5,55.7,43.77,89.38
B01036,327,3.49,3.69,47.7,45.4,46.15,90.47
B01037,611,3.67,4.52,47.7,55.7,44.49,83.18
B01038,1887,3.29,2.83,45.1,104.3,31.93,59.61
B01039,1839,3.53,2.85,33.8,106.9,31.09,61.82
B01040,1256,3.88,4.0,42.8,78.2,38.22,73.71
B01041,1070,3.64,3.88,36.6,69.8,38.33,75.98
B01042,1240,3.34,1.84,39.1,76.5,38.05,74.41
B01043,941,3.97,1.42,20.1,68.1,39.78,82.5
B01044,272,3.74,0.57,36.1,45.2,47.75,91.04
B01045,1774,3.34,2.36,42.9,99.5,31.71,61.82
B01046,760,3.78,4.22,22.9,59.2,41.98,84.73
B01047,867,3.75,4.03,28.8,68.7,40.59,83.81
B01048,1753,4.09,2.61,42.2,99.1,32.07,62.1
B01049,886,3.61,1.25,43.5,68.1,41.36,78.81
B01050,145,4.02,3.78,39.5,39.7,48.71,95.27
B01051,229,3.75,1.02,41.5,43.1,47.71,92.93
B01052,1027,3.26,1.57,29.9,74.5,39.09,78.18
B01053,822,3.85,2.43,42.2,59.9,41.57,80.94
B01054,240,3.41,0.54,34.8,38.2,47.34,93.12
B01055,189,3.23,4.51,34.9,37.9,48.54,94.11
B01056,159,3.39,3.36,26.6,40.1,48.21,97.66
B01057,191,3.44,3.06,33.5,38.5,47.97,95.11
B01058,1287,3.84,2.11,39.8,86.4,37.8,72.21
B01059,1529,3.57,4.26,34.7,88.0,34.23,69.87
B01060,1278,3.31,3.22,30.8,82.5,36.71,73.8
B01061,1426,4.01,4.77,33.3,88.2,34.77,71.5
B01062,880,3.65,4.64,22.5,66.3,41.96,81.97
B01063,1534,4.17,1.87,43.6,94.4,34.11,65.39
B01064,1248,3.41,3.37,37.6,79.2,38.29,71.71
B01065,467,4.13,3.57,25.2,50.4,45.71,90.23
B01066,1365,3.33,1.7,24.1,88.2,36.06,71.5
B01067,1763,4.12,2.75,32.1,95.6,32.42,62.34
B01068,1060,3.24,1.52,28.5,76.9,39.34,79.31
B01069,122,3.37,4.36,29.0,35.8,49.61,98.66
B01070,1099,3.35,1.88,43.4,72.3,38.44,77.15
B01071,1824,3.32,1.82,31.4,103.8,31.19,62.7
B01072,982,4.19,1.51,38.5,67.0,40.61,77.45
B01073,1640,3.49,2.15,45.8,91.0,33.81,63.44
B01074,1231,4.17,3.71,25.8,74.4,38.45,75.7
B01075,1765,3.35,1.33,20.9,105.3,32.24,63.72
B01076,1579,4.17,4.2,26.6,92.7,33.35,67.79
B01077,492,3.22,0.83,39.2,52.7,44.31,90.0
B01078,779,3.54,1.91,21.7,64.1,41.36,84.7
B01079,218,4.05,2.4,23.7,37.8,48.23,95.57
B01080,1945,3.43,4.05,40.6,105.7,30.63,58.64
B01081,616,3.69,4.38,37.8,58.5,43.04,85.42
B01082,149,3.98,3.89,23.6,33.5,48.25,98.28
B01083,1522,3.57,0.96,42.8,90.9,35.55,68.88
B01084,1967,3.71,4.39,26.8,104.2,30.71,60.35
B01085,1175,3.29,3.59,24.9,75.8,37.54,77.4
B01086,1836,3.7,0.76,34.3,108.4,32.07,62.28
B01087,504,3.57,2.21,27.4,51.7,45.13,87.57
B01088,1620,3.4,4.12,27.9,92.8,34.25,68.26
B01089,1580,3.73,1.35,33.6,93.4,34.67,67.63
B01090,1187,3.22,3.57,22.7,75.7,37.75,78.02
B01091,1039,3.82,4.66,33.0,75.4,40.51,76.08
B01092,394,3.61,4.1,35.0,49.0,46.2,89.8
B01093,1676,3.87,1.94,47.1,96.9,32.65,62.74
B01094,1988,3.7,1.03,40.5,112.8,31.04,58.96
B01095,356,3.99,3.46,44.6,40.1,45.89,88.13
B01096,229,3.78,4.63,39.3,44.1,47.64,94.57
B01097,414,4.18,3.1,27.2,44.0,46.55,91.98
B01098,414,3.59,2.24,42.7,49.1,45.39,88.0
B01099,909,3.3,1.75,36.8,65.2,40.95,78.07
B01100,303,4.06,0.83,48.3,37.4,46.08,91.59
B01101,1476,3.3,3.04,45.3,84.1,36.03,65.75
B01102,256,3.81,1.44,23.3,43.9,47.63,93.29
B01103,15,3.48,4.76,33.1,33.4,48.88,97.5
B01104,895,3.28,4.19,44.7,63.8,40.54,78.94
B01105,1725,3.93,2.24,35.7,101.6,33.62,62.29
B01106,943,3.49,2.66,24.6,64.6,41.06,82.23
B01107,1118,3.49,1.85,42.3,71.7,38.83,75.46
B01108,427,3.88,1.65,45.2,51.1,45.56,87.22
B01109,1840,3.86,4.42,45.1,107.7,31.99,60.75
B01110,278,3.47,4.81,31.2,41.1,46.96,91.75
B01111,1667,3.44,2.67,31.9,97.2,33.83,63.98
B01112,763,3.21,4.52,30.3,61.5,42.39,83.28
B01113,405,3.29,3.03,45.9,49.4,46.58,89.01
B01114,63,3.43,0.55,47.9,36.1,48.77,93.47
B01115,1956,3.63,3.2,21.3,105.7,31.19,60.78
B01116,1493,3.23,1.61,41.2,91.2,35.12,67.06
B01117,1199,4.04,0.63,23.3,75.9,38.69,77.09
B01118,885,3.67,1.71,45.1,67.4,41.22,77.68
B01119,155,3.63,2.63,23.8,31.5,48.54,99.03
B01120,663,4.12,1.74,29.1,61.2,42.56,85.13
B01121,1688,3.94,2.44,37.3,94.4,33.0,64.43
B01122,38,3.47,2.74,46.2,31.4,48.85,95.94
B01123,1077,3.52,4.71,34.4,75.5,38.71,75.97
B01124,1708,4.04,2.65,40.3,102.4,33.54,63.64
B01125,1044,3.75,2.28,44.8,67.1,39.81,76.04
B01126,624,4.01,4.52,45.8,54.3,42.96,84.9
B01127,1740,3.53,0.77,23.6,100.2,31.64,65.27
B01128,62,3.76,2.48,22.5,35.6,50.13,97.65
B01129,1437,3.97,1.29,27.4,88.8,35.12,69.79
B01130,269,3.94,2.07,20.6,37.8,47.54,95.69
B01131,1168,3.26,2.22,27.0,74.1,38.89,74.89
B01132,1400,3.94,1.66,49.3,90.6,36.99,67.48
B01133,1789,3.61,0.73,40.0,100.2,32.78,63.28
B01134,1352,3.22,2.56,31.3,80.6,36.7,70.37
B01135,1915,4.12,0.94,22.3,102.2,31.08,62.4
B01136,611,4.01,4.55,41.4,59.2,44.21,86.75
B01137,1005,3.22,1.07,20.2,73.5,39.31,81.86
B01138,1178,3.21,3.11,39.9,75.1,38.5,75.38
B01139,1095,4.06,0.64,33.6,73.8,38.25,77.5
B01140,1031,3.65,3.33,36.5,73.5,39.58,77.36
B01141,772,3.99,4.59,44.1,58.3,42.13,81.27
B01142,136,4.06,1.93,36.9,30.5,48.26,95.13
B01143,1244,3.64,1.76,33.2,75.9,37.25,75.3
B01144,461,4.11,0.93,24.0,48.9,45.69,92.73
B01145,97,3.94,3.07,20.9,37.6,48.83,98.43
B01146,1417,3.23,3.81,24.1,88.7,36.03,71.29
B01147,1775,3.57,1.02,42.9,96.0,31.61,61.35
B01148,797,3.74,4.96,25.5,66.4,42.1,85.08
B01149,192,3.56,1.85,27.7,38.1,47.35,96.95
B01150,809,3.65,3.11,49.3,63.8,41.8,79.46
B01151,554,3.9,3.94,37.4,51.0,44.57,85.25
B01152,600,3.6,4.63,25.1,52.8,44.22,88.29
B01153,857,3.32,1.32,30.7,60.1,41.13,81.48
B01154,673,3.3,4.77,41.0,61.6,43.11,83.43
B01155,1347,4.11,2.86,48.0,82.2,36.02,69.2
B01156,1013,3.9,3.16,27.3,72.9,39.96,80.82
B01157,375,3.92,1.66,25.0,41.2,46.06,93.7
B01158,332,3.89,4.55,48.4,47.0,47.29,90.76
B01159,1661,4.19,4.29,42.5,100.1,33.67,65.99
B01160,679,4.14,3.74,32.1,55.1,42.9,83.86
B01161,1476,3.8,3.88,47.5,87.9,36.18,65.67
B01162,1062,3.32,2.41,32.7,71.0,40.34,76.61
B01163,547,3.63,2.01,43.6,56.5,45.14,87.49
B01164,1574,4.05,1.73,42.8,89.7,35.17,64.01
B01165,1290,3.94,1.22,29.9,83.9,37.96,72.88
B01166,1046,3.66,1.72,47.2,71.9,39.05,76.37
B01167,829,3.98,1.81,43.8,62.5,42.61,81.76
B01168,1658,3.75,3.52,36.3,94.5,34.35,65.38
B01169,1700,3.96,3.39,23.9,93.0,32.2,64.62
B01170,1514,4.13,0.56,27.3,95.3,35.84,68.78
B01171,1550,4.11,3.22,25.3,88.5,33.61,68.46
B01172,434,3.84,1.25,38.7,43.0,45.12,91.1
B01173,1552,4.14,2.38,37.9,89.3,34.26,65.67
B01174,1283,4.17,3.55,38.9,85.1,36.21,72.51
B01175,248,4.14,3.29,23.7,41.9,47.39,93.72
B01176,1052,3.34,2.64,47.3,74.2,39.69,73.86
B01177,177,3.71,4.67,26.4,36.9,48.27,94.7
B01178,1599,3.44,1.83,34.5,91.4,33.55,67.8
B01179,634,3.41,4.08,27.0,60.0,42.7,88.19
B01180,1636,3.27,3.97,45.1,96.1,32.71,64.86
B01181,1993,3.74,3.71,26.6,104.7,30.83,61.89
B01182,190,3.69,2.62,47.5,37.8,49.03,94.05
B01183,943,3.77,4.78,24.9,65.8,41.25,80.74
B01184,707,3.55,4.53,37.2,55.5,43.69,85.35
B01185,948,3.74,4.12,23.3,67.6,41.29,80.7
B01186,1348,4.2,1.26,40.9,81.3,36.46,72.42
B01187,1500,3.39,3.33,31.5,92.6,35.14,69.28
B01188,22,3.26,2.14,46.3,35.0,49.04,94.85
B01189,1680,3.51,2.85,23.3,102.0,33.16,66.56
B01190,1816,4.14,3.56,36.9,101.6,30.92,62.89
B01191,1652,3.3,0.98,35.3,94.0,32.97,65.63
B01192,1936,3.21,4.79,26.6,105.7,31.29,60.89
B01193,1782,4.03,4.85,36.4,100.1,31.53,63.39
B01194,288,4.16,1.06,30.7,41.4,48.09,92.75
B01195,1308,3.75,4.14,31.9,82.7,37.13,72.16
B01196,835,4.18,3.96,37.9,64.6,40.74,81.53
B01197,108,4.06,2.52,30.5,35.8,48.72,98.43
B01198,1300,3.24,2.81,27.9,80.9,36.05,72.89
B01199,101,4.04,3.49,33.2,35.5,49.91,97.76
B01200,1368,4.2,0.91,34.2,79.9,36.6,71.8
B01201,197,3.72,1.94,24.4,36.3,48.67,97.13
B01202,1849,3.31,4.99,21.0,101.6,30.94,62.26
B01203,370,3.68,1.85,22.4,41.9,45.67,92.66
B01204,1048,3.69,0.63,32.0,67.4,39.62,79.41
B01205,976,3.98,1.05,28.7,70.8,40.15,79.32
B01206,1641,3.72,2.34,37.5,98.3,33.83,66.26
B01207,1417,3.43,4.16,21.4,85.2,36.29,70.26
B01208,240,3.66,0.66,26.1,39.7,47.29,96.04
B01209,406,3.81,3.1,47.0,43.3,46.91,90.42
B01210,581,3.65,4.7,47.0,55.3,43.64,86.77
B01211,314,3.78,1.48,43.1,47.5,46.83,90.57
B01212,1911,4.07,2.01,23.4,103.2,30.75,60.27
B01213,1507,4.18,4.88,37.8,85.3,35.05,67.91
B01214,1009,3.41,4.57,27.3,68.5,39.26,78.48
B01215,1634,3.31,3.62,45.6,99.9,33.39,63.03
B01216,499,3.73,1.85,22.8,48.1,44.33,89.92
B01217,452,3.93,2.79,26.0,49.3,44.78,91.68
B01218,985,3.72,2.22,27.1,69.4,40.07,78.16
B01219,1611,3.59,2.75,32.9,97.9,33.39,67.37
B01220,495,4.09,4.14,44.1,54.4,44.5,88.74
B01221,867,3.55,3.19,39.4,68.4,41.08,80.02
B01222,1392,4.06,3.34,30.3,81.8,36.43,73.11
B01223,1491,3.73,3.13,30.2,93.7,35.81,68.38
B01224,1432,3.43,0.62,40.7,89.0,34.73,68.58
B01225,1169,3.84,4.57,45.2,74.6,38.37,73.66
B01226,795,3.75,3.16,32.3,61.8,42.73,84.05
B01227,477,4.12,2.91,38.6,48.3,44.56,88.56
B01228,1740,3.5,0.55,23.8,97.5,33.24,65.6
B01229,423,3.94,3.54,43.3,50.2,44.99,88.35
B01230,622,3.28,1.98,45.8,50.4,44.47,85.33
B01231,1652,3.25,4.77,41.2,92.7,32.88,64.08
B01232,60,3.24,4.53,27.1,36.0,50.08,99.79
B01233,1898,3.89,2.68,28.6,105.4,31.27,62.28
B01234,1481,3.94,1.09,37.0,85.0,36.09,69.36
B01235,229,3.3,1.72,38.0,41.9,47.89,93.43
B01236,554,3.38,3.99,34.0,48.6,45.1,86.68
B01237,1925,3.74,1.87,27.4,106.2,30.32,63.04
B01238,1998,3.97,2.96,35.0,113.9,29.52,56.59
B01239,1890,4.15,3.84,39.1,108.3,31.57,58.37
B01240,604,3.22,0.83,32.8,56.0,43.43,86.84
B01241,168,3.99,0.91,48.2,41.2,47.59,93.29
B01242,180,3.96,0.94,30.1,40.8,47.69,97.36
B01243,1044,3.73,3.32,26.0,76.3,40.11,79.67
B01244,1120,3.66,1.13,40.4,76.0,39.43,73.56
B01245,173,3.77,4.06,41.5,40.0,49.03,95.61
B01246,905,3.51,1.31,42.1,70.8,41.31,78.74
B01247,1972,4.03,0.84,22.8,107.8,29.84,59.75
B01248,802,3.95,1.03,43.1,64.8,42.82,82.93
B01249,768,4.13,2.84,29.1,65.3,43.22,83.05
B01250,807,3.77,1.57,30.7,61.6,42.14,81.14
B01251,1028,3.46,1.91,33.3,75.8,39.09,76.26
B01252,267,3.22,1.74,21.5,44.6,47.08,94.7
B01253,625,3.21,4.28,33.1,54.9,44.52,86.36
B01254,1406,3.53,2.57,31.6,87.8,35.59,69.4
B01255,100,4.16,1.36,48.8,34.7,48.7,94.2
B01256,133,4.18,2.87,23.3,34.4,47.72,96.73
B01257,429,3.36,1.82,48.4,42.7,45.18,87.95
B01258,1234,4.0,3.1,25.7,79.6,38.07,75.32
B01259,1511,3.93,3.0,37.2,92.8,33.92,68.49
B01260,1349,4.04,0.56,26.4,85.2,36.1,70.84
B01261,1734,3.9,2.07,20.8,96.3,33.42,65.36
B01262,967,3.44,2.3,21.4,66.1,39.96,80.55
B01263,1517,3.25,4.48,39.8,87.9,34.81,68.64
B01264,159,3.51,4.39,21.7,40.7,48.67,97.77
B01265,1425,4.14,1.25,25.4,88.5,34.77,73.18
B01266,1268,3.78,3.27,34.0,80.0,37.29,71.68
B01267,129,4.19,1.58,24.9,31.6,48.73,97.57
B01268,1078,3.41,2.15,37.4,68.6,38.7,75.06
B01269,329,3.56,0.79,47.4,40.9,46.42,89.78
B01270,620,3.41,1.49,20.1,52.1,44.31,86.36
B01271,1103,3.93,2.91,28.4,78.4,39.61,76.58
B01272,1393,3.71,2.22,29.5,81.0,36.73,72.68
B01273,1238,3.48,1.17,39.4,76.2,37.95,72.72
B01274,246,3.32,1.29,25.0,41.7,48.39,93.35
B01275,1382,3.95,1.53,30.2,87.9,35.58,71.5
B01276,1705,4.16,0.57,21.3,93.3,32.25,65.82
B01277,1563,4.12,2.83,44.5,89.6,34.2,64.61
B01278,1165,3.87,1.31,34.5,78.9,39.27,73.87
B01279,548,3.35,0.78,30.3,52.7,45.3,89.98
B01280,87,3.74,2.41,29.5,29.4,48.28,98.69
B01281,214,3.47,2.17,21.7,41.2,48.03,94.94
B01282,809,3.77,3.51,28.0,58.9,41.32,85.08
B01283,340,3.86,0.73,39.9,45.9,47.55,89.31
B01284,1910,3.38,4.34,35.3,108.3,31.09,61.91
B01285,1716,3.55,4.76,33.1,101.3,32.51,63.04
B01286,672,3.45,0.86,24.3,60.3,42.38,86.63
B01287,1920,4.13,3.13,41.4,104.3,31.77,59.27
B01288,1637,3.61,2.01,34.2,98.0,34.13,65.04
B01289,771,4.0,3.41,46.1,58.4,42.22,82.26
B01290,1675,4.06,2.34,21.0,92.2,34.0,65.44
B01291,701,4.11,2.91,47.9,55.0,43.07,81.22
B01292,1320,3.82,0.84,26.0,84.4,36.55,72.41
B01293,968,3.52,1.33,31.7,64.1,40.83,81.09
B01294,1057,3.85,4.49,26.6,69.0,38.96,78.65
B01295,460,3.68,2.92,27.7,45.7,45.47,91.22
B01296,293,3.45,4.34,31.7,44.4,47.33,91.85
B01297,1599,3.87,3.98,30.4,97.7,34.13,68.18
B01298,1834,3.92,3.17,31.8,106.7,32.02,62.12
B01299,1815,3.33,0.65,33.9,106.1,31.1,61.36
B01300,1873,3.96,4.9,47.6,107.1,31.94,60.98
B01301,1045,3.77,2.51,20.2,68.8,40.12,80.55
B01302,860,3.69,0.97,45.9,64.6,41.41,78.05
B01303,686,3.69,2.45,41.2,56.6,43.3,85.77
B01304,1428,3.59,2.72,35.5,91.6,35.37,68.26
B01305,1748,3.4,2.4,46.2,101.6,33.25,63.31
B01306,666,3.7,4.88,49.8,55.8,43.77,81.69
B01307,1283,3.98,0.95,34.0,77.2,36.2,73.48
B01308,1246,3.33,2.03,32.4,81.8,37.45,72.44
B01309,597,3.53,0.93,43.3,49.8,44.31,86.67
B01310,52,3.83,2.2,44.1,36.3,48.85,96.52
B01311,177,3.77,1.57,25.2,38.7,47.63,97.47
B01312,1502,3.61,2.08,38.2,95.1,35.46,68.8
B01313,1605,4.06,2.91,40.8,91.2,33.22,64.49
B01314,499,3.53,3.03,31.0,52.4,45.19,89.52
B01315,1317,3.74,3.91,36.9,81.8,36.28,72.17
B01316,101,3.82,4.77,36.0,31.8,48.03,94.71
B01317,1084,4.1,1.11,49.2,70.1,39.16,75.99
B01318,586,3.7,2.59,49.9,56.7,45.0,85.57
B01319,269,3.42,3.31,41.7,39.1,47.97,92.83
B01320,237,3.83,4.12,41.8,35.8,48.07,94.36
B01321,1406,3.29,0.84,21.7,82.0,36.25,73.66
B01322,248,3.58,4.04,40.9,42.6,46.86,94.23
B01323,868,3.81,1.83,47.1,69.0,41.53,80.49
B01324,1583,3.64,1.85,37.5,95.5,34.63,66.56
B01325,158,3.85,1.71,35.2,37.5,47.97,93.99
B01326,726,3.65,2.82,26.6,57.9,42.16,84.53
B01327,517,4.15,2.42,40.7,53.2,45.22,88.11
B01328,33,3.42,0.73,34.0,27.7,50.28,98.6
B01329,1042,3.77,1.05,32.6,68.3,40.13,77.44
B01330,428,3.86,1.72,39.0,43.0,46.1,90.34
B01331,146,3.3,0.53,38.8,34.9,49.32,93.06
B01332,358,3.64,0.72,37.0,48.2,47.29,92.21
B01333,386,4.07,1.09,33.0,42.7,46.11,89.33
B01334,1088,4.05,4.84,32.9,74.2,38.7,76.24
B01335,1079,3.44,3.7,24.9,73.7,38.78,78.37
B01336,912,3.26,2.84,27.6,70.3,41.13,81.49
B01337,1852,3.63,3.51,35.1,101.4,31.64,62.7
B01338,492,3.74,0.64,43.0,51.6,45.57,86.21
B01339,1283,3.87,1.95,34.2,82.8,38.15,74.02
B01340,293,3.97,2.49,49.9,44.4,46.07,89.19
B01341,1536,3.96,0.95,21.0,95.1,35.4,68.41
B01342,540,3.83,3.06,29.4,50.9,44.69,90.41
B01343,1658,3.69,0.52,43.7,99.2,33.6,64.87
B01344,176,3.49,3.3,39.8,39.0,47.67,94.9
B01345,1581,3.41,1.0,42.7,93.6,33.28,63.76
B01346,1032,3.93,4.98,29.4,74.2,38.73,80.14
B01347,650,3.8,1.19,30.3,54.1,43.84,86.17
B01348,788,3.52,2.23,31.4,64.2,41.71,83.39
B01349,1081,3.37,3.63,34.8,70.2,38.65,76.91
B01350,49,4.05,2.43,26.9,28.7,49.31,97.03
B01351,1305,3.94,1.84,36.5,85.4,36.99,73.53
B01352,1552,3.54,0.82,30.5,87.7,34.02,69.7
B01353,1092,3.77,3.74,23.1,74.2,39.8,79.39
B01354,1679,3.65,2.27,42.8,96.2,33.36,62.28
B01355,1210,3.46,2.81,35.5,73.9,37.17,74.57
B01356,817,3.96,4.31,32.8,64.8,41.65,83.5
B01357,361,3.97,1.66,40.9,40.2,45.46,91.2
B01358,347,3.53,2.99,47.7,40.7,47.08,89.9
B01359,37,3.24,3.75,29.0,30.4,49.85,96.88
B01360,718,4.04,3.7,36.7,54.9,42.82,85.15
B01361,720,3.63,4.9,35.6,55.0,42.87,82.03
B01362,1859,3.66,1.01,49.9,107.9,32.26,59.65
B01363,1557,3.96,3.69,48.4,87.9,34.04,64.28
B01364,1883,3.54,1.62,27.2,103.0,30.35,63.99
B01365,1525,3.38,2.36,39.8,89.0,35.61,69.11
B01366,209,4.17,3.69,25.7,41.7,47.02,96.74
B01367,376,3.77,0.7,40.6,41.8,45.64,90.34
B01368,316,3.8,4.73,22.7,44.3,46.99,94.23
B01369,1928,3.42,2.16,23.7,102.6,31.2,63.39
B01370,290,3.52,1.37,45.6,38.0,46.36,92.52
B01371,858,3.52,3.12,35.1,63.6,40.74,83.14
B01372,700,4.03,3.86,25.5,61.2,43.65,84.32
B01373,1041,4.08,2.2,42.6,72.6,39.26,77.24
B01374,1709,3.71,2.19,38.7,95.0,33.74,65.39
B01375,611,3.28,4.33,25.2,53.3,44.04,88.9
B01376,1475,4.11,3.97,38.9,86.4,34.77,70.08
B01377,604,3.88,4.78,22.2,55.6,43.1,89.76
B01378,928,3.4,3.12,43.9,67.7,41.21,78.16
B01379,987,3.95,0.78,39.4,68.5,39.18,78.57
B01380,1911,3.25,1.38,49.4,110.3,30.27,57.24
B01381,682,3.21,3.28,35.0,58.5,43.48,85.47
B01382,589,3.7,2.65,40.9,55.2,44.98,84.95
B01383,1914,3.27,1.55,23.4,107.6,30.74,63.69
B01384,1992,3.65,3.96,30.8,109.2,29.99,60.07
B01385,1957,3.26,3.78,36.4,111.0,30.57,60.35
B01386,1337,3.51,3.95,39.3,83.8,37.52,71.83
B01387,896,3.74,3.6,26.1,63.1,42.0,83.25
B01388,128,3.81,3.44,26.9,39.8,48.7,95.86
B01389,1564,3.3,3.71,35.3,93.7,35.08,66.28
B01390,1621,4.1,3.79,26.1,94.9,32.8,67.91
B01391,1835,3.73,2.53,33.9,104.1,32.39,62.65
B01392,626,3.35,0.56,45.6,52.0,43.55,84.52
B01393,1370,3.44,1.99,26.6,89.2,37.23,73.11
B01394,75,3.54,2.25,38.7,35.4,49.57,95.21
B01395,1489,4.02,4.65,24.6,85.5,34.24,71.82
B01396,1950,3.7,0.85,32.8,107.7,31.16,58.67
B01397,302,3.43,4.3,34.8,44.5,47.07,90.79
B01398,1839,3.79,0.61,29.0,107.4,31.49,64.28
B01399,1590,3.37,4.61,21.6,92.9,34.14,68.32
B01400,425,4.15,4.06,27.3,51.0,46.33,92.76
B01401,1460,3.28,1.24,29.8,92.3,36.17,69.03
B01402,859,3.32,4.32,24.4,67.2,42.36,81.25
B01403,1587,4.17,4.63,24.8,97.1,33.57,67.7
B01404,863,3.51,1.53,28.8,68.5,40.76,82.42
B01405,278,3.38,2.44,20.6,38.8,46.39,93.81
B01406,735,4.02,3.8,42.2,62.9,42.79,82.9
B01407,1307,3.77,1.1,22.5,86.9,37.08,75.52
B01408,228,3.74,1.98,40.5,42.6,47.38,94.18
B01409,298,4.18,3.91,38.6,42.8,47.13,91.81
B01410,96,3.75,2.13,37.5,29.9,49.25,95.69
B01411,603,3.67,3.43,42.2,58.1,44.09,84.4
B01412,539,3.9,3.5,46.6,51.6,44.78,85.47
B01413,567,4.03,1.97,36.0,57.0,44.61,88.23
B01414,662,3.24,3.37,35.7,59.1,43.59,84.17
B01415,255,3.98,3.99,33.7,35.5,46.46,93.7
B01416,550,4.09,4.35,44.1,49.3,44.83,85.39
B01417,818,3.29,4.93,42.9,65.5,41.44,79.44
B01418,1930,3.86,2.7,40.4,106.5,30.67,59.04
B01419,337,3.79,4.9,27.8,47.8,47.51,92.1
B01420,460,3.4,2.98,34.2,46.9,44.93,89.02
B01421,1655,4.03,3.14,40.3,101.0,33.36,64.24
B01422,1383,3.28,3.77,41.2,82.3,35.34,67.99
B01423,1844,3.67,2.64,20.9,101.9,31.45,65.41
B01424,214,3.52,4.0,35.3,42.1,48.49,95.4
B01425,227,3.55,4.69,35.6,37.5,48.11,92.19
B01426,1701,4.04,1.3,46.9,102.6,33.62,62.1
B01427,1126,3.57,4.28,40.4,73.6,39.67,76.3
B01428,1991,4.14,3.3,33.0,107.7,30.36,58.61
B01429,711,3.56,2.54,48.5,57.8,43.03,80.56
B01430,540,4.0,3.85,37.9,54.8,45.34,85.27
B01431,23,3.4,0.95,42.6,31.6,50.01,95.76
B01432,926,3.64,3.04,24.5,63.8,40.08,80.38
B01433,883,3.61,0.74,42.5,62.0,40.44,80.44
B01434,991,3.89,1.58,20.5,65.8,39.1,79.0
B01435,1754,3.46,3.9,34.5,97.0,31.94,64.14
B01436,1817,4.13,1.04,28.6,105.7,31.19,64.62
B01437,177,3.72,4.75,32.8,33.8,47.81,93.51
B01438,220,4.08,1.8,22.5,41.0,47.55,94.23
B01439,861,3.74,4.69,44.4,61.7,40.63,81.6
B01440,1905,3.57,3.82,24.0,108.4,31.05,61.95
B01441,1178,3.94,2.55,24.4,75.0,37.35,77.91
B01442,86,3.81,1.06,25.4,29.1,49.11,96.34
B01443,1032,4.1,1.55,20.4,73.9,39.58,80.74
B01444,1576,4.1,3.49,22.6,95.9,33.38,70.77
B01445,242,3.41,1.84,26.3,34.9,47.21,93.03
B01446,14,3.87,3.61,32.9,28.1,50.37,98.9
B01447,649,4.17,2.95,34.7,58.1,44.03,86.99
B01448,44,4.19,0.62,20.8,33.5,48.83,98.74
B01449,1792,4.07,3.79,23.8,105.6,32.11,63.79
B01450,1136,3.25,4.94,28.4,79.7,38.55,75.93
B01451,547,3.84,2.14,46.4,56.5,44.31,85.73
B01452,437,3.55,3.28,47.3,47.0,46.3,89.35
B01453,1584,3.95,1.56,48.1,94.7,33.24,63.9
B01454,1374,3.77,2.49,32.9,89.0,37.24,71.05
B01455,433,4.01,3.74,30.1,47.8,46.62,90.08
B01456,1432,3.97,2.5,29.0,83.2,36.6,71.92
B01457,1521,3.76,3.4,28.4,86.2,34.28,67.76
B01458,58,3.77,4.35,30.1,30.3,48.88,98.24
B01459,554,3.36,2.36,48.0,48.6,44.21,85.63
B01460,1145,3.5,4.76,24.7,77.3,38.98,76.31
B01461,974,4.2,3.19,49.2,69.1,40.68,75.13
B01462,1857,3.62,3.11,43.9,99.9,32.36,59.88
B01463,901,4.19,2.67,47.2,61.7,41.4,77.34
B01464,734,4.03,4.69,25.3,56.4,43.23,85.65
B01465,1986,3.81,3.45,46.6,105.0,30.73,56.16
B01466,1430,3.46,2.44,25.2,84.5,35.71,72.76
B01467,573,3.8,0.67,28.3,53.7,43.36,86.74
B01468,1526,4.19,1.96,22.2,86.9,33.78,69.21
B01469,1412,3.74,2.24,44.5,87.9,35.53,70.33
B01470,42,3.37,4.88,29.9,28.3,48.92,98.52
B01471,1273,3.95,4.49,46.5,82.8,37.82,71.42
B01472,574,4.17,0.59,40.3,54.7,44.52,88.2
B01473,855,4.11,2.87,32.8,59.2,41.37,83.45
B01474,421,3.8,1.65,43.9,45.2,46.07,88.83
B01475,1974,3.34,1.19,25.4,107.3,30.62,62.44
B01476,952,3.2,1.37,31.1,72.8,41.37,81.07
B01477,141,3.8,4.18,42.0,35.2,48.16,96.21
B01478,327,3.62,0.68,23.4,46.7,47.18,94.06
B01479,412,3.37,0.67,46.1,42.0,46.37,89.41
B01480,1974,3.78,4.62,22.7,109.7,31.07,61.64
B01481,1281,4.13,3.44,38.4,81.1,37.37,71.16
B01482,1943,3.56,4.31,46.1,111.4,31.01,57.94
B01483,55,3.7,0.98,20.6,29.3,49.46,98.57
B01484,1300,3.2,0.8,33.2,81.4,37.12,74.32
B01485,1961,3.97,2.53,47.5,104.3,29.82,57.13
B01486,1717,4.19,4.86,42.8,101.7,33.3,62.85
B01487,1986,3.68,4.36,23.1,110.1,29.69,61.99
B01488,1024,3.8,1.38,35.7,72.2,39.29,78.51
B01489,808,3.7,1.92,38.2,58.3,41.63,82.18
B01490,1967,3.94,4.9,40.5,108.7,29.76,57.94
B01491,1417,3.35,1.22,45.8,87.1,36.51,68.68
B01492,127,3.21,2.83,38.5,35.7,48.8,93.82
B01493,2000,3.26,2.39,29.3,114.2,30.04,60.63
B01494,594,3.7,2.22,26.2,49.0,43.42,89.81
B01495,918,3.7,4.27,43.7,70.7,41.52,77.14
B01496,595,3.98,4.37,39.5,50.7,44.69,87.44
B01497,440,3.41,2.11,37.8,47.1,46.19,88.05
B01498,1578,3.26,3.88,37.7,97.8,34.95,68.14
B01499,737,3.72,2.76,43.9,56.9,41.89,83.83
B01500,1289,4.19,3.91,22.2,79.3,37.4,74.79
B01501,847,3.23,0.97,38.1,61.7,41.88,82.81
B01502,130,3.96,0.69,42.3,33.9,48.86,96.75
B01503,870,3.49,2.57,42.2,66.0,41.24,79.64
B01504,981,3.86,4.0,34.9,67.5,39.75,79.86
B01505,480,3.36,2.73,37.4,48.1,45.54,87.86
B01506,1179,4.16,1.84,26.7,77.0,38.13,77.43
B01507,352,3.99,1.73,21.9,48.8,47.06,91.77
B01508,2000,4.14,4.41,36.6,109.1,30.03,57.55
B01509,521,3.45,3.58,41.1,51.2,44.45,87.79
B01510,720,3.77,1.4,21.0,56.4,42.13,86.29
B01511,197,3.31,0.83,44.5,38.9,48.23,92.36
B01512,349,4.08,2.67,35.1,44.1,47.37,93.37
B01513,1131,3.87,3.83,20.2,76.6,38.49,77.63
B01514,1066,4.19,1.7,39.6,71.7,38.98,77.19
B01515,757,3.76,0.84,45.0,58.1,42.28,80.27
B01516,542,4.18,1.66,20.5,54.4,44.97,90.37
B01517,647,3.69,3.52,45.5,57.0,43.01,84.86
B01518,315,3.42,3.08,24.6,47.4,46.92,95.36
B01519,707,3.25,1.88,45.4,60.1,42.92,81.56
B01520,961,3.93,4.28,40.8,69.7,41.15,78.94
B01521,1786,3.71,3.62,23.5,102.8,31.2,63.14
B01522,933,3.8,3.15,25.1,70.1,39.93,82.29
B01523,1188,3.67,4.03,41.1,76.2,38.38,74.36
B01524,1660,3.78,4.37,44.9,98.4,34.03,64.32
B01525,286,3.82,0.84,39.5,44.2,47.44,91.28
B01526,1972,3.54,4.34,38.2,110.0,29.5,57.11
B01527,816,4.12,1.29,44.0,64.5,42.57,80.5
B01528,1708,4.08,1.31,36.3,95.6,33.87,62.31
B01529,48,3.65,4.36,31.6,30.6,50.24,97.69
B01530,130,3.47,4.14,35.2,32.0,49.61,95.23
B01531,1980,3.91,4.01,48.4,111.0,31.07,58.71
B01532,205,4.16,0.93,36.0,40.2,47.24,95.83
B01533,1452,3.53,4.41,29.3,88.9,35.06,71.2
B01534,1717,3.33,4.56,36.7,93.8,32.87,62.19
B01535,62,3.27,4.54,43.2,31.1,49.98,95.21
B01536,462,3.55,2.19,30.5,43.8,44.5,90.84
B01537,1425,3.83,3.41,38.6,82.8,36.37,69.52
B01538,1695,3.64,1.5,36.0,94.5,32.68,64.66
B01539,957,3.51,4.31,44.0,65.2,40.0,76.69
B01540,191,3.48,3.61,33.8,35.7,47.72,95.91
B01541,1724,3.89,2.47,46.7,99.4,31.85,62.0
B01542,1469,3.81,4.71,25.4,87.4,34.44,68.91
B01543,195,3.73,3.47,33.8,35.1,48.74,93.48
B01544,1464,3.59,0.56,28.7,87.5,34.58,69.93
B01545,406,3.53,3.76,41.2,47.1,46.39,90.96
B01546,416,3.78,2.51,43.6,46.4,46.24,87.53
B01547,129,4.18,0.63,42.2,34.7,49.04,93.75
B01548,493,3.62,0.88,28.8,51.2,44.62,87.67
B01549,470,3.95,1.21,43.9,49.3,44.37,89.1
B01550,1619,4.04,4.24,21.9,97.1,33.31,68.75
B01551,642,3.44,2.66,42.0,59.6,42.85,83.71
B01552,48,3.78,4.52,20.8,32.3,50.36,100.0
B01553,1954,3.76,2.68,46.1,108.9,30.21,57.83
B01554,805,3.97,1.33,40.8,62.2,42.48,81.28
B01555,1794,3.28,1.54,32.4,103.1,32.4,62.89
B01556,1972,3.84,4.81,43.1,105.0,30.58,57.65
B01557,867,3.48,2.53,20.7,68.9,41.46,85.18
B01558,101,3.45,3.38,26.4,29.2,49.03,97.31
B01559,1646,3.3,1.01,26.3,91.9,32.93,68.87
B01560,515,3.36,1.35,27.2,51.8,45.37,88.58
B01561,1614,3.96,0.56,39.7,90.0,33.2,63.75
B01562,639,3.95,0.58,29.3,50.8,42.7,86.93
B01563,1751,3.22,1.78,27.8,100.3,32.7,65.59
B01564,1526,3.23,2.86,47.8,92.1,34.58,67.59
B01565,1318,3.39,1.89,31.5,78.9,35.91,71.85
B01566,96,3.7,1.2,26.4,32.6,48.07,98.85
B01567,1404,4.15,3.75,33.9,89.9,35.41,72.25
B01568,101,3.84,2.77,29.8,29.5,48.58,97.81
B01569,1616,4.07,1.04,23.6,91.0,33.61,66.63
B01570,915,3.64,2.65,21.6,71.1,41.14,84.04
B01571,1597,3.72,1.03,23.8,98.1,34.16,69.01
B01572,1472,3.59,1.84,48.1,92.0,35.91,67.83
B01573,1349,3.41,4.74,21.1,88.4,35.66,72.17
B01574,1884,3.83,4.2,43.5,103.2,31.6,58.54
B01575,1122,3.99,4.4,28.0,70.8,38.48,76.82
B01576,1535,4.19,3.87,34.5,88.1,34.04,68.52
B01577,984,3.84,4.28,28.6,69.1,40.21,80.38
B01578,669,3.96,1.0,20.5,52.9,42.64,86.3
B01579,712,3.94,3.37,20.9,56.9,43.14,84.45
B01580,839,3.55,4.67,39.1,64.0,41.4,82.32
B01581,636,4.17,2.07,39.3,55.5,44.52,85.25
B01582,487,4.07,4.86,37.0,46.2,45.86,88.94
B01583,871,3.97,0.59,45.1,62.5,41.59,81.42
B01584,1622,3.99,4.78,29.8,96.5,33.58,65.74
B01585,842,3.39,4.84,45.4,67.8,41.66,78.67
B01586,582,4.02,4.04,49.4,57.7,44.79,84.91
B01587,1792,3.93,3.14,38.4,100.8,32.69,62.16
B01588,1159,3.39,2.1,26.7,73.6,37.6,77.4
B01589,190,3.67,1.17,31.4,34.6,47.23,95.68
B01590,591,3.77,1.11,44.2,48.8,43.74,85.2
B01591,1615,3.41,4.45,49.9,91.7,34.15,62.44
B01592,1343,3.4,1.87,45.0,80.4,36.53,70.85
B01593,1903,3.65,1.73,46.4,102.9,30.38,59.25
B01594,62,3.67,4.68,46.8,37.3,49.95,96.21
B01595,492,3.62,0.67,31.3,49.4,45.32,89.94
B01596,1568,3.34,2.99,22.2,88.8,33.76,67.11
B01597,1428,3.66,3.4,40.1,82.2,34.98,70.07
B01598,1545,3.28,0.64,31.3,96.1,34.5,66.48
B01599,1870,4.01,3.49,30.9,106.0,31.76,63.65
B01600,1306,3.81,0.54,36.4,86.3,36.55,71.9
B01601,1002,3.23,4.95,44.4,70.0,39.94,76.91
B01602,1260,3.9,1.72,36.5,78.0,37.18,72.74
B01603,528,3.25,1.47,36.8,53.5,43.79,86.14
B01604,149,3.97,1.87,25.9,40.9,47.81,97.79
B01605,488,4.0,3.87,21.3,52.6,45.85,88.91
B01606,448,3.28,1.58,47.1,48.8,45.52,87.58
B01607,1386,3.4,1.37,29.9,85.7,35.99,71.05
B01608,1291,3.34,0.88,48.0,80.8,36.43,70.1
B01609,19,3.46,1.81,28.8,29.3,50.27,100.0
B01610,344,3.36,0.52,20.3,47.9,46.41,92.58
B01611,392,3.84,1.15,24.4,47.6,45.8,91.91
B01612,520,3.56,1.42,25.9,53.9,45.75,88.24
B01613,1641,3.99,2.25,49.7,100.2,32.86,62.69
B01614,1572,3.33,4.72,24.5,93.8,34.3,70.33
B01615,777,4.07,3.66,44.3,65.9,42.18,83.3
B01616,1405,4.19,3.52,41.6,84.1,35.15,70.3
B01617,76,3.82,1.94,20.3,36.6,49.49,98.98
B01618,1104,3.62,1.79,48.9,74.5,38.86,74.36
B01619,265,4.15,4.37,36.4,41.7,46.68,91.19
B01620,814,3.37,1.17,20.1,58.8,42.33,82.83
B01621,1365,3.62,3.92,29.4,87.3,36.82,72.99
B01622,236,3.87,1.89,35.9,39.0,48.01,93.48
B01623,378,3.83,0.51,47.2,47.7,46.06,90.26
B01624,775,4.16,4.8,26.4,58.7,41.32,85.77
B01625,82,3.34,3.73,46.7,31.2,48.64,93.8
B01626,648,3.39,3.16,42.6,54.9,44.03,83.73
B01627,72,3.37,4.08,46.8,29.9,48.56,95.41
B01628,1613,3.89,2.91,43.5,95.7,33.72,63.27
B01629,904,3.4,1.17,48.4,64.7,41.56,79.23
B01630,1237,3.5,4.17,29.1,82.6,37.05,72.76
B01631,297,4.16,1.39,39.7,39.9,46.95,92.54
B01632,62,3.25,3.01,48.4,34.0,48.56,94.05
B01633,849,3.57,3.61,23.5,67.9,41.93,83.08
B01634,373,3.7,0.75,49.8,47.0,46.66,87.16
B01635,437,3.26,3.13,29.2,51.2,45.39,92.47
B01636,121,3.24,0.67,29.5,35.2,48.11,96.13
B01637,242,3.71,1.89,21.8,44.5,47.08,96.8
B01638,739,3.82,3.86,27.4,64.2,42.74,83.38
B01639,499,4.01,2.12,44.7,48.9,45.75,86.19
B01640,639,4.1,1.24,20.7,55.6,44.58,88.43
B01641,904,3.98,2.04,32.4,69.5,40.26,80.17
B01642,1432,3.27,2.06,33.0,91.5,35.68,71.69
B01643,1233,3.6,1.06,32.9,74.7,38.19,75.63
B01644,696,3.24,0.87,32.4,56.6,43.88,85.93
B01645,700,3.99,4.98,49.5,59.3,42.05,82.14
B01646,278,3.89,1.11,37.8,38.6,46.91,91.11
B01647,194,3.87,1.06,22.5,37.2,48.52,96.83
B01648,1990,3.76,1.16,31.4,113.9,29.31,59.26
B01649,1376,3.72,3.64,26.7,85.8,36.96,70.31
B01650,331,3.27,1.55,41.0,39.4,46.09,89.63
B01651,358,3.67,1.33,47.4,44.3,45.84,90.44
B01652,1577,3.48,1.92,39.6,94.7,34.85,67.64
B01653,134,3.44,3.72,48.7,33.5,48.31,94.67
B01654,402,4.06,0.79,21.3,44.2,46.13,93.91
B01655,1391,3.46,2.89,49.6,86.1,35.54,69.54
B01656,1333,3.42,3.08,29.0,79.6,35.91,72.85
B01657,1419,4.0,3.52,29.9,85.4,35.07,70.4
B01658,694,4.04,0.51,44.0,58.2,42.66,84.37
B01659,245,3.64,4.01,25.6,39.3,48.1,96.43
B01660,1819,3.37,3.15,49.3,100.2,31.66,61.87
B01661,1414,3.88,3.16,32.8,82.2,35.82,69.11
B01662,597,4.08,0.69,39.4,48.9,43.83,85.09
B01663,851,3.75,1.13,43.4,62.5,41.29,81.98
B01664,28,3.23,4.57,38.9,30.1,49.32,99.18
B01665,1558,3.48,2.61,41.9,97.1,33.77,64.93
B01666,603,3.62,4.71,24.3,53.2,44.4,88.87
B01667,1283,3.74,4.65,44.1,82.1,37.58,69.67
B01668,1459,3.93,2.43,39.8,89.7,35.03,70.3
B01669,1623,3.93,2.42,26.0,96.0,33.47,67.83
B01670,673,3.87,0.99,28.0,52.3,44.26,87.07
B01671,1351,3.98,3.71,26.1,86.9,35.85,73.87
B01672,1514,3.35,3.25,43.7,87.9,35.69,67.88
B01673,209,3.25,3.17,47.5,41.0,48.37,92.32
B01674,9,3.23,3.57,30.5,25.4,50.59,99.2
B01675,590,3.54,3.73,45.6,56.7,43.23,86.45
B01676,931,3.91,3.55,47.6,65.8,40.22,79.96
B01677,388,3.8,3.67,31.3,44.1,47.07,90.83
B01678,1557,3.77,4.46,46.9,90.5,34.11,66.2
B01679,587,3.83,3.71,45.6,55.4,44.22,86.65
B01680,191,4.02,0.89,39.0,42.0,48.26,92.31
B01681,52,4.02,2.08,35.7,30.5,50.21,96.24
B01682,1062,3.79,0.58,33.1,75.7,39.1,77.24
B01683,434,3.22,3.36,29.4,48.8,45.31,89.17
B01684,1200,3.21,1.51,37.4,77.3,38.01,72.28
B01685,1061,3.83,2.5,40.5,74.8,40.19,78.27
B01686,1882,3.79,4.34,30.1,101.6,30.81,59.69
B01687,874,3.39,4.07,24.6,64.3,41.01,82.32
B01688,148,3.45,3.3,30.8,39.9,49.13,95.47
B01689,1095,3.44,2.77,42.1,70.0,38.43,75.7
B01690,989,3.28,1.03,46.9,68.5,40.25,76.24
B01691,1227,3.38,4.36,47.4,75.3,36.76,73.71
B01692,786,3.28,4.04,39.4,57.5,42.13,81.25
B01693,834,3.31,4.51,39.8,62.0,42.16,80.11
B01694,714,4.13,0.83,25.8,63.1,42.5,85.76
B01695,845,4.17,4.01,42.1,65.2,41.34,82.47
B01696,1888,4.18,2.35,43.9,109.6,30.51,58.15
B01697,468,4.02,4.25,22.6,45.3,44.8,90.95
B01698,459,3.58,4.24,46.1,50.9,45.02,86.34
B01699,871,3.64,1.52,30.6,64.9,42.1,80.41
B01700,1358,3.27,1.73,36.4,81.1,35.57,71.49
B01701,1043,3.77,3.33,36.0,76.6,39.49,77.23
B01702,641,3.76,1.37,41.9,55.7,42.73,85.36
B01703,1706,3.53,2.43,22.4,94.7,33.74,68.22
B01704,345,3.72,0.8,27.1,42.9,46.8,91.31
B01705,541,3.2,2.58,34.8,52.2,44.05,85.83
B01706,556,3.61,4.88,47.6,54.7,43.99,87.12
B01707,988,3.48,3.6,47.0,70.8,39.23,75.68
B01708,1879,3.43,4.44,33.6,103.1,30.37,60.55
B01709,1648,3.82,2.91,49.7,92.6,33.18,63.0
B01710,153,3.27,3.41,48.0,32.0,49.43,93.66
B01711,938,3.78,2.41,41.3,71.0,40.66,78.69
B01712,1484,3.56,1.87,24.7,86.1,34.83,71.74
B01713,1067,3.71,0.62,37.0,75.5,39.24,77.42
B01714,432,3.71,3.78,25.6,43.1,45.89,92.47
B01715,353,3.48,4.64,48.5,39.7,46.19,90.01
B01716,1090,3.79,4.42,22.4,76.4,38.87,77.17
B01717,65,3.34,4.81,28.9,33.2,49.88,99.91
B01718,1548,3.31,2.12,23.3,89.4,34.0,71.09
B01719,1945,4.2,3.67,28.4,106.6,30.52,62.22
B01720,665,3.92,0.78,20.3,53.0,42.72,86.94
B01721,1072,3.45,3.46,27.4,71.5,39.76,78.26
B01722,745,4.02,4.25,45.5,63.8,42.8,81.92
B01723,403,4.05,2.97,33.3,43.9,46.62,90.94
B01724,51,3.26,1.38,46.6,29.4,49.73,95.26
B01725,1317,3.93,4.19,28.9,79.0,37.05,71.45
B01726,859,4.11,2.75,32.9,69.0,40.76,81.85
B01727,805,3.6,4.86,41.5,63.7,42.49,83.06
B01728,1723,4.18,2.58,37.0,95.0,32.25,64.54
B01729,253,4.11,4.29,39.4,43.8,47.9,91.06
B01730,448,3.55,3.93,26.9,49.2,46.49,91.9
B01731,1067,3.91,1.2,32.8,77.6,40.31,78.55
B01732,1737,3.56,1.32,22.6,98.6,32.5,66.15
B01733,1630,3.21,1.03,20.8,96.1,33.83,66.14
B01734,1530,3.28,0.55,32.3,87.6,35.52,69.5
B01735,149,3.93,4.4,36.7,38.8,49.15,94.61
B01736,690,3.86,1.42,35.2,53.7,43.22,85.82
B01737,1009,4.04,1.33,43.3,65.8,40.25,75.73
B01738,412,3.48,3.38,37.4,50.4,46.6,88.31
B01739,1505,3.82,3.98,27.1,95.0,34.68,70.67
B01740,770,3.37,4.15,46.6,58.2,41.62,79.85
B01741,751,3.55,4.48,24.4,60.4,42.49,86.72
B01742,363,3.53,4.01,34.2,48.1,45.64,92.11
B01743,1603,3.73,2.88,30.2,97.9,34.28,69.09
B01744,1002,3.49,4.33,30.9,65.9,40.12,80.55
B01745,1510,3.48,1.9,22.0,90.0,35.15,69.32
B01746,1707,3.4,0.85,48.2,96.5,32.09,62.92
B01747,1973,3.83,1.37,33.3,103.9,29.99,58.6
B01748,1427,3.89,4.78,24.7,88.2,36.14,72.98
B01749,1244,3.52,2.38,25.5,82.7,38.28,76.39
B01750,1543,4.13,1.93,36.8,88.7,33.67,68.71
B01751,102,4.03,4.9,20.7,33.4,48.34,98.01
B01752,25,3.23,3.23,49.2,32.1,50.13,96.2
B01753,1864,3.4,4.5,43.2,100.4,31.6,59.64
B01754,1881,3.8,4.07,48.7,105.3,31.83,58.84
B01755,537,3.35,1.11,27.2,49.1,44.56,90.58
B01756,1454,4.05,1.14,31.1,90.2,35.76,69.39
B01757,103,3.81,2.68,27.9,33.7,49.73,97.26
B01758,1565,3.75,4.84,44.7,96.1,34.91,65.61
B01759,764,4.14,0.66,28.4,57.1,41.37,82.23
B01760,671,3.57,4.04,46.3,52.2,43.02,83.58
B01761,1162,3.97,4.34,40.8,79.9,38.66,75.5
B01762,1033,3.89,1.76,21.6,66.8,39.79,79.04
B01763,1592,3.47,2.88,33.2,98.3,33.16,66.66
B01764,1838,3.88,3.62,44.4,99.4,31.16,61.47
B01765,1393,3.21,0.52,20.4,85.3,36.95,71.23
B01766,1339,3.98,4.91,41.6,82.4,36.43,69.9
B01767,305,3.74,4.24,38.6,38.1,46.37,92.36
B01768,619,4.12,3.76,24.2,57.0,43.84,88.79
B01769,120,4.14,1.28,39.1,33.1,49.06,96.75
B01770,762,3.83,3.06,21.3,59.7,41.79,85.32
B01771,877,3.76,3.69,29.1,61.1,41.55,83.22
B01772,1082,3.54,3.24,47.8,77.6,38.46,73.43
B01773,510,3.92,1.49,26.1,46.9,44.08,87.84
B01774,504,3.31,3.42,22.4,51.8,43.97,90.77
B01775,1653,3.82,1.06,26.2,91.4,34.01,65.15
B01776,1365,3.34,3.71,34.5,88.0,36.99,73.06
B01777,1786,3.25,2.65,26.6,101.3,31.69,63.38
B01778,929,3.81,0.63,42.3,64.0,40.09,77.54
B01779,1320,3.46,2.5,48.0,87.2,37.39,70.29
B01780,1508,3.2,3.34,28.7,94.1,35.8,70.19
B01781,318,3.85,1.89,27.6,43.5,45.95,93.7
B01782,1131,3.23,2.49,39.7,77.2,38.75,75.95
B01783,9,3.51,3.84,37.0,28.3,50.85,98.36
B01784,1082,3.58,3.06,27.4,72.9,38.36,77.3
B01785,1947,3.93,2.71,23.3,108.5,30.18,60.49
B01786,67,3.33,3.29,31.7,29.8,49.37,98.82
B01787,353,3.81,1.47,46.5,42.6,45.99,88.42
B01788,1503,3.81,2.24,23.5,85.9,35.35,71.78
B01789,1810,3.46,0.73,21.6,101.7,32.04,62.87
B01790,523,4.14,2.71,38.8,52.0,43.98,88.76
B01791,1549,3.51,3.98,47.4,94.5,33.77,64.68
B01792,1569,3.28,5.0,30.0,93.9,35.06,68.67
B01793,817,3.97,1.37,38.8,58.6,42.35,80.34
B01794,263,3.99,0.89,37.6,43.3,47.41,92.63
B01795,247,4.16,3.16,39.6,40.6,46.95,94.02
B01796,1605,3.96,0.65,23.2,92.6,32.99,68.11
B01797,287,3.49,4.49,32.3,42.0,47.5,94.99
B01798,1945,4.03,3.46,24.7,104.1,31.22,60.14
B01799,933,3.86,3.3,29.2,71.9,41.63,78.84
B01800,105,3.7,1.77,34.4,30.2,49.65,97.42
B01801,1162,4.12,2.9,34.5,79.5,38.18,76.0
B01802,1126,3.37,4.64,31.7,79.7,38.05,75.27
B01803,1972,3.7,1.44,25.5,110.3,29.81,62.04
B01804,334,3.22,0.55,25.7,38.9,46.96,93.17
B01805,1113,3.3,4.18,39.5,74.3,39.43,76.01
B01806,492,3.6,3.75,32.2,47.3,44.28,90.91
B01807,1021,3.6,4.07,37.5,68.4,39.74,79.32
B01808,755,3.41,2.18,24.8,57.0,42.36,83.44
B01809,882,3.61,1.34,46.7,63.9,41.68,80.61
B01810,385,3.57,4.05,29.4,44.0,45.6,90.54
B01811,474,3.95,2.52,31.5,53.0,44.44,89.0
B01812,339,3.91,4.5,39.1,45.1,47.45,91.53
B01813,1415,4.04,1.58,22.3,82.1,36.58,73.65
B01814,108,3.55,1.22,45.7,30.8,49.64,95.53
B01815,822,3.61,1.03,35.4,62.3,41.85,81.26
B01816,664,4.18,3.76,32.8,61.4,43.03,84.98
B01817,240,3.81,4.85,20.4,43.9,47.62,94.81
B01818,1041,3.24,0.97,22.0,72.6,38.96,80.19
B01819,1134,4.16,2.93,40.7,71.7,38.49,75.5
B01820,1382,3.97,4.5,39.5,89.5,37.03,69.95
B01821,658,3.34,0.94,23.5,57.0,43.22,86.35
B01822,1889,3.89,2.56,28.0,102.8,31.53,62.14
B01823,1788,3.33,3.01,21.2,100.4,31.62,62.96
B01824,1612,3.83,2.79,39.0,99.2,32.94,64.15
B01825,1571,4.03,0.54,28.0,96.6,34.96,69.12
B01826,1570,3.73,1.63,46.3,93.6,35.24,65.71
B01827,379,3.74,2.37,45.7,43.7,45.69,90.67
B01828,24,3.32,3.98,42.1,26.8,49.4,95.91
B01829,494,3.77,3.5,47.1,52.6,44.55,87.05
B01830,1923,3.25,1.12,41.5,111.6,30.98,58.9
B01831,1647,3.54,1.84,46.9,95.0,32.98,64.04
B01832,1807,3.81,2.96,41.2,101.9,31.13,59.78
B01833,533,3.77,3.67,39.3,46.4,44.01,88.59
B01834,527,3.83,1.52,32.3,53.2,45.7,87.9
B01835,940,3.57,2.52,49.0,63.5,39.74,78.05
B01836,1447,3.26,3.7,24.9,83.3,35.32,71.12
B01837,1842,3.73,4.0,41.9,107.7,31.03,61.49
B01838,106,3.22,3.36,22.3,35.4,49.46,98.38
B01839,773,3.83,2.76,25.0,56.0,42.82,84.3
B01840,505,3.31,4.87,43.2,47.7,45.84,87.21
B01841,230,3.88,2.09,46.6,42.3,47.34,94.09
B01842,160,4.13,3.01,34.3,33.1,47.41,94.77
B01843,148,4.06,3.62,48.6,40.8,47.97,92.89
B01844,1301,3.43,4.19,26.7,80.5,36.65,75.41
B01845,1457,3.76,2.95,48.0,84.8,36.07,65.73
B01846,1413,3.85,2.33,45.5,87.0,35.23,68.77
B01847,775,3.42,3.98,49.0,56.6,41.87,82.14
B01848,580,3.54,1.47,20.5,48.4,43.26,87.52
B01849,303,3.55,0.76,44.8,39.5,47.29,89.48
B01850,825,3.54,1.05,23.9,66.4,41.33,81.72
B01851,584,3.95,3.41,37.0,52.6,43.44,88.32
B01852,107,3.95,4.86,39.0,34.1,48.57,95.27
B01853,932,3.28,2.2,27.1,66.4,41.09,79.1
B01854,433,3.65,1.68,21.4,42.9,45.89,91.91
B01855,1360,3.85,1.37,42.4,85.9,36.29,69.36
B01856,1662,3.3,1.33,41.3,101.1,32.8,63.24
B01857,1263,3.61,3.13,49.7,76.4,36.72,71.87
B01858,543,4.11,3.63,25.7,47.7,43.59,89.82
B01859,387,3.94,4.93,43.3,40.7,45.49,91.32
B01860,1507,4.17,2.64,22.1,86.2,34.28,70.1
B01861,893,3.96,2.23,31.1,62.3,41.91,80.57
B01862,835,4.1,3.24,34.2,64.8,40.69,80.41
B01863,861,3.66,0.85,36.8,69.2,41.97,80.21
B01864,898,4.04,2.14,30.9,61.2,41.45,80.54
B01865,1121,3.46,2.25,23.8,77.6,38.45,78.63
B01866,939,3.73,3.6,33.0,64.1,39.97,79.26
B01867,1231,3.43,0.77,25.8,78.7,37.25,76.79
B01868,1179,3.41,2.13,44.4,74.9,37.64,73.57
B01869,949,3.66,2.42,36.7,72.3,41.02,80.55
B01870,1129,3.77,3.9,44.6,71.0,37.94,74.94
B01871,564,3.72,3.23,48.0,51.8,43.89,84.69
B01872,1438,3.39,0.71,36.9,89.6,34.91,71.03
B01873,1186,3.4,4.66,45.9,78.3,38.86,71.92
B01874,62,3.44,1.5,32.1,34.8,49.09,98.58
B01875,907,3.5,2.7,46.0,68.7,41.35,77.1
B01876,26,3.21,0.99,48.9,31.6,48.83,94.07
B01877,1779,3.32,4.62,29.5,102.7,31.87,62.1
B01878,374,3.59,3.93,41.2,46.8,46.24,91.47
B01879,725,3.89,4.21,46.6,58.0,42.16,83.21
B01880,199,3.42,3.68,41.0,40.9,48.82,94.7
B01881,1825,3.84,2.04,29.7,99.7,32.22,61.84
B01882,293,3.32,1.44,43.6,46.6,47.81,91.8
B01883,1489,3.44,1.68,42.3,89.4,35.97,66.73
B01884,379,3.84,3.49,20.2,41.3,45.64,94.86
B01885,988,4.1,4.86,21.4,65.3,40.59,79.6
B01886,317,3.36,1.06,28.6,39.3,46.69,92.34
B01887,1692,4.05,3.45,24.6,101.1,33.96,66.34
B01888,685,3.38,0.78,35.3,56.1,42.25,84.93
B01889,1794,3.58,3.07,26.6,104.0,32.4,62.01
B01890,338,3.65,3.25,42.0,46.6,46.78,89.83
B01891,1859,3.77,1.86,42.4,101.2,30.7,59.62
B01892,887,3.21,2.82,34.0,62.2,40.85,81.79
B01893,540,3.39,2.28,20.7,53.7,45.06,89.57
B01894,192,4.09,3.79,33.8,34.5,47.38,93.78
B01895,54,3.75,3.82,22.2,34.0,49.71,100.0
B01896,791,4.03,2.77,45.4,60.4,42.92,82.9
B01897,575,3.89,3.35,47.4,51.7,44.01,83.87
B01898,640,3.71,2.02,38.3,52.5,43.28,84.9
B01899,159,3.59,2.71,43.9,31.5,48.63,95.4
B01900,977,3.63,3.28,38.1,66.4,40.29,80.24
B01901,1111,3.28,3.65,36.7,73.5,38.79,75.94
B01902,1771,3.4,3.52,37.3,101.8,31.86,62.26
B01903,1098,3.41,1.21,24.4,76.5,39.98,77.86
B01904,946,3.51,3.1,49.3,70.8,40.27,78.03
B01905,399,3.35,4.45,36.4,44.9,46.18,89.71
B01906,1160,4.14,4.33,28.5,75.5,38.98,76.41
B01907,711,3.66,3.11,30.0,56.1,42.98,85.29
B01908,1635,3.83,2.85,45.6,97.0,34.12,65.58
B01909,1008,3.8,0.86,44.6,74.2,39.13,76.75
B01910,933,3.92,2.15,37.7,66.8,41.49,78.15
B01911,1094,3.64,0.73,23.7,71.9,39.8,78.84
B01912,1409,3.35,1.39,22.7,89.0,36.16,70.54
B01913,109,3.8,4.52,27.1,31.2,48.18,98.19
B01914,1100,3.69,4.75,44.3,76.9,39.46,76.63
B01915,1678,3.94,1.89,29.2,92.6,33.93,66.49
B01916,1354,3.32,2.68,32.0,85.7,35.66,71.94
B01917,308,3.96,4.12,40.4,40.6,46.73,91.92
B01918,1608,3.52,3.66,26.6,92.4,33.08,67.73
B01919,1645,3.31,3.92,34.4,91.7,33.08,67.42
B01920,488,4.07,2.93,41.6,44.8,46.07,85.83
B01921,1398,3.73,4.85,26.8,84.8,35.19,73.1
B01922,1167,3.45,2.25,42.4,75.6,37.74,75.57
B01923,632,3.21,3.61,24.3,58.7,42.7,86.26
B01924,608,3.61,1.71,40.5,56.7,43.24,85.83
B01925,341,4.03,1.19,28.9,41.7,47.06,93.57
B01926,547,4.08,1.17,45.6,56.3,44.24,85.83
B01927,1309,3.21,2.0,24.9,79.7,36.56,73.91
B01928,63,3.39,3.09,46.1,36.5,48.46,96.87
B01929,579,3.6,0.94,20.7,50.5,43.49,87.15
B01930,1228,3.8,2.12,27.7,79.7,38.72,73.27
B01931,47,3.77,1.73,49.0,31.0,49.48,94.65
B01932,1970,4.01,2.68,38.9,110.7,30.1,59.22
B01933,1061,4.15,1.89,37.9,71.0,39.67,78.42
B01934,1233,3.66,4.47,32.0,77.2,38.39,73.53
B01935,820,4.01,4.12,31.0,58.7,41.41,83.46
B01936,276,3.42,3.23,28.5,45.2,47.79,94.12
B01937,746,4.05,0.87,43.4,58.5,43.53,80.64
B01938,29,3.43,3.93,41.8,35.7,49.91,96.53
B01939,359,4.18,2.6,24.2,44.9,46.13,91.1
B01940,1012,3.84,4.96,28.8,71.6,40.85,80.56
B01941,219,3.55,4.59,45.0,37.7,47.59,92.43
B01942,1020,3.73,3.9,43.4,72.4,40.79,76.6
B01943,72,3.82,3.6,23.3,29.2,48.64,97.44
B01944,741,4.13,2.52,24.3,62.3,42.72,86.44
B01945,1030,3.99,3.61,26.7,75.5,38.89,79.23
B01946,280,3.93,0.82,30.9,44.6,47.51,94.43
B01947,1435,4.05,3.89,36.4,90.5,36.53,68.27
B01948,406,3.78,0.52,29.6,47.0,45.05,92.1
B01949,1488,3.39,1.84,27.5,92.3,34.46,70.18
B01950,1725,3.54,4.62,23.4,95.5,33.14,66.57
B01951,679,3.29,3.88,31.6,52.6,43.01,85.07
B01952,177,3.42,1.59,29.5,38.2,48.2,94.51
B01953,665,3.86,3.76,35.3,56.9,43.53,85.06
B01954,665,3.67,1.49,30.1,55.9,43.72,86.15
B01955,1202,4.05,3.6,34.3,77.1,37.03,73.89
B01956,1130,3.31,1.01,40.5,73.6,38.66,76.24
B01957,85,4.02,4.67,30.3,31.0,48.94,98.22
B01958,650,3.74,1.34,49.1,55.2,44.28,82.42
B01959,1019,4.19,3.35,28.3,67.3,40.53,79.54
B01960,1657,3.73,1.45,26.7,97.2,33.56,65.47
B01961,218,3.96,2.16,20.0,40.7,47.09,97.82
B01962,1954,4.12,2.47,32.8,113.1,30.07,59.48
B01963,1291,4.15,1.17,39.8,80.0,37.82,71.51
B01964,1370,3.98,2.88,25.6,86.6,36.55,70.83
B01965,1918,3.37,4.07,25.3,109.0,31.43,60.85
B01966,1067,3.98,0.71,47.0,69.4,38.44,75.4
B01967,1314,3.87,3.04,49.3,79.9,37.43,68.37
B01968,101,4.02,4.93,27.3,33.6,48.56,99.27
B01969,220,3.84,1.85,41.9,42.2,48.49,92.85
B01970,1476,3.49,3.81,29.3,89.3,35.29,68.51
B01971,1462,4.11,4.42,37.0,89.9,35.5,69.63
B01972,542,3.7,3.73,48.6,54.9,44.28,86.75
B01973,1709,4.12,3.91,45.6,101.3,33.84,62.27
B01974,753,3.48,3.36,36.5,58.9,41.99,83.09
B01975,992,3.42,4.25,21.4,71.4,40.91,79.56
B01976,1238,3.52,1.44,32.4,83.1,38.42,73.98
B01977,13,3.94,2.92,32.1,31.3,50.13,98.76
B01978,613,3.4,0.7,23.1,51.6,44.59,86.71
B01979,1749,3.51,2.19,20.8,99.7,31.98,67.29
B01980,1802,3.86,1.4,25.9,103.8,31.37,62.2
B01981,1572,3.39,4.48,27.0,96.1,33.38,69.54
B01982,903,3.2,4.72,33.5,66.0,40.14,81.33
B01983,599,3.55,3.83,23.4,52.6,43.76,89.48
B01984,1868,3.36,2.68,48.6,105.6,31.73,57.49
B01985,1525,3.55,2.59,34.8,90.9,34.74,66.22
B01986,1410,3.78,4.56,22.0,84.5,35.2,73.19
B01987,1346,3.8,0.52,22.9,84.1,35.67,73.38
B01988,1395,3.53,4.87,30.5,83.0,36.45,71.61
B01989,847,4.17,4.52,37.3,61.9,41.2,79.71
B01990,910,3.97,1.29,21.5,71.2,41.17,81.55
B01991,1838,3.52,1.49,39.8,108.1,31.96,61.86
B01992,1879,3.72,3.53,31.4,104.2,30.7,60.46
B01993,457,3.6,2.07,44.6,50.5,46.37,86.35
B01994,1196,4.17,3.89,34.3,77.2,38.67,75.21
B01995,1646,4.17,3.61,41.9,95.1,33.57,62.64
B01996,360,3.65,2.49,21.1,45.5,46.93,92.72
B01997,1967,4.04,3.13,41.7,110.6,30.32,58.99
B01998,836,3.5,2.35,35.2,60.8,41.49,83.14
B01999,856,4.05,2.66,25.7,63.3,40.8,82.4
B02000,131,3.28,2.2,34.6,33.4,48.23,96.39
B02001,450,4.05,3.32,38.0,44.2,46.22,90.55
B02002,1490,3.78,0.74,21.4,93.3,34.17,69.57
B02003,29,4.11,3.49,22.7,33.6,50.57,100.0
B02004,1011,3.28,1.75,20.6,69.5,39.34,82.05
B02005,443,3.82,4.93,26.9,50.5,46.27,89.25
B02006,230,3.43,1.82,46.1,43.6,48.01,93.5
B02007,258,3.73,3.89,30.1,38.4,46.95,93.9
B02008,1808,3.51,0.62,49.4,98.2,31.2,61.3
B02009,265,3.54,2.88,28.4,37.7,47.88,96.04
B02010,274,3.4,4.24,27.4,39.6,47.25,92.24
B02011,158,3.54,2.24,31.4,35.6,49.2,95.39
B02012,1087,4.18,1.29,42.7,75.9,39.95,77.2
B02013,489,4.19,4.64,36.1,53.0,44.44,88.95
B02014,106,4.2,3.01,39.0,30.5,49.27,95.44
B02015,676,3.45,4.55,43.2,61.4,44.14,85.28
B02016,79,3.65,2.9,44.4,36.4,49.93,95.12
B02017,578,3.69,1.35,21.5,52.1,43.6,89.34
B02018,1427,4.02,3.48,31.1,86.3,34.77,71.96
B02019,1811,3.65,3.72,48.2,97.8,31.69,60.83
B02020,790,3.93,4.49,40.7,59.6,42.08,81.33
B02021,1300,4.07,4.66,29.6,81.9,37.94,71.87
B02022,546,3.33,2.87,47.3,51.8,43.87,84.47
B02023,642,3.39,4.39,39.6,54.8,43.18,85.85
B02024,1999,3.97,3.73,42.0,113.7,30.67,56.77
B02025,1609,3.42,3.27,23.6,94.4,32.95,68.67
B02026,1246,3.42,1.89,39.6,76.0,38.19,74.24
B02027,568,3.89,2.5,33.8,52.7,44.81,89.16
B02028,159,3.51,2.06,26.0,39.2,48.24,97.73
B02029,787,3.59,1.79,20.3,62.2,41.7,86.02
B02030,1566,3.59,1.35,43.2,93.5,34.29,64.14
B02031,625,4.19,3.01,27.7,51.3,44.38,87.73
B02032,726,3.58,1.34,49.6,61.0,42.62,80.08
B02033,800,3.75,4.74,35.2,57.8,42.69,83.71
B02034,286,3.21,1.64,35.9,46.1,47.06,92.79
B02035,891,3.45,2.83,28.9,62.6,41.93,81.77
B02036,512,3.61,4.0,20.6,52.4,45.68,88.76
B02037,204,4.19,3.1,27.5,34.9,47.74,95.82
B02038,570,3.55,3.87,37.4,57.6,44.83,86.42
B02039,1154,3.34,3.01,35.7,79.4,37.66,73.58
B02040,485,4.13,1.8,20.6,49.6,45.36,92.55
B02041,1708,4.02,2.91,28.6,99.2,33.79,66.03
B02042,1534,3.39,3.3,26.4,86.9,35.11,70.55
B02043,756,3.87,2.4,23.2,59.6,42.35,86.4
B02044,1974,4.19,1.5,34.4,104.0,29.63,57.73
B02045,989,3.86,1.82,30.7,69.2,40.01,79.31
B02046,1333,3.41,0.68,42.4,82.5,37.5,71.84
B02047,650,3.75,2.04,44.4,57.6,42.75,83.82
B02048,821,3.67,4.09,37.6,59.9,42.05,83.41
B02049,264,3.42,3.05,31.1,36.8,48.13,93.49
B02050,1766,3.4,1.36,27.7,96.0,31.82,63.78
B02051,743,3.37,3.33,46.8,63.0,42.55,79.89
B02052,250,3.2,1.44,33.1,41.2,47.94,92.85
B02053,1473,4.04,3.75,43.4,89.1,35.19,68.7
B02054,886,3.55,0.69,46.6,61.2,40.72,77.74
B02055,297,4.03,2.95,49.1,41.5,46.59,88.64
B02056,528,3.59,2.02,36.4,55.8,43.9,87.73
B02057,854,3.88,0.66,26.8,63.6,41.28,81.66
B02058,323,3.52,2.62,38.4,41.4,46.98,89.61
B02059,496,3.57,4.7,39.3,48.3,45.75,88.98
B02060,1625,3.35,4.37,21.5,92.6,34.59,69.17
B02061,1888,3.75,1.59,20.5,103.7,31.5,61.72
B02062,330,4.19,3.11,36.1,43.7,46.48,91.86
B02063,888,3.67,1.26,36.2,62.0,40.92,81.41
B02064,562,4.17,1.85,38.3,56.1,44.08,86.09
B02065,765,4.18,0.64,25.8,59.9,41.92,84.78
B02066,187,3.47,2.21,36.5,37.4,48.17,95.86
B02067,1692,4.0,2.91,42.7,96.2,32.98,64.3
B02068,658,3.96,4.12,46.6,51.7,44.19,84.53
B02069,831,4.05,3.17,23.5,64.4,42.38,85.36
B02070,1561,3.75,2.57,37.0,92.1,35.0,68.74
B02071,153,3.61,3.13,46.9,40.2,49.19,92.78
B02072,620,3.78,2.96,47.2,57.7,43.35,84.68
B02073,713,3.32,3.84,35.6,55.0,42.76,85.67
B02074,581,3.81,1.42,31.7,57.2,44.86,87.66
B02075,1352,4.04,1.81,20.9,83.4,35.78,72.2
B02076,1162,3.33,3.94,46.6,79.5,38.86,74.82
B02077,764,3.66,0.98,39.3,56.1,41.44,83.35
B02078,224,3.79,3.17,39.6,39.0,47.56,95.22
B02079,1666,3.77,1.29,47.5,100.7,33.56,64.93
B02080,1571,3.99,4.08,27.1,90.4,34.44,67.8
B02081,238,3.67,1.43,27.4,41.6,47.65,92.91
B02082,169,3.35,2.46,49.3,39.9,48.37,93.98
B02083,1975,4.0,0.61,20.1,108.2,29.62,62.96
B02084,140,3.92,1.89,37.2,30.9,47.71,95.72
B02085,382,3.86,3.7,25.0,48.4,45.37,92.21
B02086,620,3.75,3.37,49.3,52.8,42.86,83.01
B02087,754,3.86,0.82,32.1,63.5,42.56,85.66
B02088,288,3.63,4.43,39.6,37.3,46.73,90.42
B02089,392,3.32,3.9,29.2,49.4,46.66,90.86
B02090,1975,3.84,2.63,31.0,106.5,29.59,59.31
B02091,163,3.85,0.56,41.3,35.3,49.25,92.33
B02092,212,4.03,4.48,40.7,33.8,47.47,92.38
B02093,1385,3.82,0.6,47.9,88.3,35.83,66.9
B02094,38,3.73,4.75,40.2,30.0,49.88,95.15
B02095,413,3.7,3.89,48.2,42.3,46.64,87.7
B02096,257,3.52,1.4,43.7,37.7,47.68,91.08
B02097,1402,4.08,0.83,42.3,85.4,36.22,70.64
B02098,1991,3.27,4.26,20.1,113.7,29.24,62.3
B02099,1924,3.55,3.34,29.3,108.6,29.85,61.61
B02100,130,3.27,4.06,27.3,31.9,49.44,98.34
B02101,936,3.25,3.49,28.5,71.1,40.26,81.64
B02102,1027,3.68,1.03,43.3,73.9,39.11,78.4
B02103,308,3.66,1.8,48.2,41.2,47.12,90.01
B02104,909,3.87,3.71,37.5,65.0,41.42,80.8
B02105,752,4.17,4.11,38.3,62.8,43.35,83.24
B02106,906,4.13,4.05,46.4,66.4,41.14,80.12
B02107,459,3.45,1.76,27.4,51.4,46.23,91.78
B02108,1705,3.96,0.87,41.8,97.6,32.27,63.34
B02109,1682,4.01,1.14,40.4,101.3,32.94,62.94
B02110,190,3.78,2.53,24.8,38.4,47.63,95.69
B02111,1847,4.17,4.88,39.1,107.5,31.61,59.28
B02112,1223,3.82,0.53,44.6,77.9,36.85,73.84
B02113,1034,3.65,1.1,36.8,73.2,39.61,75.72
B02114,1778,3.57,1.67,31.4,97.2,32.24,64.14
B02115,1686,3.47,3.7,28.1,100.0,32.28,64.7
B02116,1478,3.64,3.85,36.7,90.9,36.16,66.88
B02117,1568,3.61,0.57,21.9,93.9,33.73,71.01
B02118,936,3.7,3.24,22.3,63.5,40.69,80.89
B02119,853,4.11,1.02,47.4,63.0,40.97,80.98
B02120,1631,3.57,0.55,43.0,91.9,32.88,66.02
B02121,229,3.39,3.26,23.5,43.5,47.43,96.62
B02122,370,3.52,0.6,20.6,44.3,46.97,92.18
B02123,332,3.92,1.77,43.6,39.6,47.17,91.19
B02124,420,3.28,3.62,29.5,51.1,45.13,92.63
B02125,83,3.37,1.26,46.5,36.3,49.46,96.87
B02126,1626,3.39,4.54,46.4,98.0,34.31,62.89
B02127,1057,3.85,4.45,24.9,67.5,40.29,77.54
B02128,1694,3.23,4.89,21.9,102.1,32.91,65.29
B02129,757,4.16,3.78,46.5,64.6,42.79,80.57
B02130,1848,3.45,1.02,42.4,104.9,32.03,59.58
B02131,1922,3.33,2.17,41.0,103.0,31.02,59.7
B02132,648,3.41,2.83,49.9,52.4,43.1,82.87
B02133,780,3.64,3.31,32.5,61.4,42.85,81.29
B02134,589,3.73,3.75,37.8,51.4,43.53,87.43
B02135,280,3.99,2.96,46.1,40.5,47.69,91.02
B02136,1834,3.39,2.62,49.5,107.4,32.59,58.49
B02137,1731,3.67,1.92,36.7,103.4,33.4,63.91
B02138,687,3.77,3.44,32.4,58.5,43.26,85.34
B02139,306,4.1,0.53,43.1,43.4,47.22,91.55
B02140,1125,3.34,1.41,47.0,78.1,39.47,73.26
B02141,1041,4.1,4.53,22.5,74.9,40.38,77.57
B02142,1858,3.84,1.64,30.7,106.7,30.88,60.43
B02143,639,3.57,4.09,35.9,57.7,43.67,86.76
B02144,270,3.77,2.34,26.3,38.6,48.27,92.54
B02145,771,3.75,1.18,45.1,60.5,42.61,82.61
B02146,1614,4.15,3.52,47.8,91.5,34.7,65.49
B02147,1622,3.58,4.19,39.0,97.6,34.74,65.54
B02148,1144,3.98,3.88,42.0,76.7,38.85,73.43
B02149,359,3.65,2.57,42.6,47.6,46.79,90.28
B02150,1950,3.7,1.27,35.7,108.1,30.23,58.42
B02151,476,3.92,4.69,39.3,51.2,44.66,89.57
B02152,1362,4.17,1.14,25.8,80.5,36.49,71.67
B02153,1672,3.33,2.46,24.1,99.2,33.75,64.73
B02154,1664,3.79,2.39,29.8,95.4,33.51,64.42
B02155,1894,3.66,3.54,34.2,106.1,30.7,62.68
B02156,165,4.1,0.57,25.6,36.9,48.47,95.66
B02157,1579,4.11,4.98,41.6,93.9,33.96,66.54
B02158,1167,3.87,3.96,41.5,81.0,39.29,75.56
B02159,1532,4.06,4.21,22.7,92.4,35.5,69.72
B02160,375,3.91,3.2,27.4,40.8,45.58,93.84
B02161,1294,3.24,1.5,28.3,84.5,37.03,73.94
B02162,10,3.89,2.58,21.0,26.0,49.89,100.0
B02163,43,3.91,4.15,40.0,29.4,48.76,95.45
B02164,502,3.52,1.85,49.6,49.4,44.36,87.02
B02165,876,3.92,4.51,32.2,60.9,41.02,82.79
B02166,505,3.88,4.47,33.3,49.1,44.55,90.43
B02167,1675,3.85,2.4,43.9,96.8,32.59,65.29
B02168,937,3.34,1.79,20.4,70.7,40.22,82.19
B02169,63,3.27,4.57,29.6,35.1,48.93,99.17
B02170,763,3.92,2.16,37.7,65.3,41.83,81.53
B02171,1568,4.18,3.23,23.4,97.5,33.74,67.95
B02172,1946,3.3,2.8,38.8,105.4,29.86,60.84
B02173,822,4.06,3.41,23.1,66.1,42.23,84.04
B02174,275,3.67,0.97,23.2,37.4,47.65,96.73
B02175,244,4.01,1.98,41.7,41.1,48.48,92.93
B02176,773,3.77,1.4,29.5,56.0,41.3,84.01
B02177,1144,3.37,0.62,21.8,73.0,38.44,76.48
B02178,1999,3.26,2.54,50.0,110.9,30.31,55.8
B02179,1083,3.34,4.12,47.4,77.1,39.01,73.87
B02180,785,3.57,0.92,32.9,57.1,42.83,82.9
B02181,1988,3.97,3.01,39.5,113.6,30.87,58.2
B02182,194,3.94,4.12,21.2,33.4,48.45,95.53
B02183,1702,3.96,4.29,49.4,99.0,33.89,62.54
B02184,447,3.24,3.41,39.0,46.0,45.43,90.24
B02185,1956,3.29,3.7,45.5,106.8,30.55,57.57
B02186,253,3.97,4.49,45.8,40.1,48.33,93.78
B02187,1167,3.79,2.07,37.2,75.1,38.94,73.98
B02188,1925,4.09,4.95,28.6,104.6,31.23,62.78
B02189,131,3.91,3.19,23.2,35.1,48.06,95.72
B02190,158,4.08,4.8,43.8,35.1,48.47,95.47
B02191,216,3.53,1.44,32.3,38.9,46.9,93.07
B02192,1548,4.16,3.42,23.8,91.8,34.62,70.76
B02193,765,3.71,0.66,33.1,56.1,43.27,83.46
B02194,967,3.87,4.63,46.4,68.3,40.1,79.42
B02195,1112,3.9,0.7,25.7,78.8,39.09,77.9
B02196,544,4.15,1.72,40.4,54.1,44.35,85.9
B02197,218,3.32,0.53,44.1,43.4,48.7,92.49
B02198,98,3.45,1.27,25.4,36.0,48.24,99.32
B02199,1841,4.17,2.46,33.8,99.0,31.71,60.7
B02200,550,3.31,3.15,38.1,51.6,43.88,86.36
B02201,949,4.15,4.29,38.3,71.5,39.92,78.02
B02202,472,3.81,2.36,34.3,47.7,44.83,88.17
B02203,1243,4.16,2.11,24.0,79.9,38.09,75.91
B02204,1208,3.88,4.37,28.9,74.1,37.8,74.53
B02205,1326,3.94,1.03,25.3,85.8,35.76,72.74
B02206,871,3.85,3.2,33.9,60.2,41.15,80.42
B02207,813,3.67,1.58,36.4,58.4,42.38,80.11
B02208,1887,3.89,2.99,26.0,110.3,31.36,62.13
B02209,936,3.23,1.54,37.7,71.9,40.31,79.02
B02210,1722,3.24,4.21,30.3,103.7,32.71,64.95
B02211,399,3.63,0.95,45.0,42.5,45.14,87.77
B02212,181,3.61,3.23,43.6,37.1,47.48,92.06
B02213,46,3.74,1.61,47.0,36.7,49.26,94.37
B02214,456,3.93,2.12,49.2,49.5,45.67,89.04
B02215,980,3.71,1.92,20.7,68.0,40.79,80.58
B02216,836,3.75,2.2,28.3,63.6,41.59,82.35
B02217,1974,3.88,3.14,40.9,105.1,30.42,59.32
B02218,333,3.32,4.25,46.7,45.8,46.02,91.8
B02219,1177,4.04,0.55,24.0,78.0,37.31,77.51
B02220,1193,4.09,2.7,36.4,77.6,38.98,75.68
B02221,1767,4.13,0.52,41.7,97.1,32.95,60.89
B02222,1238,3.72,0.84,28.6,83.9,38.18,74.51
B02223,1336,4.0,4.67,46.4,83.6,37.59,68.23
B02224,716,3.42,0.58,27.6,59.6,43.12,84.16
B02225,1040,3.78,2.32,21.6,68.6,40.53,78.26
B02226,170,3.76,0.78,31.7,40.4,47.96,94.1
B02227,1998,4.19,0.75,33.7,110.2,30.93,59.84
B02228,932,3.46,4.8,27.2,66.6,41.02,80.76
B02229,118,3.91,4.09,25.2,33.4,48.64,96.39
B02230,1980,3.99,1.01,21.0,110.1,29.82,59.02
B02231,1687,3.52,4.27,33.4,101.6,33.0,65.66
B02232,1162,3.76,3.41,33.8,72.0,39.28,74.36
B02233,1217,4.05,4.59,28.4,77.1,37.46,74.44
B02234,1439,3.46,4.82,38.8,86.6,35.67,71.05
B02235,765,3.23,0.68,33.7,61.6,41.96,82.87
B02236,1471,3.49,1.87,44.6,93.6,34.34,66.64
B02237,24,3.35,3.47,44.1,27.5,49.76,95.32
B02238,907,3.97,0.95,31.1,62.1,40.32,82.49
B02239,1374,3.33,4.1,27.1,82.1,37.13,73.25
B02240,915,3.83,3.87,33.5,67.8,41.62,80.94
B02241,1727,4.04,4.92,37.8,95.2,32.73,62.74
B02242,1603,3.23,0.79,21.2,90.2,33.52,68.69
B02243,1263,3.3,1.09,35.7,76.5,37.95,72.88
B02244,769,3.88,4.44,42.2,57.1,42.21,83.37
B02245,63,3.58,1.92,35.4,30.8,48.65,95.72
B02246,318,3.63,3.63,20.2,40.2,46.07,92.82
B02247,511,4.1,2.24,22.4,46.4,44.0,91.97
B02248,1822,3.25,0.86,36.3,104.3,32.49,62.49
B02249,849,3.63,1.21,23.5,59.5,41.98,84.2
B02250,131,3.72,2.94,31.4,40.1,49.31,94.59
B02251,1117,3.42,0.61,24.6,74.7,39.12,77.17
B02252,1348,4.14,2.02,35.8,87.0,35.95,72.71
B02253,1254,3.87,0.53,39.1,84.9,37.65,72.78
B02254,740,4.0,4.42,30.5,58.5,43.46,84.53
B02255,1878,4.09,4.98,30.6,106.2,30.75,62.15
B02256,111,3.78,2.59,34.8,36.4,48.66,95.12
B02257,1522,3.64,1.18,31.7,93.1,35.24,67.69
B02258,601,4.1,1.72,46.6,53.3,43.17,85.92
B02259,77,4.11,1.84,45.6,30.2,49.43,94.28
B02260,483,4.18,3.8,25.1,45.7,44.76,92.22
B02261,95,3.73,0.91,49.0,33.5,49.08,93.93
B02262,1792,3.88,1.96,48.5,105.1,32.4,59.52
B02263,25,4.01,0.88,37.5,27.0,49.8,99.47
B02264,688,3.93,2.99,29.0,55.7,43.5,84.77
B02265,1481,3.43,1.72,43.4,88.4,36.13,66.85
B02266,1656,3.21,0.8,43.0,94.0,32.48,63.42
B02267,1482,3.22,1.92,48.2,87.2,34.93,66.93
B02268,1851,4.08,4.78,47.3,104.3,32.34,58.46
B02269,1181,3.67,1.32,40.9,76.5,38.14,73.09
B02270,1050,3.38,1.79,42.9,70.7,38.93,78.18
B02271,751,3.85,1.88,44.4,55.9,42.95,80.66
B02272,1579,3.33,0.74,36.0,95.4,34.05,65.09
B02273,266,3.74,1.21,36.3,43.3,46.35,91.33
B02274,1215,3.61,2.63,25.2,81.5,38.84,76.51
B02275,90,4.2,0.63,44.5,34.5,48.47,96.52
B02276,362,3.84,4.44,41.6,45.0,45.39,91.12
B02277,1176,3.7,2.54,41.2,80.8,39.1,75.92
B02278,893,3.48,3.24,25.6,67.3,40.17,80.07
B02279,1110,3.76,3.57,46.5,79.0,38.95,76.48
B02280,162,3.85,3.05,42.9,40.3,49.37,95.32
B02281,983,3.75,3.28,26.1,65.4,41.11,81.63
B02282,934,3.39,2.84,47.9,63.2,40.27,76.47
B02283,470,4.05,2.74,27.7,52.3,46.22,90.42
B02284,1150,3.41,4.5,30.2,73.6,38.53,76.14
B02285,1953,3.87,0.66,48.2,103.2,29.95,59.3
B02286,1585,3.5,3.24,21.4,94.6,34.71,70.39
B02287,645,3.62,2.77,48.0,51.3,43.21,83.06
B02288,1547,3.4,3.01,28.2,96.5,34.2,66.72
B02289,1403,4.12,3.67,35.6,84.6,36.64,71.58
B02290,1510,3.77,2.33,42.5,88.7,35.23,67.58
B02291,1283,3.7,4.8,44.5,84.9,36.63,73.36
B02292,1952,3.38,1.45,41.6,110.3,30.5,58.25
B02293,1605,4.15,4.71,33.5,91.4,34.87,68.28
B02294,168,4.19,2.83,31.5,36.1,48.95,96.4
B02295,1202,4.19,3.64,40.6,76.2,38.57,73.93
B02296,1825,3.62,3.97,26.5,103.6,31.65,61.97
B02297,389,3.44,4.59,28.0,46.8,46.21,93.14
B02298,23,3.69,4.05,42.8,25.9,50.48,94.98
B02299,1245,3.99,4.48,38.3,79.0,38.44,74.24
B02300,550,4.07,0.78,27.5,50.3,44.09,90.44
B02301,1204,3.75,3.41,49.8,83.0,38.26,71.2
B02302,514,4.13,3.01,28.6,50.0,44.88,91.16
B02303,630,3.6,2.75,22.8,52.0,44.03,87.81
B02304,851,4.06,1.3,26.8,65.1,41.97,83.56
B02305,206,4.06,2.41,21.9,34.9,47.22,95.42
B02306,400,3.9,4.82,42.7,44.4,46.29,89.98
B02307,79,4.01,3.78,33.1,34.5,48.3,98.14
B02308,1563,3.48,2.67,37.8,91.0,34.48,66.44
B02309,874,3.7,4.52,31.9,60.1,41.25,80.61
B02310,148,3.27,4.0,42.5,34.4,48.41,93.65
B02311,1630,3.35,4.8,43.1,98.9,32.76,66.65
B02312,16,3.45,2.78,45.2,30.0,49.25,98.65
B02313,1139,3.26,2.07,46.8,76.0,38.24,74.82
B02314,1436,3.93,2.35,38.1,90.2,35.92,70.69
B02315,1848,3.43,4.89,31.7,99.2,31.73,61.64
B02316,776,3.54,2.2,35.2,56.8,42.76,83.89
B02317,48,3.32,1.42,49.9,29.1,50.24,96.71
B02318,1023,3.26,4.86,41.0,75.4,38.96,78.14
B02319,415,3.38,3.37,28.7,50.2,45.44,91.18
B02320,241,3.47,0.73,26.1,40.8,47.68,96.23
B02321,1711,4.03,1.55,29.4,100.5,32.17,65.29
B02322,1005,4.18,2.2,30.0,65.6,38.97,78.63
B02323,904,3.36,4.58,24.0,68.9,41.88,83.62
B02324,1706,3.62,3.2,39.5,94.7,33.32,63.0
B02325,1772,3.35,4.88,48.1,101.6,31.95,61.86
B02326,1508,4.1,3.72,42.8,93.4,33.93,65.18
B02327,1155,3.87,2.03,22.5,71.7,38.87,77.09
B02328,496,3.65,2.36,33.4,47.2,45.78,87.5
B02329,1672,3.7,4.52,40.0,96.6,33.15,62.65
B02330,589,3.47,3.11,45.5,53.8,44.6,85.51
B02331,500,4.16,4.19,32.4,52.3,45.25,88.62
B02332,898,3.43,2.64,45.3,62.6,40.74,78.53
B02333,307,3.74,4.79,21.8,46.8,46.87,94.37
B02334,404,3.22,3.82,33.5,42.8,45.87,91.92
B02335,715,4.17,2.2,43.1,57.2,43.42,82.06
B02336,355,4.19,0.68,47.5,46.3,47.25,88.28
B02337,535,3.26,4.53,44.7,49.5,45.44,86.24
B02338,1493,3.73,4.83,29.5,91.7,34.67,69.3
B02339,349,3.44,3.55,28.8,40.6,45.67,94.3
B02340,561,3.5,2.48,31.9,49.1,45.06,86.55
B02341,710,3.54,3.95,40.6,59.0,43.32,85.06
B02342,681,3.64,0.55,20.8,57.9,44.03,87.25
B02343,660,4.2,4.26,28.6,58.5,44.24,85.0
B02344,64,3.48,3.96,42.5,34.2,50.22,95.05
B02345,1785,3.36,3.8,35.2,105.0,32.98,63.0
B02346,1249,4.02,0.78,48.3,75.2,36.86,72.09
B02347,298,3.51,3.31,21.9,44.9,47.11,94.66
B02348,1877,3.51,1.98,31.6,107.6,31.13,60.63
B02349,812,3.84,1.33,47.4,67.3,41.9,82.06
B02350,935,3.39,1.59,26.5,68.6,40.39,81.51
B02351,510,4.08,1.92,23.6,54.5,45.46,88.39
B02352,630,3.88,0.73,29.6,51.0,43.8,84.81
B02353,1447,3.67,1.82,27.7,87.6,35.39,72.37
B02354,480,3.76,2.2,37.8,44.3,45.42,89.29
B02355,776,4.07,4.66,43.6,65.2,43.06,80.49
B02356,1927,4.02,2.11,38.1,109.8,31.69,60.29
B02357,517,4.13,0.92,23.3,47.5,45.33,89.22
B02358,758,4.19,3.85,33.8,55.8,43.18,82.79
B02359,146,3.9,3.23,28.4,36.5,48.14,96.75
B02360,1039,3.42,1.2,38.2,75.4,39.99,76.27
B02361,643,3.92,2.21,27.4,53.3,43.92,85.12
B02362,1458,4.1,1.6,26.5,85.0,35.39,70.45
B02363,402,3.93,3.0,27.9,47.8,46.03,91.08
B02364,1723,3.97,1.82,32.6,95.3,32.21,64.02
B02365,669,4.15,0.73,24.3,58.1,43.21,86.61
B02366,1693,4.02,4.27,40.1,96.4,33.11,64.84
B02367,402,4.01,3.38,34.1,44.9,45.29,91.34
B02368,1266,3.69,4.0,44.0,85.5,37.48,72.31
B02369,1429,3.2,2.72,38.9,87.9,35.3,67.48
B02370,1449,3.92,2.42,45.0,84.8,35.31,66.4
B02371,329,3.21,1.34,29.9,47.7,47.0,92.18
B02372,94,3.71,4.12,29.9,34.4,49.32,98.44
B02373,1914,3.24,4.94,42.4,110.7,30.81,57.23
B02374,267,4.0,2.1,33.1,44.7,48.04,93.88
B02375,227,3.97,1.93,35.4,39.9,47.52,94.43
B02376,1542,3.74,4.18,21.2,94.0,35.48,71.04
B02377,1181,3.35,2.02,20.7,75.7,38.38,76.5
B02378,1703,3.24,3.81,45.8,101.5,33.46,63.08
B02379,296,3.21,1.94,29.4,37.5,46.41,93.83
B02380,1705,3.87,3.64,43.8,96.4,33.74,61.94
B02381,799,3.33,4.55,45.6,58.8,42.11,81.3
B02382,79,3.41,4.62,41.5,28.5,50.15,94.35
B02383,1516,3.96,2.18,40.7,95.5,34.96,66.87
B02384,926,3.28,2.37,40.4,63.2,40.3,79.16
B02385,113,3.47,3.32,30.0,36.6,48.19,95.99
B02386,1206,3.71,0.72,23.5,82.8,37.06,75.69
B02387,1502,3.94,3.78,28.0,85.1,35.51,68.61
B02388,135,3.93,1.32,28.7,38.7,48.68,95.27
B02389,1982,3.96,4.1,29.1,105.2,29.63,58.51
B02390,1310,3.52,1.24,33.7,87.1,37.2,71.69
B02391,224,3.35,1.28,44.0,39.6,47.07,93.51
B02392,1699,3.44,1.41,30.0,95.5,33.4,65.21
B02393,1367,3.78,4.3,26.0,83.0,36.2,73.91
B02394,583,4.1,1.87,47.7,49.1,43.25,83.89
B02395,26,3.53,2.5,36.2,30.3,49.47,96.72
B02396,154,3.24,4.64,33.2,34.9,48.1,95.87
B02397,56,4.11,2.83,42.8,32.7,49.29,97.58
B02398,714,3.71,1.0,34.6,55.3,43.78,82.67
B02399,1882,3.44,1.34,47.1,109.0,30.82,58.72
B02400,1161,3.61,1.71,31.9,73.7,37.73,73.9
B02401,119,3.79,3.55,23.9,35.5,49.61,98.79
B02402,1448,4.18,3.17,22.7,84.1,35.86,72.4
B02403,1403,3.67,3.81,35.6,81.9,35.58,72.1
B02404,429,3.9,3.45,37.6,49.0,44.99,87.99
B02405,934,3.87,3.54,20.3,62.4,39.99,82.7
B02406,889,4.07,4.32,31.6,64.2,41.9,81.02
B02407,1793,3.57,3.22,49.4,101.8,32.77,60.5
B02408,1223,3.89,4.74,26.8,76.5,37.71,73.94
B02409,1131,3.8,5.0,44.8,75.4,38.88,75.01
B02410,238,4.12,0.85,45.5,37.3,48.08,93.77
B02411,1966,3.52,1.75,27.3,109.4,29.68,60.59
B02412,876,3.44,4.05,41.7,63.2,41.56,80.12
B02413,1224,3.95,3.31,42.1,79.7,36.92,73.2
B02414,1755,3.75,1.93,20.9,104.1,33.27,66.24
B02415,679,3.21,2.59,29.7,54.6,42.5,86.11
B02416,1512,3.37,3.92,23.1,93.9,34.19,69.56
B02417,23,3.26,2.58,23.6,27.8,50.0,98.91
B02418,1451,3.33,2.08,26.8,90.6,35.45,72.28
B02419,1227,3.9,3.79,25.9,82.6,38.0,77.2
B02420,948,3.8,1.77,20.6,70.7,40.21,81.41
B02421,1629,3.82,3.76,35.9,98.6,32.96,65.84
B02422,179,4.17,0.64,26.1,40.7,48.28,96.38
B02423,12,3.47,4.38,30.3,34.9,50.67,100.0
B02424,416,3.94,2.87,49.5,43.9,45.84,87.61
B02425,1290,3.97,1.74,28.9,79.3,36.24,72.16
B02426,813,3.52,0.9,47.4,67.2,41.33,78.88
B02427,1483,3.3,0.56,43.3,91.9,34.29,67.55
B02428,626,3.62,3.35,35.5,51.3,43.09,86.37
B02429,223,3.64,4.18,43.1,40.4,47.77,94.27
B02430,705,3.25,2.27,20.4,54.1,43.24,86.46
B02431,882,3.81,4.89,31.9,68.5,41.04,82.92
B02432,744,3.33,0.51,48.3,58.1,43.24,81.5
B02433,1483,4.07,2.78,33.5,87.2,35.02,69.2
B02434,1659,3.43,1.3,34.4,96.7,33.33,64.5
B02435,1451,3.77,3.93,40.1,84.1,34.66,68.8
B02436,671,3.29,2.88,33.0,58.9,42.86,86.26
B02437,1989,3.54,1.75,25.2,105.8,30.28,60.58
B02438,910,4.11,4.97,33.2,66.1,41.49,78.77
B02439,1497,3.28,3.9,21.1,87.8,35.3,71.21
B02440,921,3.44,3.85,41.2,64.6,40.66,80.49
B02441,662,4.17,2.66,24.6,55.4,43.68,88.63
B02442,554,4.04,4.09,34.8,47.9,44.06,87.63
B02443,637,4.08,0.96,47.5,54.4,42.63,83.18
B02444,1988,4.15,2.93,29.1,109.4,30.56,60.59
B02445,1457,4.14,3.39,38.0,90.5,36.41,67.15
B02446,1927,3.44,1.8,24.4,103.3,30.73,60.2
B02447,1470,3.73,0.51,48.7,85.8,35.12,65.23
B02448,1350,3.53,1.56,41.5,81.6,36.56,69.32
B02449,205,3.85,4.5,27.6,37.2,48.26,96.87
B02450,1790,3.28,1.16,33.4,105.3,32.76,63.3
B02451,1936,3.46,3.2,29.6,107.7,30.63,58.7
B02452,1850,3.44,2.69,45.1,104.4,31.57,59.29
B02453,1787,3.44,4.17,21.8,100.3,32.98,63.23
B02454,394,3.54,0.9,42.2,45.3,46.16,88.28
B02455,1452,3.44,1.58,29.1,91.3,34.61,68.59
B02456,859,3.58,4.99,37.9,59.4,40.88,81.07
B02457,397,3.35,1.62,30.7,45.3,46.36,90.9
B02458,148,3.76,3.92,33.2,32.8,49.02,96.92
B02459,1940,3.63,1.97,40.6,110.0,30.08,59.83
B02460,1483,3.26,2.69,49.9,92.0,35.86,66.69
B02461,95,3.48,1.2,45.8,32.1,50.01,95.85
B02462,1760,3.77,1.23,30.1,99.6,32.88,62.4
B02463,44,3.44,1.9,39.3,32.7,49.08,97.25
B02464,1444,3.31,3.25,31.7,88.6,35.19,69.26
B02465,559,3.95,0.92,21.2,53.3,43.51,88.95
B02466,230,3.87,3.66,39.9,39.2,48.03,94.22
B02467,1603,3.99,3.07,24.2,90.2,33.2,68.66
B02468,877,3.9,3.39,45.7,69.7,41.21,78.3
B02469,903,3.86,3.56,24.2,63.2,41.8,82.33
B02470,917,3.42,0.99,22.9,62.3,41.32,83.69
B02471,1147,3.88,1.58,44.9,77.3,37.8,72.64
B02472,600,4.06,2.58,45.9,50.0,44.75,86.0
B02473,1417,3.48,3.67,41.0,85.3,36.57,71.08
B02474,1393,3.5,2.25,22.8,83.0,36.55,71.75
B02475,1739,3.36,3.04,30.0,104.3,32.4,64.33
B02476,257,3.42,1.25,39.1,41.0,46.48,92.62
B02477,1494,3.43,1.76,49.3,90.9,35.16,68.31
B02478,321,3.97,2.41,44.3,43.9,47.62,89.15
B02479,1532,3.36,1.04,44.5,86.3,35.04,66.92
B02480,236,3.34,2.42,30.5,40.0,46.89,93.13
B02481,1838,3.22,1.01,25.8,103.6,32.02,61.61
B02482,395,3.46,4.21,41.4,41.5,46.52,90.87
B02483,259,3.8,1.13,23.6,39.7,46.55,95.67
B02484,1888,4.04,0.83,45.8,108.5,31.38,58.24
B02485,1279,3.79,2.18,39.7,77.5,36.96,74.1
B02486,1763,3.59,3.72,45.7,98.3,33.24,61.49
B02487,1230,4.01,1.05,33.6,81.7,36.7,74.1
B02488,1201,4.11,1.95,49.8,82.8,37.5,70.54
B02489,1048,3.98,4.51,41.7,72.3,39.79,76.43
B02490,1132,3.5,3.44,44.6,76.9,37.69,75.21
B02491,1265,3.37,1.57,42.8,80.5,36.92,70.88
B02492,637,3.85,2.7,24.2,58.0,44.25,86.88
B02493,450,3.6,0.59,26.3,45.6,45.78,90.24
B02494,400,3.39,3.79,24.7,47.1,46.98,93.9
B02495,1536,3.26,2.21,48.0,88.4,35.39,66.31
B02496,595,3.81,3.04,36.1,56.6,43.16,85.42
B02497,118,4.08,1.01,29.1,29.7,48.63,95.67
B02498,1229,3.84,4.07,25.0,81.3,37.54,75.58
B02499,1516,3.56,1.37,30.5,90.0,34.94,67.39
B02500,787,3.64,1.27,37.8,64.9,42.43,81.18
B02501,1378,3.89,4.22,32.7,85.5,35.28,70.44
B02502,1203,4.13,4.82,38.2,75.6,38.52,73.84
B02503,654,3.32,0.51,44.1,60.0,44.06,84.82
B02504,220,3.99,4.76,30.2,35.5,48.6,94.84
B02505,299,3.32,3.41,31.0,41.8,47.39,93.34
B02506,815,3.86,4.92,32.8,61.6,42.28,84.34
B02507,784,3.58,4.72,42.6,63.7,42.83,81.98
B02508,1669,3.76,0.77,44.1,97.4,33.28,61.98
B02509,1107,3.37,2.56,41.1,69.5,38.4,76.12
B02510,1904,4.11,3.29,31.9,110.0,30.59,62.78
B02511,1341,3.72,1.04,40.8,83.7,36.64,70.91
B02512,1080,3.33,1.24,22.9,68.2,40.11,80.1
B02513,1502,3.73,0.68,22.3,89.0,34.91,71.64
B02514,1321,3.77,3.66,48.5,87.8,35.9,71.52
B02515,50,3.51,2.01,45.2,29.5,49.11,96.94
B02516,456,4.17,4.82,47.0,49.7,45.16,87.28
B02517,404,3.54,4.54,21.0,44.6,46.33,91.85
B02518,983,3.42,3.79,47.7,65.7,40.9,76.99
B02519,1022,3.66,4.32,48.0,73.0,40.08,75.77
B02520,465,3.99,3.89,46.6,51.4,45.29,89.08
B02521,90,3.47,4.62,25.5,32.7,49.61,99.4
B02522,325,3.94,3.2,31.8,45.0,45.84,91.1
B02523,1479,3.56,2.7,40.2,84.9,36.18,67.17
B02524,27,4.07,3.76,35.4,35.5,49.89,98.16
B02525,1409,3.22,0.8,33.6,90.6,36.2,71.73
B02526,664,3.31,2.74,27.7,55.9,43.37,87.09
B02527,972,4.17,4.1,23.9,69.8,39.95,80.84
B02528,1755,3.92,2.72,47.4,100.3,32.88,62.58
B02529,530,3.8,2.25,48.2,53.4,45.21,85.28
B02530,303,3.95,2.47,43.9,38.0,47.67,89.45
B02531,1159,3.45,1.63,26.1,78.3,37.75,76.55
B02532,1039,4.04,3.61,37.3,76.0,40.49,75.86
B02533,860,3.84,1.27,43.8,63.1,42.22,81.45
B02534,1182,3.5,3.11,45.3,78.8,37.91,73.18
B02535,1800,3.31,3.87,38.0,104.7,31.04,62.84
B02536,342,3.24,0.94,46.8,47.0,47.4,91.29
B02537,1519,4.06,1.88,45.5,86.3,34.76,68.43
B02538,225,3.57,1.54,35.5,35.4,47.56,95.49
B02539,1457,3.23,3.21,42.0,84.6,35.52,67.39
B02540,815,3.94,2.42,42.3,65.6,41.58,80.19
B02541,1721,3.41,4.34,44.7,94.5,33.21,64.39
B02542,898,3.24,1.41,21.0,68.7,41.84,82.0
B02543,157,3.25,4.82,49.5,38.0,49.22,92.44
B02544,1827,3.94,3.03,23.2,100.1,30.92,62.68
B02545,1566,3.55,2.68,29.0,94.4,34.54,69.97
B02546,517,4.16,4.32,40.3,55.4,45.53,88.03
B02547,305,4.13,4.11,25.5,45.4,46.63,93.16
B02548,1357,3.28,4.44,28.9,86.6,35.63,74.11
B02549,613,3.23,2.9,38.4,52.8,43.59,85.13
B02550,1344,4.16,1.67,43.0,80.3,37.21,71.05
B02551,1672,4.05,0.66,40.7,94.3,33.06,65.14
B02552,1666,4.14,2.41,27.9,94.8,32.83,65.18
B02553,1030,4.04,4.41,32.2,73.8,38.9,78.45
B02554,670,3.25,4.22,49.3,54.9,42.41,83.0
B02555,613,3.32,3.6,42.4,58.3,42.91,84.86
B02556,407,3.42,1.11,25.4,47.0,46.3,93.59
B02557,961,3.43,1.1,25.4,64.3,39.98,81.87
B02558,869,3.78,1.95,22.6,64.9,41.63,81.16
B02559,1743,3.2,2.56,46.5,98.8,32.64,63.45
B02560,985,4.02,2.29,27.6,65.5,40.13,79.75
B02561,103,4.03,2.67,48.8,36.4,49.79,92.75
B02562,1914,3.8,2.56,39.7,105.8,30.81,61.07
B02563,999,3.95,4.03,22.8,72.2,40.48,81.19
B02564,1433,4.19,2.79,31.3,90.5,35.36,68.73
B02565,999,3.44,2.61,43.2,65.0,40.81,76.62
B02566,390,3.49,3.44,47.7,47.4,45.74,88.4
B02567,996,3.31,2.83,47.8,70.4,39.21,75.93
B02568,867,3.46,0.98,39.4,62.8,40.98,81.36
B02569,1778,3.26,3.05,48.2,105.4,32.21,61.3
B02570,145,3.41,3.83,26.7,39.8,48.33,95.79
B02571,1695,3.88,1.43,35.8,93.7,32.59,63.76
B02572,950,3.44,4.59,35.3,71.3,39.86,81.01
B02573,372,4.19,2.48,45.6,45.8,47.18,90.36
B02574,981,3.27,3.98,25.7,66.0,40.67,79.35
B02575,925,3.25,1.06,22.8,65.0,41.42,83.01
B02576,809,3.73,2.36,26.6,63.0,41.54,85.08
B02577,215,3.48,3.15,38.7,34.8,47.36,95.23
B02578,291,3.8,4.41,42.7,41.6,47.44,92.3
B02579,865,3.62,0.72,37.9,64.5,40.43,79.76
B02580,1375,3.53,1.23,39.1,87.9,36.83,69.59
B02581,1581,3.95,4.07,48.6,90.2,34.11,66.66
B02582,1627,3.66,0.8,28.8,90.5,32.77,67.96
B02583,349,3.22,2.38,44.2,46.4,47.31,90.0
B02584,1157,4.02,2.31,49.2,72.6,39.35,71.93
B02585,1887,3.64,4.87,30.9,108.8,30.3,61.12
B02586,619,3.72,2.12,46.9,52.7,43.22,84.64
B02587,1527,3.37,4.35,26.4,87.5,34.64,69.83
B02588,125,3.39,1.75,34.9,35.8,49.74,95.62
B02589,382,3.62,2.48,42.0,41.6,45.64,88.97
B02590,314,4.15,3.06,40.4,46.7,47.11,92.62
B02591,1524,3.74,1.63,23.7,92.6,34.43,68.28
B02592,1938,4.17,0.63,27.4,111.5,29.89,59.98
B02593,498,3.79,1.85,46.4,46.8,44.25,84.86
B02594,1366,4.14,0.97,42.1,88.5,36.82,71.22
B02595,149,3.48,2.68,42.8,38.4,47.72,95.48
B02596,1539,3.22,3.25,29.2,93.2,34.82,69.5
B02597,1901,4.04,1.07,27.8,102.8,31.4,61.52
B02598,978,3.96,4.63,20.0,71.3,40.97,79.44
B02599,1132,3.36,3.91,37.7,71.5,37.93,75.06
B02600,1759,3.45,2.27,46.6,102.2,31.84,62.01
B02601,1807,4.19,2.74,21.4,101.3,32.5,64.0
B02602,1159,3.39,2.73,22.2,77.7,37.89,76.39
B02603,1897,3.42,0.78,39.4,107.6,30.94,59.54
B02604,1715,3.38,3.8,33.4,95.6,33.54,64.18
B02605,1311,3.82,3.55,35.8,78.2,36.75,72.49
B02606,1637,3.25,4.11,29.7,94.7,34.18,67.13
B02607,96,3.98,2.97,38.5,34.2,49.78,96.09
B02608,1809,3.69,2.45,45.7,102.9,32.81,61.75
B02609,711,3.54,1.54,43.3,55.1,42.39,84.86
B02610,264,4.04,3.47,47.9,38.3,47.58,90.3
B02611,1576,4.02,4.46,48.0,95.2,34.26,64.96
B02612,1537,3.77,3.16,34.2,92.4,34.01,69.02
B02613,611,4.06,3.66,37.1,49.7,44.29,86.85
B02614,1287,3.38,4.99,47.6,85.0,36.75,72.23
B02615,319,3.26,4.11,21.4,43.5,45.82,93.51
B02616,1760,3.4,4.62,34.7,97.4,31.76,63.99
B02617,310,3.96,0.84,41.1,43.8,47.31,90.41
B02618,1184,3.29,2.57,32.5,79.8,38.92,75.16
B02619,505,3.69,2.72,31.2,52.7,45.27,87.58
B02620,434,3.4,2.24,21.8,46.7,45.65,91.06
B02621,119,3.86,1.15,29.8,39.6,48.77,97.51
B02622,1415,3.56,0.93,26.1,82.2,36.34,70.21
B02623,270,3.85,4.11,42.5,38.9,46.84,90.37
B02624,1720,3.93,3.75,29.2,95.3,33.42,65.58
B02625,971,3.27,3.66,27.7,69.3,40.62,80.12
B02626,1869,4.2,1.0,34.6,104.7,31.29,60.01
B02627,622,3.38,1.62,21.8,52.6,43.31,88.19
B02628,684,3.27,4.91,36.6,60.5,42.23,85.26
B02629,334,3.61,0.87,32.1,39.4,47.27,94.15
B02630,1043,3.63,3.42,25.7,67.1,39.9,77.42
B02631,1537,3.53,4.85,38.5,88.9,35.29,68.63
B02632,1109,3.72,3.67,33.0,77.0,38.01,77.17
B02633,1474,3.91,0.77,26.4,91.1,34.45,70.64
B02634,1504,3.82,0.58,36.9,85.3,35.59,66.92
B02635,1612,3.68,0.51,43.2,91.8,33.93,65.55
B02636,307,3.39,4.99,41.5,42.1,47.21,89.54
B02637,1269,4.02,3.38,34.2,78.7,36.84,74.3
B02638,236,4.07,2.65,46.1,37.3,47.69,90.47
B02639,960,3.7,3.09,26.2,65.1,41.14,78.99
B02640,773,3.27,4.55,49.0,60.4,42.23,82.02
B02641,744,3.45,1.4,41.6,64.7,42.3,82.77
B02642,980,3.85,2.75,39.6,66.8,41.19,78.26
B02643,1382,3.71,0.81,38.0,89.6,37.01,68.45
B02644,1954,4.05,1.09,36.2,103.7,29.79,58.4
B02645,332,3.52,3.11,46.0,42.4,45.77,88.89
B02646,1265,4.14,1.97,22.8,82.2,36.57,74.43
B02647,882,3.23,0.86,23.8,63.7,40.91,82.26
B02648,420,3.52,4.54,36.9,48.2,44.82,88.22
B02649,952,3.25,4.79,40.1,72.1,40.7,79.49
B02650,739,3.97,0.9,43.7,59.6,41.77,84.07
B02651,959,3.42,1.86,39.1,66.2,40.51,79.19
B02652,449,3.77,2.57,38.0,46.3,45.13,87.88
B02653,698,3.44,2.68,39.4,56.7,42.5,82.23
B02654,1899,4.18,3.54,34.7,106.3,31.56,59.67
B02655,458,3.73,2.59,20.4,49.1,45.65,92.45
B02656,1374,4.06,1.45,44.7,83.6,36.02,70.35
B02657,1865,3.84,3.83,42.3,109.2,32.15,60.98
B02658,1084,4.01,4.45,22.6,69.6,38.68,79.54
B02659,855,3.48,0.96,27.6,68.3,42.08,83.2
B02660,173,3.24,3.57,27.3,39.9,48.48,95.61
B02661,577,4.19,4.44,34.7,57.4,43.66,85.9
B02662,787,3.71,3.35,46.2,63.2,42.16,82.04
B02663,1149,4.02,4.66,22.3,71.2,39.07,77.93
B02664,1901,4.17,3.64,26.6,104.9,30.33,63.35
B02665,1863,3.55,0.53,34.0,106.0,31.6,61.94
B02666,1312,3.88,4.86,43.1,86.4,37.74,71.05
B02667,1546,3.95,2.86,35.0,95.3,34.11,66.76
B02668,533,3.33,4.08,25.5,50.6,43.68,88.0
B02669,1255,4.03,4.91,43.6,75.8,36.52,70.81
B02670,75,3.86,4.57,39.3,35.1,49.93,95.56
B02671,830,4.05,1.4,48.2,62.3,41.11,79.42
B02672,1239,3.31,3.52,39.1,83.5,36.78,74.92
B02673,1932,3.39,3.59,48.0,104.4,30.34,57.21
B02674,1428,3.72,0.56,42.0,83.6,35.34,70.55
B02675,1693,3.4,1.26,36.0,99.3,33.42,66.32
B02676,202,4.09,3.5,34.9,41.6,47.46,94.33
B02677,1384,3.28,1.26,34.3,81.6,35.94,71.47
B02678,701,3.96,2.39,42.7,61.0,43.42,83.27
B02679,1323,3.83,1.75,24.4,87.4,36.1,74.49
B02680,1724,3.82,3.16,22.7,100.8,33.74,64.4
B02681,11,4.18,4.49,29.4,29.6,50.6,99.41
B02682,1620,3.57,2.46,41.5,90.9,34.67,65.33
B02683,318,3.7,3.65,32.4,42.8,47.42,91.88
B02684,1137,3.38,1.8,40.4,77.5,37.96,73.85
B02685,1699,3.75,1.15,21.9,96.6,33.15,65.56
B02686,850,3.3,2.83,33.1,66.3,41.95,81.88
B02687,568,3.65,3.24,41.9,53.2,45.05,86.27
B02688,1856,3.97,3.53,31.0,107.2,32.22,61.7
B02689,1234,4.01,1.28,32.7,78.7,36.72,75.21
B02690,1631,3.94,3.59,41.6,92.6,33.55,63.47
B02691,1220,3.53,3.49,32.4,74.4,37.42,74.45
B02692,303,4.06,2.2,34.3,40.3,47.21,92.96
B02693,689,3.63,4.86,47.3,61.1,42.74,82.05
B02694,858,3.9,3.31,25.8,63.3,42.34,81.79
B02695,53,3.95,5.0,48.0,35.9,48.8,95.58
B02696,1281,3.42,1.13,48.2,83.4,38.19,69.84
B02697,317,3.46,2.18,24.5,42.6,46.14,95.35
B02698,1330,3.42,4.05,22.9,83.8,37.55,75.34
B02699,1381,3.29,4.11,41.1,86.8,36.83,69.21
B02700,536,3.39,1.44,21.1,51.3,44.51,91.77
B02701,1780,4.08,0.8,41.8,100.7,31.77,61.99
B02702,1217,3.51,0.92,29.8,79.3,37.06,75.32
B02703,1225,4.19,4.35,26.6,82.9,38.27,73.97
B02704,111,3.28,1.89,47.5,33.6,48.51,93.93
B02705,147,3.22,3.79,27.3,31.8,47.77,96.47
B02706,1942,3.4,3.42,25.2,111.1,30.07,62.92
B02707,118,3.6,3.3,36.6,37.6,48.58,96.73
B02708,1287,3.73,3.46,37.9,81.4,38.12,73.09
B02709,48,3.36,3.66,45.4,31.3,49.2,94.87
B02710,893,3.76,0.94,36.8,63.8,40.58,81.06
B02711,556,3.34,1.21,35.0,53.9,45.28,87.78
B02712,1394,3.92,1.65,32.9,86.7,36.21,71.79
B02713,1790,3.37,3.36,41.6,99.6,32.32,61.76
B02714,952,3.58,4.62,36.4,63.2,40.88,77.4
B02715,1541,4.12,1.72,49.8,92.1,34.83,65.31
B02716,197,3.84,3.56,40.2,35.8,48.41,95.67
B02717,1741,4.12,1.84,30.4,101.3,32.33,63.68
B02718,970,3.39,4.36,30.1,64.7,40.86,79.76
B02719,513,3.33,4.78,44.3,54.5,45.6,85.24
B02720,950,3.92,2.85,26.6,71.6,40.51,79.42
B02721,545,3.3,4.92,40.5,50.5,44.18,84.9
B02722,734,3.89,4.57,31.5,55.5,42.39,85.73
B02723,1150,3.38,2.82,29.8,77.7,37.54,75.49
B02724,881,4.0,0.87,26.9,61.1,41.88,82.06
B02725,1784,4.02,1.97,24.7,99.7,32.59,62.42
B02726,794,4.01,1.91,34.2,59.4,41.55,83.15
B02727,1761,3.43,2.19,28.3,97.1,31.46,64.09
B02728,478,3.23,0.56,33.9,45.5,44.89,90.76
B02729,309,3.95,4.82,22.0,43.9,47.76,94.34
B02730,684,3.37,1.97,27.8,57.6,42.78,86.21
B02731,769,3.96,2.2,38.1,63.4,42.36,81.21
B02732,1157,3.31,3.92,48.2,79.0,38.28,72.63
B02733,153,4.02,1.75,39.8,38.0,49.15,93.87
B02734,208,3.47,2.97,42.9,39.3,48.83,91.21
B02735,481,3.42,4.36,44.7,54.0,44.41,85.77
B02736,1125,3.34,0.85,41.7,72.1,39.6,73.29
B02737,859,3.56,1.73,27.3,68.1,42.3,81.99
B02738,200,3.86,1.4,39.6,41.5,47.56,92.59
B02739,612,4.09,0.65,46.4,51.0,44.63,83.81
B02740,349,3.77,4.84,48.0,44.3,47.42,91.03
B02741,1534,3.38,4.95,27.9,88.7,34.93,70.46
B02742,356,4.07,0.52,38.7,45.0,47.12,90.79
B02743,829,3.5,2.88,40.4,65.7,42.65,80.19
B02744,1496,3.33,3.36,48.9,94.2,35.06,66.64
B02745,986,3.82,1.47,47.6,71.8,41.02,78.66
B02746,1969,4.1,2.99,20.3,106.0,30.07,62.02
B02747,1904,3.77,4.82,33.1,110.3,30.11,59.07
B02748,1595,3.23,2.23,41.1,98.4,33.99,64.4
B02749,1451,3.27,3.92,28.0,83.9,35.07,71.15
B02750,405,3.61,1.99,21.5,45.0,45.52,90.47
B02751,1623,4.07,4.62,42.7,90.8,33.17,65.77
B02752,1202,3.86,2.83,22.6,77.6,38.84,78.01
B02753,1835,3.91,2.27,39.5,101.6,31.44,61.65
B02754,1631,3.28,4.25,41.5,95.9,33.14,64.14
B02755,637,3.33,1.93,33.7,54.6,42.87,86.46
B02756,409,3.94,3.55,38.1,50.5,45.4,89.08
B02757,1125,3.77,3.26,48.2,77.7,38.48,72.9
B02758,944,3.81,2.07,27.3,68.9,40.57,82.2
B02759,1240,3.74,1.77,43.6,75.9,37.2,71.11
B02760,63,4.04,0.65,48.7,36.3,49.05,97.0
B02761,1501,3.54,2.08,27.4,92.1,34.57,68.39
B02762,800,3.81,1.47,25.1,60.7,42.49,84.5
B02763,1540,3.37,1.66,26.6,87.8,34.74,67.71
B02764,1459,3.92,4.26,22.1,89.9,36.21,69.6
B02765,1612,3.49,4.31,20.4,91.9,33.17,66.89
B02766,1764,3.25,2.75,27.4,104.4,31.43,63.81
B02767,413,3.7,3.21,31.5,47.8,46.26,90.02
B02768,634,3.56,3.19,21.1,52.5,43.32,89.75
B02769,1856,3.8,4.02,47.5,100.8,32.29,58.24
B02770,1549,4.01,2.67,23.7,91.3,34.03,67.66
B02771,1777,3.59,1.34,34.5,102.0,32.62,64.53
B02772,1928,3.66,1.44,40.6,107.0,31.35,59.31
B02773,1914,3.35,2.84,24.4,111.4,30.25,62.61
B02774,904,4.01,3.37,20.6,63.0,41.82,83.71
B02775,489,3.29,1.19,35.4,47.4,45.66,87.12
B02776,561,3.2,3.61,30.8,51.4,44.23,89.57
B02777,751,4.03,4.92,49.3,56.0,41.73,80.98
B02778,1258,3.21,2.85,37.2,76.6,37.24,72.29
B02779,1318,4.18,2.42,40.6,87.1,36.05,69.94
B02780,1073,3.83,1.94,47.7,71.8,39.97,76.89
B02781,1079,3.65,2.31,32.5,73.3,38.67,77.47
B02782,28,3.99,3.2,36.8,31.8,49.4,98.71
B02783,1480,3.46,4.39,24.8,89.8,35.09,70.7
B02784,1942,3.35,1.84,36.5,111.9,30.33,59.58
B02785,966,3.9,3.29,47.9,70.1,40.52,79.14
B02786,403,4.01,2.01,43.8,49.7,46.53,90.13
B02787,1200,3.63,4.84,21.8,82.1,38.09,75.45
B02788,333,4.15,1.03,30.6,42.2,45.8,93.69
B02789,1209,3.63,0.65,20.8,78.9,38.41,75.02
B02790,18,4.01,0.59,33.0,33.1,49.34,97.38
B02791,912,3.92,1.75,32.6,61.5,41.8,79.86
B02792,1301,3.52,4.17,36.8,86.3,36.35,70.37
B02793,550,4.02,2.01,26.3,49.8,45.14,88.37
B02794,239,3.33,4.89,35.5,38.2,47.69,94.84
B02795,1777,3.81,3.73,21.9,99.4,32.08,63.87
B02796,1699,3.5,3.58,24.0,100.5,33.59,64.26
B02797,235,4.16,1.83,47.2,41.2,47.6,93.19
B02798,1953,4.14,3.32,33.3,103.3,30.35,58.66
B02799,100,3.98,5.0,30.0,33.9,48.31,96.8
B02800,1780,3.93,2.53,42.9,97.2,31.37,61.52
B02801,587,3.86,4.04,44.3,53.7,43.51,86.76
B02802,1898,3.79,2.14,24.8,109.5,30.53,60.34
B02803,719,3.89,4.24,40.8,59.4,42.73,81.49
B02804,243,3.97,3.99,21.7,39.4,47.69,96.97
B02805,722,4.17,3.46,22.4,59.6,43.48,85.36
B02806,614,3.55,3.26,41.2,54.4,44.63,85.37
B02807,1280,3.9,3.31,43.2,78.9,37.14,70.29
B02808,1320,3.71,4.35,48.4,78.6,37.14,70.64
B02809,1110,4.11,1.41,23.6,77.4,39.25,79.11
B02810,1535,3.44,1.68,24.8,89.1,34.0,69.23
B02811,1237,3.58,0.7,30.8,77.2,36.65,75.26
B02812,1583,3.86,0.55,26.2,95.0,33.61,70.1
B02813,461,3.82,1.25,28.0,48.0,45.82,91.91
B02814,903,3.69,1.21,33.2,67.3,40.6,80.14
B02815,746,3.24,2.62,25.9,58.2,42.99,83.54
B02816,1829,3.94,2.9,23.8,104.3,32.09,63.57
B02817,1638,3.9,1.46,42.4,99.7,33.4,65.78
B02818,1750,3.64,3.72,33.7,102.4,33.4,63.33
B02819,1124,4.12,0.56,33.6,75.8,38.1,77.9
B02820,1173,4.07,1.65,30.7,78.2,38.76,74.57
B02821,1745,3.77,3.05,42.3,101.8,33.22,63.59
B02822,1352,3.59,4.1,45.1,79.8,36.74,69.73
B02823,1811,3.24,4.95,46.0,97.8,31.31,61.82
B02824,417,3.27,1.43,47.1,44.7,45.91,89.35
B02825,1805,3.81,2.47,38.5,97.4,32.68,60.19
B02826,352,3.95,1.12,48.4,44.0,47.43,91.39
B02827,1825,3.74,4.52,46.5,101.3,32.55,59.53
B02828,1332,3.72,3.02,40.3,79.7,35.98,72.29
B02829,1897,3.43,2.22,46.8,104.6,30.04,58.08
B02830,1647,3.57,4.76,47.7,97.2,33.3,63.26
B02831,1013,3.94,4.11,32.3,68.7,39.37,78.39
B02832,600,4.09,2.62,36.0,55.3,44.27,87.85
B02833,915,3.88,1.02,28.4,65.6,41.72,80.44
B02834,711,3.93,4.18,36.8,54.3,43.4,85.89
B02835,773,3.82,0.63,48.6,58.6,42.86,81.61
B02836,424,3.72,2.13,24.6,48.8,46.67,90.9
B02837,779,3.69,0.66,32.6,56.4,42.88,83.19
B02838,1656,4.08,3.06,31.7,95.9,33.63,66.54
B02839,1999,3.58,3.89,40.1,112.1,29.57,57.56
B02840,356,3.69,1.44,29.5,46.8,47.25,94.18
B02841,388,3.92,4.85,46.8,49.6,46.46,89.59
B02842,593,3.8,1.85,34.2,49.8,44.68,87.32
B02843,690,3.61,2.1,32.6,55.7,43.73,87.01
B02844,364,3.34,1.34,31.0,47.5,45.49,93.18
B02845,9,3.36,1.74,31.2,31.5,49.71,97.61
B02846,403,3.57,1.63,49.7,45.3,46.69,87.42
B02847,1705,4.09,1.98,29.6,98.0,32.98,66.49
B02848,1639,3.4,1.32,36.4,98.5,33.62,67.12
B02849,578,3.89,4.64,22.7,57.4,44.34,90.52
B02850,299,3.85,3.71,45.7,39.6,46.7,90.53
B02851,414,3.41,3.36,29.1,44.7,46.72,92.81
B02852,1294,3.25,4.41,31.4,77.1,36.79,71.23
B02853,1550,3.85,3.42,40.7,89.4,35.26,67.41
B02854,1606,3.53,4.22,38.0,94.2,33.34,66.89
B02855,1032,3.25,2.98,42.5,74.0,39.49,76.29
B02856,1876,3.4,2.4,28.7,103.3,30.66,60.83
B02857,493,3.3,2.6,21.4,47.7,45.81,90.05
B02858,845,3.76,4.79,49.9,65.3,40.57,81.09
B02859,1369,3.78,1.7,36.3,86.2,36.81,69.3
B02860,1309,3.64,4.8,24.0,84.8,37.5,72.68
B02861,1926,3.63,4.27,20.2,107.5,30.2,63.14
B02862,827,3.93,4.56,35.9,63.9,42.61,81.75
B02863,1146,3.42,1.37,37.9,74.5,37.66,73.4
B02864,1212,3.52,4.46,24.3,81.5,37.71,76.14
B02865,508,3.76,0.8,48.9,53.7,45.06,85.69
B02866,890,3.76,2.26,20.5,65.6,40.2,82.38
B02867,1766,4.19,2.98,38.6,96.1,32.16,60.92
B02868,1055,3.77,2.33,38.3,73.8,38.69,78.62
B02869,747,3.31,4.36,34.1,64.6,42.78,85.38
B02870,1578,3.29,4.19,21.8,93.0,35.21,67.1
B02871,1896,3.21,3.54,26.9,104.3,30.07,62.89
B02872,122,4.04,2.98,45.5,38.8,49.74,95.0
B02873,428,3.35,2.89,23.7,48.4,45.01,92.29
B02874,1408,4.17,1.72,45.4,87.9,36.14,69.89
B02875,429,3.3,0.85,42.8,45.3,46.03,88.15
B02876,1987,3.76,4.44,40.9,109.5,31.05,59.72
B02877,1379,4.02,3.9,31.7,83.3,36.21,70.59
B02878,1644,3.22,1.91,40.3,91.3,32.91,65.99
B02879,827,3.49,4.75,44.4,66.1,41.03,80.39
B02880,529,3.23,1.24,36.3,49.6,44.66,87.2
B02881,893,3.92,3.43,48.6,63.3,40.26,77.04
B02882,258,3.77,1.28,23.9,38.5,46.99,93.67
B02883,1527,3.47,1.87,29.9,92.7,34.39,69.7
B02884,1004,3.97,2.46,29.8,73.6,40.61,77.44
B02885,1413,3.35,3.24,47.4,91.2,35.08,70.02
B02886,1825,3.69,4.92,48.3,105.5,32.09,60.67
B02887,452,3.36,0.51,30.9,50.2,46.26,88.24
B02888,793,3.6,2.49,38.3,61.9,41.39,81.46
B02889,1664,3.96,0.94,21.1,100.9,33.25,68.99
B02890,727,3.86,1.82,36.3,62.7,43.61,83.0
B02891,1811,3.34,3.94,46.9,99.0,31.44,59.1
B02892,1031,3.56,1.95,29.7,71.8,39.53,77.44
B02893,236,3.56,2.75,40.3,43.9,47.51,91.09
B02894,1217,3.66,3.46,34.4,78.5,38.76,73.82
B02895,1612,3.58,2.17,40.7,98.1,34.36,64.65
B02896,1358,3.74,2.31,43.0,86.2,37.08,69.69
B02897,1611,3.76,2.15,21.6,96.2,33.73,67.99
B02898,1915,3.55,1.86,25.4,106.8,30.54,63.02
B02899,1523,3.91,1.1,29.2,91.5,34.63,70.7
B02900,120,3.36,3.9,47.5,30.9,48.19,95.72
B02901,826,3.46,3.18,28.5,67.2,41.06,82.89
B02902,1748,3.54,2.15,32.5,104.4,31.97,62.97
B02903,1549,3.73,1.14,45.5,93.3,34.99,67.3
B02904,633,3.46,2.9,44.9,59.0,42.77,85.53
B02905,1622,3.7,1.18,49.5,99.4,34.7,62.55
B02906,283,3.46,3.89,42.0,43.7,47.81,91.13
B02907,1604,3.87,4.13,38.3,89.8,34.77,66.09
B02908,511,3.47,1.23,33.7,47.3,45.52,87.98
B02909,1044,3.56,3.37,22.7,72.9,39.31,78.31
B02910,33,3.91,3.44,25.2,31.7,50.13,97.36
B02911,343,3.32,1.57,28.8,39.8,45.75,93.65
B02912,508,4.08,1.82,43.0,49.0,44.76,88.5
B02913,321,3.85,1.11,29.4,38.1,46.99,92.98
B02914,1475,4.02,0.93,23.8,93.8,35.3,72.22
B02915,1759,4.19,4.57,26.4,105.0,33.06,63.16
B02916,452,3.79,4.73,20.7,44.4,45.29,91.83
B02917,90,3.87,0.84,35.7,32.0,48.3,95.91
B02918,1345,4.15,0.52,45.3,84.8,36.35,68.76
B02919,1853,3.7,3.2,34.1,102.4,30.91,62.18
B02920,648,3.95,3.41,32.5,53.1,44.13,87.35
B02921,301,3.7,4.72,40.5,46.0,46.99,93.43
B02922,1991,3.54,4.52,25.3,114.5,30.06,58.73
B02923,1032,3.24,1.17,39.7,73.3,38.78,75.2
B02924,435,3.87,1.12,38.6,44.3,44.9,88.57
B02925,1267,3.59,4.29,41.3,85.2,37.26,70.87
B02926,1650,3.66,1.83,28.1,98.3,32.92,67.85
B02927,84,4.02,1.14,27.7,33.2,49.21,98.22
B02928,1156,3.9,2.12,21.4,78.0,38.28,76.05
B02929,2000,4.17,1.76,36.8,111.7,30.76,58.73
B02930,1985,3.37,1.41,47.1,104.4,29.99,57.42
B02931,451,3.21,4.15,41.1,52.6,44.58,89.42
B02932,851,3.21,1.31,27.7,62.0,41.06,83.52
B02933,1882,3.93,4.18,31.8,104.2,31.17,60.38
B02934,1541,3.88,0.54,33.7,88.1,35.52,67.38
B02935,504,3.81,3.15,34.7,53.1,45.35,88.45
B02936,885,3.8,3.0,46.7,64.4,41.44,80.02
B02937,132,3.66,3.32,36.6,32.8,48.69,96.48
B02938,790,3.77,3.09,23.5,66.1,42.51,83.01
B02939,428,3.57,2.79,38.2,44.1,46.34,88.84
B02940,1514,3.98,4.54,31.4,87.0,34.49,68.75
B02941,1809,4.1,1.69,26.9,97.5,32.51,63.85
B02942,1507,3.64,1.99,35.8,93.0,35.13,67.42
B02943,1976,4.18,2.48,48.0,104.9,30.52,55.61
B02944,1457,4.15,3.12,36.7,91.4,35.58,70.02
B02945,435,3.48,3.76,32.3,44.0,46.26,91.67
B02946,1686,4.03,1.53,27.6,95.3,32.14,67.35
B02947,220,3.63,4.57,29.7,34.9,48.55,93.94
B02948,1406,3.45,3.53,44.6,82.3,36.13,70.75
B02949,244,3.73,4.06,29.5,35.6,46.8,95.89
B02950,1983,3.46,4.64,28.3,111.0,30.85,58.52
B02951,1323,3.36,4.69,26.5,83.6,36.54,72.79
B02952,507,3.31,3.76,21.9,45.6,44.87,89.59
B02953,645,3.77,2.27,41.5,55.7,43.28,85.63
B02954,1589,3.33,1.85,29.4,92.0,33.83,67.84
B02955,1954,4.1,3.95,31.2,108.1,30.81,58.47
B02956,1079,3.57,1.69,23.3,70.1,39.71,79.41
B02957,818,4.07,1.18,33.6,65.7,41.75,82.12
B02958,878,3.5,3.88,36.2,61.4,41.56,82.47
B02959,1183,3.91,1.8,49.3,81.1,38.21,71.06
B02960,838,3.22,4.25,24.8,62.6,40.66,84.89
B02961,356,3.74,4.68,31.5,48.4,45.54,91.05
B02962,754,3.82,2.74,31.8,61.8,41.55,83.85
B02963,1258,4.02,0.54,45.9,77.2,36.48,72.21
B02964,1796,3.8,1.26,27.5,104.7,32.75,63.5
B02965,624,3.63,3.48,49.8,55.0,42.9,81.95
B02966,1758,3.34,1.36,48.3,99.1,32.24,63.2
B02967,1524,3.71,2.19,29.3,87.0,34.03,70.03
B02968,1504,3.72,3.62,48.7,94.1,34.36,67.77
B02969,1872,3.2,3.67,33.8,100.3,31.13,61.18
B02970,1646,3.63,3.65,25.0,93.8,32.7,67.43
B02971,1212,3.88,0.76,49.0,81.6,38.41,71.68
B02972,1068,4.14,3.62,48.6,74.9,39.31,76.14
B02973,737,3.44,1.67,45.4,63.9,42.62,83.32
B02974,140,4.17,4.04,29.8,32.4,49.25,97.8
B02975,1256,4.12,1.83,26.4,77.7,38.41,76.13
B02976,1325,3.5,4.2,33.0,82.1,35.83,71.67
B02977,1528,4.18,4.03,49.5,91.0,34.84,66.76
B02978,1677,3.67,2.58,42.2,94.7,33.84,65.03
B02979,809,4.06,1.38,46.1,59.2,42.23,81.56
B02980,960,3.63,0.72,42.1,65.6,40.45,80.14
B02981,521,3.71,4.7,43.1,51.7,44.84,86.09
B02982,180,4.12,3.16,41.5,37.0,48.22,93.57
B02983,12,3.88,2.77,46.1,26.5,49.59,96.26
B02984,580,3.74,3.82,36.5,50.1,44.42,85.59
B02985,1659,3.3,0.67,41.8,98.1,34.32,65.44
B02986,1486,3.48,3.05,44.3,92.3,34.29,67.57
B02987,1330,3.63,4.03,45.7,80.5,37.17,71.99
B02988,1126,4.03,3.07,40.0,72.8,38.06,76.61
B02989,1848,3.58,4.48,27.2,107.6,30.78,63.05
B02990,1411,3.25,1.1,30.5,86.7,35.47,71.48
B02991,1929,3.37,4.7,28.7,104.2,30.99,62.03
B02992,1452,3.44,4.45,27.8,83.3,34.83,72.44
B02993,226,3.41,1.97,44.9,39.0,47.2,90.72
B02994,540,3.83,1.02,25.4,47.5,44.39,88.12
B02995,756,3.65,2.76,44.7,65.0,42.77,83.47
B02996,1810,3.63,3.75,45.3,99.4,31.68,62.17
B02997,1781,3.57,4.45,47.1,99.5,32.68,62.75
B02998,1279,3.46,1.54,43.0,85.4,38.05,70.3
B02999,172,3.59,4.4,25.1,37.1,48.17,95.02
B03000,866,3.9,2.83,35.1,64.7,40.36,81.66
B03001,481,4.17,3.99,31.6,53.7,44.94,91.28
B03002,653,3.63,4.28,49.3,54.0,43.42,82.66
B03003,1847,3.2,2.87,45.0,99.0,31.4,58.52
B03004,623,3.83,2.78,35.7,58.3,43.42,84.77
B03005,1346,4.09,3.96,24.9,86.8,37.15,72.84
B03006,1851,4.08,3.24,38.3,99.9,32.02,60.64
B03007,1682,4.07,2.32,36.8,95.7,33.06,64.38
B03008,18,3.98,1.61,43.8,26.0,50.8,97.77
B03009,17,4.08,4.57,47.2,31.2,49.35,94.93
B03010,1181,3.78,0.95,49.0,80.3,39.12,73.08
B03011,1065,4.08,0.99,39.9,71.8,39.34,74.74
B03012,1607,3.52,1.59,30.8,94.6,34.19,65.85
B03013,1665,3.97,1.27,36.5,98.3,32.39,65.63
B03014,1148,3.51,1.36,36.2,78.0,38.34,76.49
B03015,642,3.69,2.96,21.1,51.9,43.27,85.9
B03016,1782,3.51,3.89,47.9,106.2,32.56,59.77
B03017,55,4.13,2.08,27.5,30.8,49.55,99.23
B03018,760,3.88,1.4,31.4,56.8,42.5,82.23
B03019,1597,3.71,4.01,20.6,98.6,33.96,69.42
B03020,977,3.23,2.32,48.1,67.1,41.01,78.02
B03021,1089,3.35,1.22,22.5,70.7,38.92,77.76
B03022,937,3.51,2.22,36.1,67.1,41.26,77.88
B03023,1668,4.01,3.59,26.5,94.3,33.29,65.97
B03024,1547,3.81,4.05,40.7,95.9,34.38,67.81
B03025,914,3.97,1.66,32.0,63.6,40.17,80.79
B03026,252,3.9,0.93,20.1,39.9,47.55,94.33
B03027,68,3.73,2.78,29.5,36.9,50.14,99.25
B03028,1451,3.61,1.57,36.5,86.0,35.08,69.7
B03029,354,3.86,4.74,36.8,48.6,46.04,90.65
B03030,1713,3.41,3.6,37.8,101.0,32.48,64.21
B03031,1110,3.25,1.93,35.6,76.9,37.91,78.07
B03032,1389,3.64,1.41,43.0,83.3,36.72,69.02
B03033,845,3.87,4.22,44.5,66.3,41.75,78.44
B03034,1747,3.59,4.04,36.6,95.6,32.26,65.27
B03035,540,3.53,3.59,34.2,55.1,43.88,89.43
B03036,1585,3.39,4.75,49.1,95.6,34.99,64.4
B03037,1361,3.91,1.68,36.9,84.4,35.62,72.83
B03038,227,3.7,4.01,31.5,40.6,46.75,93.24
B03039,1105,3.79,0.7,36.0,76.4,38.27,77.35
B03040,547,3.23,1.04,33.6,54.8,43.68,88.44
B03041,1624,3.35,4.65,38.1,99.1,34.26,63.76
B03042,244,3.61,2.05,21.3,41.1,48.52,94.04
B03043,453,3.24,0.8,48.9,45.2,45.36,87.04
B03044,1010,3.79,1.19,38.5,67.6,40.05,76.31
B03045,231,3.53,4.44,20.7,35.9,48.52,95.64
B03046,1701,3.56,3.67,43.2,93.7,33.92,62.93
B03047,1523,3.77,4.53,30.8,86.6,34.86,69.91
B03048,1279,3.54,1.59,31.8,80.5,37.07,74.3
B03049,1756,3.35,3.92,39.7,100.9,31.53,64.49
B03050,1358,3.37,1.95,20.5,83.0,36.02,72.68
B03051,1004,3.58,1.39,30.4,74.3,39.33,80.16
B03052,1699,3.3,3.2,26.3,93.9,32.02,66.35
B03053,1311,3.64,4.14,34.1,80.8,37.44,71.98
B03054,962,3.6,0.62,41.2,65.6,40.56,76.6
B03055,1529,4.02,1.4,23.5,94.4,35.23,71.59
B03056,61,3.35,4.99,38.4,27.8,50.04,95.78
B03057,1567,3.21,1.68,47.7,92.9,34.56,63.81
B03058,873,3.91,1.4,44.0,60.9,41.79,78.06
B03059,987,3.61,0.89,45.7,66.4,39.23,77.53
B03060,1143,4.13,1.55,26.3,78.5,38.21,78.49
B03061,428,3.98,4.93,33.4,42.8,45.14,91.23
B03062,1590,3.22,2.45,27.2,97.1,33.75,68.04
B03063,1192,3.24,4.14,46.9,73.4,38.93,72.63
B03064,332,3.81,4.57,33.0,44.2,46.72,91.67
B03065,1493,3.46,0.82,28.3,84.8,34.56,67.88
B03066,590,3.62,2.02,39.5,54.9,44.19,84.46
B03067,1841,3.4,3.26,41.5,100.5,31.09,60.96
B03068,1883,3.74,1.11,48.0,100.4,30.75,59.43
B03069,163,3.4,0.89,38.3,40.1,47.42,94.11
B03070,1618,3.45,1.98,31.1,91.0,33.6,64.98
B03071,1275,4.2,3.35,23.6,85.4,37.91,73.76
B03072,976,3.4,4.23,23.6,67.9,39.58,80.66
B03073,1731,3.48,3.77,23.2,102.8,32.77,67.05
B03074,1266,3.46,0.93,28.9,83.3,37.8,72.61
B03075,260,4.15,2.25,30.9,41.8,47.74,94.26
B03076,852,3.96,4.51,39.0,66.9,40.9,81.56
B03077,1497,3.55,0.94,47.9,85.3,35.63,65.33
B03078,1009,3.39,2.77,34.0,66.5,39.84,77.65
B03079,242,3.68,2.33,49.3,38.1,46.69,90.42
B03080,432,4.15,4.61,43.1,46.4,45.17,88.02
B03081,83,3.3,4.41,23.8,36.4,49.67,96.94
B03082,211,3.76,1.66,44.4,43.2,47.03,93.21
B03083,598,3.54,4.8,42.1,54.7,43.76,84.8
B03084,729,3.43,1.08,25.6,58.3,43.41,86.52
B03085,1295,3.22,2.93,30.1,84.5,38.01,71.46
B03086,1845,3.22,4.82,34.4,102.0,32.21,60.78
B03087,1956,3.83,2.32,31.2,109.4,30.01,61.5
B03088,518,3.38,4.2,29.6,50.7,44.36,90.68
B03089,346,3.77,2.69,43.7,43.6,45.73,88.55
B03090,1012,3.56,1.38,28.9,72.5,38.9,77.51
B03091,196,3.99,1.84,27.0,36.9,47.52,97.5
B03092,813,3.55,4.53,38.9,61.8,42.13,83.35
B03093,1671,3.74,1.9,45.3,100.2,33.44,63.73
B03094,1341,3.36,4.19,42.8,85.0,35.91,72.48
B03095,1745,3.74,2.67,49.9,104.2,32.96,59.75
B03096,1266,3.77,2.3,26.1,82.7,37.24,73.4
B03097,317,3.72,0.77,23.1,44.9,46.36,92.08
B03098,113,3.98,0.87,20.2,36.3,48.05,97.29
B03099,1766,3.71,0.69,31.4,99.1,32.1,62.5
B03100,1932,4.17,3.43,40.0,109.3,29.8,59.49
B03101,921,3.58,4.91,29.5,63.6,40.33,79.09
B03102,1489,3.21,2.4,22.8,90.7,35.91,70.94
B03103,117,3.93,0.92,40.1,30.7,49.69,93.63
B03104,622,3.49,3.77,33.0,57.7,43.5,85.78
B03105,512,3.47,3.02,42.6,46.4,45.13,87.71
B03106,35,3.24,2.48,36.8,31.0,49.52,96.18
B03107,46,4.01,3.55,22.8,36.3,49.37,99.57
B03108,139,3.65,4.98,44.2,37.5,48.41,95.65
B03109,710,3.35,0.75,27.7,61.0,42.35,87.27
B03110,1114,3.74,1.47,47.7,72.4,39.16,72.45
B03111,891,3.94,1.91,29.3,60.7,40.55,79.95
B03112,1924,3.91,3.24,35.8,103.7,30.11,60.87
B03113,1505,3.6,4.07,49.7,92.3,35.26,67.5
B03114,802,3.97,0.6,26.1,65.0,42.23,83.99
B03115,1483,3.85,0.57,29.7,92.2,34.38,69.27
B03116,104,3.46,1.0,31.7,36.7,49.45,98.5
B03117,1398,3.64,2.62,39.0,89.6,36.29,70.48
B03118,1664,3.75,2.34,32.9,97.1,33.08,63.6
B03119,558,3.35,4.48,21.2,50.7,43.6,87.57
B03120,1971,3.68,1.93,34.2,109.6,31.29,58.43
B03121,210,3.54,4.15,35.9,43.2,47.92,92.77
B03122,1170,3.73,3.45,40.5,79.0,37.41,73.93
B03123,193,3.83,0.53,25.6,40.4,47.56,97.95
B03124,1612,3.93,2.84,40.6,98.8,34.46,65.17
B03125,813,3.73,4.4,29.6,66.3,42.38,84.93
B03126,1621,3.21,4.46,26.1,92.7,34.06,67.53
B03127,1853,3.69,4.77,36.4,101.4,30.87,62.74
B03128,919,3.86,3.91,31.0,71.1,41.34,80.72
B03129,1451,3.99,1.59,30.3,92.9,36.08,69.16
B03130,681,3.65,0.75,43.3,61.1,43.5,83.19
B03131,1793,3.21,2.87,48.3,101.3,32.5,59.37
B03132,1038,4.09,4.8,32.4,75.6,39.18,79.4
B03133,969,3.85,4.98,44.8,73.4,40.32,79.6
B03134,1204,3.7,4.24,38.4,80.3,38.02,75.67
B03135,941,3.48,3.23,48.5,69.2,40.28,77.43
B03136,157,3.96,3.06,38.2,37.8,48.77,94.33
B03137,1519,3.8,0.91,32.2,88.8,34.66,67.96
B03138,972,3.74,4.31,32.8,72.9,40.55,78.08
B03139,685,3.37,0.77,25.3,60.5,42.45,84.31
B03140,1700,4.19,1.9,20.4,95.1,32.99,68.05
B03141,1815,3.37,4.87,33.0,102.8,31.26,63.57
B03142,1130,3.27,3.75,30.6,79.6,39.33,75.68
B03143,137,4.02,1.55,20.0,38.7,49.36,96.18
B03144,1969,3.29,2.3,30.3,105.4,30.79,61.46
B03145,800,3.62,3.38,36.8,57.1,41.1,83.03
B03146,1918,3.53,1.7,37.4,105.6,30.41,59.05
B03147,141,3.63,2.85,23.5,35.4,48.45,98.73
B03148,1329,3.93,2.08,27.2,85.3,37.25,72.23
B03149,1260,3.78,3.73,44.7,82.5,38.18,71.24
B03150,924,3.82,3.43,33.1,70.9,39.94,81.09
B03151,1560,3.63,2.63,34.9,91.3,35.2,68.59
B03152,1514,3.41,1.32,41.5,91.1,34.18,65.93
B03153,477,3.76,4.79,49.6,53.7,44.24,85.94
B03154,1986,3.31,3.78,38.6,112.5,29.75,57.37
B03155,1942,3.68,4.51,28.2,112.2,30.8,58.86
B03156,785,3.21,2.67,37.9,63.8,42.82,81.96
B03157,463,3.88,2.04,49.0,48.4,46.33,85.32
B03158,1358,3.45,1.36,35.1,85.6,36.51,71.0
B03159,288,3.52,2.93,43.7,41.4,46.53,90.85
B03160,1014,3.37,2.98,45.5,68.2,39.72,77.16
B03161,1531,3.76,1.79,25.2,96.0,34.94,68.07
B03162,692,4.19,1.53,35.6,60.7,42.48,86.12
B03163,175,3.43,4.06,36.3,33.5,48.46,93.54
B03164,1652,3.55,1.66,44.5,100.0,32.97,64.57
B03165,724,3.28,3.75,48.2,61.1,43.53,82.72
B03166,613,3.61,4.02,35.4,50.6,44.05,84.39
B03167,1532,4.14,4.66,24.8,86.6,35.56,69.93
B03168,719,3.87,1.06,44.2,59.0,41.89,83.66
B03169,223,3.91,2.44,26.1,41.7,46.97,96.51
B03170,1748,3.5,2.44,41.8,103.9,32.06,61.69
B03171,1284,4.11,1.69,50.0,83.7,37.23,72.25
B03172,1784,4.08,0.83,36.3,100.3,32.28,63.62
B03173,195,3.51,1.76,44.5,42.0,47.08,93.5
B03174,1360,3.84,1.35,31.5,83.9,36.75,70.59
B03175,1431,3.86,1.14,26.7,83.7,34.82,69.65
B03176,542,3.82,3.75,26.2,53.6,44.23,90.65
B03177,1230,3.52,3.98,36.7,76.6,38.32,71.72
B03178,980,4.05,0.9,23.5,71.6,40.26,79.33
B03179,291,3.69,2.19,29.1,38.7,47.81,94.2
B03180,323,3.53,0.99,25.6,45.3,47.38,94.05
B03181,1046,3.42,3.83,48.4,73.5,39.16,76.19
B03182,1118,3.27,0.63,21.5,79.2,38.91,78.24
B03183,1809,3.89,2.01,27.8,106.8,31.05,64.59
B03184,366,4.18,3.78,23.1,44.1,46.77,92.59
B03185,736,3.88,1.63,39.6,64.4,42.84,83.36
B03186,1856,3.3,4.91,32.5,107.5,32.11,62.79
B03187,1756,4.1,3.97,40.9,98.6,31.57,61.75
B03188,1360,4.07,3.26,49.7,86.1,36.98,70.53
B03189,1371,3.22,1.96,28.4,83.5,36.02,70.98
B03190,273,3.54,3.29,23.7,37.3,47.64,93.12
B03191,1892,4.16,1.17,46.3,108.4,31.78,58.58
B03192,1402,3.44,4.0,35.4,90.2,35.35,72.2
B03193,454,4.17,2.46,34.6,51.9,45.23,88.54
B03194,58,3.8,3.31,36.9,37.2,48.96,96.43
B03195,711,3.98,3.56,26.2,61.4,43.54,84.13
B03196,795,3.35,4.81,47.7,61.1,42.88,80.54
B03197,541,3.39,3.55,31.5,52.1,44.15,87.33
B03198,341,3.95,4.15,47.4,41.3,47.26,90.99
B03199,1008,3.66,3.86,25.5,71.2,39.38,80.37
B03200,215,3.59,3.02,38.4,42.0,47.69,95.17
B03201,1070,4.08,4.18,28.1,70.3,39.15,77.23
B03202,1551,3.76,3.25,46.0,94.1,35.13,63.9
B03203,1821,4.19,3.01,32.3,100.0,32.19,63.53
B03204,1863,3.26,3.89,36.2,107.1,31.43,61.09
B03205,476,3.84,3.76,48.6,45.5,45.16,86.17
B03206,403,3.63,2.65,47.5,43.8,45.8,87.92
B03207,1949,3.92,4.81,23.0,112.0,31.04,63.14
B03208,406,3.74,2.61,48.4,43.8,46.21,89.04
B03209,180,3.57,1.11,45.2,38.3,49.07,91.93
B03210,772,3.33,3.35,20.7,57.4,42.11,86.7
B03211,1503,3.51,2.71,42.5,93.1,34.6,69.14
B03212,602,3.52,1.63,40.7,55.1,43.95,85.58
B03213,1295,4.19,4.14,38.3,85.8,36.16,71.17
B03214,351,3.43,0.83,26.4,42.7,45.83,92.31
B03215,843,4.17,3.94,41.9,64.7,41.03,80.64
B03216,1232,3.26,4.1,27.6,75.4,37.26,76.3
B03217,1504,3.72,1.31,34.1,93.7,35.18,67.99
B03218,1987,3.9,4.64,49.5,113.6,30.12,56.82
B03219,1356,3.93,3.22,29.7,83.9,37.41,74.05
B03220,24,3.24,0.89,41.2,30.3,49.48,96.5
B03221,631,3.55,4.6,31.7,55.6,42.75,88.32
B03222,1269,4.19,1.14,30.3,76.5,37.86,73.02
B03223,1456,3.86,2.33,25.8,89.3,35.6,72.69
B03224,971,4.06,2.89,49.0,68.9,39.39,75.69
B03225,1422,3.64,2.89,35.9,85.8,36.04,68.43
B03226,384,3.53,3.11,33.4,46.5,46.32,90.77
B03227,1293,3.4,4.97,29.8,82.8,37.94,72.18
B03228,642,4.02,4.09,35.1,51.8,42.83,86.56
B03229,13,3.89,3.63,26.8,26.9,50.22,97.48
B03230,1997,3.46,0.83,44.7,106.8,30.46,58.41
B03231,1044,3.58,3.57,30.2,68.6,38.63,78.18
B03232,1676,3.35,3.51,37.4,96.2,33.51,65.47
B03233,496,3.42,1.7,44.1,50.2,45.71,85.3
B03234,1567,3.67,1.18,47.6,93.3,33.74,66.45
B03235,696,4.07,0.83,49.2,59.4,43.3,83.24
B03236,344,3.8,3.76,32.9,43.0,45.91,91.37
B03237,752,4.1,3.8,27.8,55.6,42.22,85.48
B03238,1018,3.93,1.38,39.2,70.3,39.41,75.77
B03239,249,3.36,3.31,43.4,38.1,47.42,93.67
B03240,1636,3.95,3.23,42.8,91.2,33.05,65.54
B03241,235,3.25,1.34,25.0,41.0,48.25,96.99
B03242,1818,3.92,4.08,33.1,102.7,32.57,61.29
B03243,892,3.22,4.55,32.4,70.5,41.99,82.63
B03244,357,3.33,2.46,23.4,40.6,46.7,91.15
B03245,31,3.57,2.6,24.1,34.6,49.0,99.31
B03246,696,3.66,1.62,31.1,57.6,43.62,84.09
B03247,1888,4.02,0.84,36.1,106.8,30.86,60.4
B03248,1611,3.77,4.57,26.7,93.4,33.04,69.27
B03249,218,3.55,4.49,48.1,38.1,47.03,92.56
B03250,592,3.27,3.42,43.7,49.6,45.0,84.46
B03251,246,3.34,0.81,21.0,43.1,47.38,94.42
B03252,533,3.31,2.83,29.2,49.0,45.63,90.44
B03253,1213,3.34,0.93,45.9,75.9,38.82,71.62
B03254,1579,3.99,1.74,26.4,93.6,34.31,68.81
B03255,467,3.86,4.15,28.3,44.2,44.36,89.27
B03256,1825,3.3,3.2,39.0,99.2,31.97,59.4
B03257,85,3.64,2.32,39.0,32.8,49.89,95.8
B03258,686,3.43,0.74,41.0,60.9,43.37,82.77
B03259,1252,3.89,4.74,26.0,79.7,36.51,75.6
B03260,1943,3.63,1.71,46.8,109.0,31.49,56.79
B03261,1324,3.64,0.84,36.7,81.9,37.13,71.08
B03262,843,3.91,2.01,29.5,64.9,42.19,83.89
B03263,446,4.2,2.75,38.0,48.3,46.25,90.36
B03264,1324,3.39,3.23,23.6,82.5,37.58,73.41
B03265,46,3.43,2.41,25.5,27.1,48.69,99.71
B03266,1220,4.09,4.24,47.2,76.5,37.58,71.75
B03267,195,4.06,2.47,35.1,34.0,48.28,93.26
B03268,1523,3.69,2.75,47.5,88.6,35.27,65.17
B03269,1355,3.3,3.43,22.7,83.3,36.58,73.18
B03270,224,3.28,4.29,22.0,36.3,47.82,96.12
B03271,1231,3.87,2.41,37.4,81.4,36.71,72.51
B03272,282,4.0,0.96,24.8,44.5,47.43,95.27
B03273,930,3.85,2.97,36.1,63.8,40.62,81.29
B03274,449,4.06,1.46,28.8,47.3,45.5,88.66
B03275,1369,3.91,4.48,43.0,82.2,35.97,68.14
B03276,1776,3.99,1.25,21.5,99.7,31.66,65.0
B03277,388,3.92,4.88,41.4,50.1,45.84,91.18
B03278,1581,3.79,3.23,21.6,90.3,33.32,69.16
B03279,1584,3.73,3.13,27.5,96.6,33.89,67.46
B03280,838,3.84,4.17,41.7,61.6,41.57,80.68
B03281,1851,3.3,4.47,33.8,101.3,30.78,60.99
B03282,254,3.34,2.47,38.8,36.0,46.75,93.32
B03283,1940,4.17,1.08,33.5,106.8,29.64,58.68
B03284,218,3.34,1.62,37.0,43.5,47.98,95.58
B03285,1833,3.36,1.72,29.6,104.0,31.74,60.88
B03286,954,3.22,3.88,44.7,69.8,41.33,77.7
B03287,708,3.98,4.59,46.3,55.3,42.28,83.0
B03288,690,3.32,1.18,31.8,59.3,43.68,85.15
B03289,1383,3.5,3.54,38.0,82.9,35.31,70.04
B03290,991,3.95,3.41,49.5,68.3,40.97,77.67
B03291,1281,3.9,2.85,35.5,80.6,36.67,71.94
B03292,1393,4.14,0.74,32.7,90.7,35.11,72.71
B03293,1030,3.94,1.97,33.5,71.5,39.82,79.44
B03294,950,3.78,1.48,29.5,64.5,41.31,80.51
B03295,1430,3.95,1.71,42.0,84.8,34.77,70.81
B03296,1037,4.14,4.08,20.2,67.4,39.59,81.64
B03297,1599,3.77,1.87,23.4,92.1,34.44,69.38
B03298,262,3.25,4.17,24.8,43.7,47.58,93.0
B03299,1518,3.95,3.4,35.1,88.6,35.46,66.48
B03300,965,3.9,3.12,33.7,70.7,41.22,80.48
B03301,1385,4.07,1.67,20.4,85.1,35.27,74.24
B03302,770,3.59,3.38,29.9,61.0,42.22,85.84
B03303,157,3.73,0.67,31.1,37.3,47.76,97.22
B03304,1801,3.82,3.42,35.3,105.7,31.24,61.23
B03305,1097,4.19,0.56,32.4,72.0,38.72,76.75
B03306,1995,3.37,4.58,21.5,106.7,29.07,58.97
B03307,1151,4.1,3.83,47.3,76.9,38.52,75.57
B03308,775,3.42,0.95,38.7,58.3,42.73,83.79
B03309,1209,3.63,4.52,33.6,83.0,37.23,76.48
B03310,179,3.8,0.89,35.6,38.6,48.88,95.06
B03311,1475,3.51,2.35,30.3,85.8,35.02,71.59
B03312,280,3.46,2.35,21.4,37.9,46.27,95.75
B03313,486,3.33,2.54,46.0,53.5,44.62,85.47
B03314,487,4.12,1.72,27.0,46.5,46.05,88.12
B03315,1696,3.44,0.89,50.0,99.7,32.71,62.72
B03316,1567,3.94,4.21,37.2,93.5,33.9,66.76
B03317,809,3.47,2.86,43.2,62.6,41.36,79.12
B03318,412,4.03,0.79,21.9,50.2,46.3,91.15
B03319,829,3.67,3.88,46.7,61.7,40.74,82.04
B03320,683,3.96,4.64,43.2,60.3,43.42,84.17
B03321,1207,3.34,0.74,33.3,76.5,37.8,74.88
B03322,480,3.37,4.07,37.5,51.2,45.09,90.38
B03323,965,3.81,0.98,41.0,69.3,40.51,78.71
B03324,601,3.79,2.92,26.6,51.2,44.06,89.64
B03325,840,3.9,3.32,28.5,66.5,41.16,84.47
B03326,448,4.07,2.36,28.0,52.2,45.98,90.65
B03327,743,3.32,3.71,29.8,64.2,42.74,84.5
B03328,784,3.85,4.13,30.9,57.1,43.04,82.08
B03329,1872,3.46,0.77,30.5,108.2,31.31,61.71
B03330,1292,3.91,3.22,33.2,83.8,36.72,73.03
B03331,415,3.35,2.42,30.5,51.0,45.8,89.53
B03332,119,3.38,3.93,49.1,32.0,48.02,94.38
B03333,560,3.89,4.07,43.0,56.0,45.09,85.16
B03334,432,4.16,3.71,31.7,47.2,45.36,89.14
B03335,49,3.53,4.72,41.9,27.5,48.97,96.88
B03336,1872,3.3,4.64,41.3,101.9,31.92,61.68
B03337,1614,3.76,1.83,29.5,95.2,33.97,65.65
B03338,1545,3.53,1.48,42.5,94.8,34.05,66.23
B03339,1441,3.66,4.11,31.7,91.0,36.31,71.3
B03340,1372,3.4,2.95,21.8,87.2,36.99,73.22
B03341,973,3.59,2.14,35.3,68.0,41.03,80.5
B03342,982,3.45,1.39,47.7,68.1,40.74,78.71
B03343,1255,3.24,2.42,40.3,77.1,36.67,72.09
B03344,503,3.96,0.73,47.0,47.5,44.04,87.1
B03345,1418,3.68,1.28,25.6,88.8,35.96,73.07
B03346,320,3.37,3.77,20.7,43.5,47.49,93.9
B03347,958,3.82,3.53,25.0,69.2,40.64,79.89
B03348,889,3.52,1.11,47.5,62.9,41.19,77.39
B03349,415,3.66,2.11,46.6,48.6,45.56,88.02
B03350,1355,4.18,2.24,40.1,87.8,36.11,69.36
B03351,659,3.37,2.69,27.2,53.8,43.34,84.56
B03352,1725,3.31,2.99,47.4,101.9,33.24,63.01
B03353,871,4.17,4.18,44.8,64.8,41.63,78.32
B03354,1598,3.96,1.77,35.4,91.1,33.59,65.98
B03355,1592,3.84,3.81,27.0,98.0,34.05,69.22
B03356,1005,3.5,3.55,48.9,68.8,39.03,76.43
B03357,290,3.37,4.25,48.9,36.6,47.05,89.29
B03358,1956,4.14,1.58,28.9,104.1,30.69,60.43
B03359,1841,3.61,3.52,23.8,101.1,31.89,62.95
B03360,1490,4.0,2.5,41.5,85.6,35.38,66.49
B03361,1027,3.84,2.38,46.4,72.0,39.76,76.54
B03362,895,3.27,4.39,28.6,62.0,40.24,80.85
B03363,735,3.48,2.55,44.2,62.0,42.48,82.76
B03364,691,3.27,3.67,34.3,53.1,44.06,85.56
B03365,1066,3.5,1.34,30.7,72.8,38.9,78.58
B03366,1951,4.16,0.78,24.5,105.2,29.95,60.96
B03367,650,3.45,1.58,32.1,51.7,43.49,84.12
B03368,1082,3.52,4.35,20.3,74.3,39.36,78.13
B03369,1279,3.47,0.93,35.2,81.8,37.11,72.29
B03370,431,3.95,1.23,23.2,49.0,45.98,92.84
B03371,1758,4.07,3.9,27.2,98.1,32.57,63.44
B03372,596,4.01,4.77,28.1,53.9,44.09,86.54
B03373,306,3.92,1.21,20.2,42.1,46.09,94.28
B03374,444,3.73,3.13,48.4,48.3,45.1,88.69
B03375,149,3.95,4.19,37.7,35.9,48.91,95.46
B03376,1650,4.01,0.95,39.5,93.4,33.8,64.76
B03377,1533,3.5,3.7,31.7,86.7,34.79,68.24
B03378,1187,3.21,1.07,34.3,79.7,38.99,73.74
B03379,1702,3.88,4.65,35.5,100.0,33.11,64.82
B03380,1065,3.29,1.68,20.8,75.4,40.08,80.29
B03381,786,3.33,1.29,48.5,62.9,41.38,81.23
B03382,1159,4.0,2.8,49.6,76.6,37.49,74.83
B03383,1039,3.96,4.2,40.4,71.7,40.48,76.66
B03384,553,3.54,1.84,34.1,47.7,44.66,88.8
B03385,796,3.25,1.5,38.9,56.9,42.36,82.69
B03386,1864,3.74,1.03,30.6,106.2,31.09,61.75
B03387,1646,3.22,2.24,25.9,99.2,33.45,65.54
B03388,37,4.13,4.89,27.5,35.1,49.48,97.27
B03389,826,3.56,1.2,32.7,61.6,41.01,81.77
B03390,1805,3.49,2.16,46.1,100.8,32.62,61.56
B03391,267,3.8,4.01,37.5,36.0,47.98,92.01
B03392,1692,3.9,3.06,26.5,96.2,32.27,67.55
B03393,1667,3.54,3.73,43.4,98.0,32.41,63.96
B03394,57,3.43,2.0,47.2,28.0,49.08,94.31
B03395,1479,3.87,4.45,26.4,84.4,35.6,68.7
B03396,683,3.34,4.9,28.9,54.8,42.69,87.44
B03397,1339,3.48,3.61,38.7,83.0,37.56,69.77
B03398,860,3.38,1.87,39.1,64.6,40.9,82.52
B03399,1144,4.08,4.22,22.0,74.7,37.84,76.05
B03400,1566,3.68,4.98,35.1,91.2,33.42,65.54
B03401,366,3.83,1.43,29.8,44.0,45.43,93.4
B03402,1345,3.58,3.56,29.4,80.1,37.17,72.02
B03403,188,3.75,4.1,28.5,37.4,48.27,94.62
B03404,295,4.06,0.95,31.3,40.2,47.37,93.3
B03405,1547,3.5,1.54,33.9,90.4,35.45,69.38
B03406,250,3.56,4.89,42.4,37.0,48.05,92.95
B03407,969,4.07,2.67,38.0,63.8,39.44,79.77
B03408,1934,3.76,4.92,45.6,109.3,31.3,56.32
B03409,867,3.71,1.17,42.2,66.9,42.31,81.75
B03410,1436,3.51,3.41,40.6,84.1,36.15,66.96
B03411,629,3.28,0.83,31.8,55.6,43.4,85.44
B03412,1745,3.36,3.5,31.9,97.4,33.51,66.0
B03413,220,3.68,4.08,48.8,37.1,47.41,90.34
B03414,1715,3.3,1.58,26.1,99.2,33.72,66.64
B03415,464,3.96,3.59,27.9,43.9,44.54,91.39
B03416,872,3.66,1.06,40.4,60.7,41.92,78.96
B03417,1355,3.88,2.41,25.5,85.3,36.67,73.64
B03418,1267,4.13,1.27,20.4,83.2,37.15,76.06
B03419,926,3.68,1.86,37.0,63.6,39.77,79.06
B03420,1615,3.91,4.25,49.3,99.3,34.31,65.2
B03421,1789,3.64,2.85,25.1,100.8,31.64,62.43
B03422,1072,3.44,2.3,35.3,76.4,39.31,75.65
B03423,768,3.56,3.25,39.5,65.2,42.95,82.04
B03424,1364,3.53,1.38,33.6,81.0,37.24,70.04
B03425,1959,3.41,4.51,45.2,107.2,30.35,59.02
B03426,714,3.24,1.96,29.1,56.3,42.03,86.68
B03427,1914,3.88,3.95,26.5,103.8,30.18,62.46
B03428,1045,3.26,2.78,42.0,67.4,39.22,76.46
B03429,1044,4.06,1.05,47.0,74.2,40.17,74.36
B03430,1298,3.91,2.9,45.3,80.9,37.73,71.8
B03431,499,3.93,3.09,44.2,47.2,44.43,89.06
B03432,37,4.12,1.0,25.3,27.2,50.22,97.54
B03433,592,3.94,3.63,49.0,55.5,44.13,83.71
B03434,767,3.68,2.31,22.9,57.1,43.18,83.19
B03435,424,3.37,4.26,46.9,48.6,45.54,89.58
B03436,29,4.16,3.37,21.7,34.2,48.76,98.96
B03437,803,3.98,2.13,23.8,59.7,41.31,85.32
B03438,1163,3.55,2.03,31.1,73.3,37.88,76.4
B03439,1816,3.81,1.58,25.0,102.6,32.8,65.4
B03440,632,4.05,1.63,24.4,55.0,44.17,86.27
B03441,1762,3.49,3.87,30.3,101.0,32.58,63.98
B03442,358,3.37,2.36,22.1,48.0,45.82,94.13
B03443,1781,3.72,1.68,33.8,105.5,33.08,62.05
B03444,633,3.21,0.52,31.0,55.9,43.42,85.36
B03445,1422,3.63,3.44,49.7,91.7,35.67,66.99
B03446,1732,3.72,1.84,30.0,102.0,33.1,66.36
B03447,703,3.32,4.77,44.7,59.5,43.02,83.03
B03448,1856,3.41,1.13,38.5,102.5,30.68,62.49
B03449,34,3.97,2.91,30.9,28.7,49.93,97.85
B03450,708,3.49,4.51,46.4,62.7,42.15,83.06
B03451,23,4.19,3.14,44.3,35.2,49.56,97.82
B03452,271,3.36,1.61,26.5,44.2,47.89,96.01
B03453,1926,3.28,2.25,24.3,107.8,31.73,60.98
B03454,1279,3.62,2.56,37.8,85.9,38.11,72.67
B03455,1360,3.69,1.78,29.8,86.3,36.59,70.41
B03456,691,3.33,0.8,34.6,60.9,42.24,86.42
B03457,103,3.3,1.13,39.0,31.8,49.71,96.42
B03458,1183,3.69,3.37,44.0,74.6,38.25,75.04
B03459,1860,3.5,3.65,25.5,105.6,31.35,62.75
B03460,358,3.79,2.41,47.1,48.9,47.2,90.49
B03461,492,3.96,1.73,38.0,53.1,45.24,86.74
B03462,665,4.2,0.95,23.3,56.2,44.2,85.1
B03463,1729,3.96,3.07,34.3,97.8,32.86,63.62
B03464,1885,3.49,1.12,34.3,105.7,30.58,61.22
B03465,1424,3.91,4.83,43.6,84.6,36.59,70.72
B03466,1402,3.9,3.47,45.2,87.0,36.49,67.04
B03467,1968,3.78,1.96,32.0,105.0,30.45,60.36
B03468,1305,3.74,3.78,23.9,79.0,36.5,72.8
B03469,759,4.0,2.57,26.4,64.4,41.74,86.47
B03470,1539,3.41,2.84,49.5,91.0,33.72,64.55
B03471,702,4.04,1.01,48.8,59.0,43.68,82.57
B03472,679,3.76,0.85,49.2,61.2,42.26,82.76
B03473,1623,3.6,4.83,21.9,96.9,34.76,66.26
B03474,823,3.77,3.28,32.2,62.9,41.9,82.5
B03475,302,3.95,3.14,29.4,37.6,46.75,94.87
B03476,1167,3.48,4.07,27.3,74.3,39.29,75.68
B03477,9,3.27,4.89,44.2,27.5,49.86,98.19
B03478,1749,3.68,3.12,42.4,102.6,33.19,61.89
B03479,157,3.83,1.17,41.7,37.2,48.19,93.86
B03480,1468,4.11,3.37,29.9,93.5,36.32,69.99
B03481,1944,3.69,3.75,44.3,109.4,29.57,56.68
B03482,1099,4.04,4.45,24.6,75.4,38.85,78.28
B03483,1801,3.71,1.04,29.3,105.3,31.99,62.84
B03484,1404,3.75,3.75,31.1,84.8,35.52,70.64
B03485,125,3.81,0.52,33.0,33.8,49.54,97.47
B03486,809,4.15,3.59,30.8,66.7,41.82,84.89
B03487,590,3.72,4.1,44.6,57.9,43.86,84.32
B03488,379,3.85,4.68,22.2,49.1,46.07,93.86
B03489,1833,3.69,3.42,25.5,106.8,31.4,64.55
B03490,1426,3.29,4.18,39.8,85.5,35.55,70.22
B03491,797,3.47,4.44,21.8,58.6,42.59,85.26
B03492,354,3.86,4.36,32.5,39.2,47.01,93.39
B03493,729,3.86,2.77,42.6,60.4,42.33,81.15
B03494,435,4.03,3.07,30.0,48.3,45.31,91.05
B03495,1423,3.56,2.89,21.5,82.5,35.74,72.15
B03496,1568,3.24,1.05,32.6,97.0,34.33,67.19
B03497,601,4.14,0.59,43.4,49.7,44.19,84.09
B03498,1605,3.77,3.62,37.1,91.4,34.62,65.67
B03499,748,3.22,2.73,25.6,55.8,42.56,83.58
B03500,1915,3.4,1.81,27.2,111.1,31.51,63.05
B03501,618,3.4,1.41,48.1,54.3,43.97,82.51
B03502,1115,3.46,2.32,44.1,71.2,39.13,75.8
B03503,352,3.71,1.12,30.6,39.6,46.77,93.9
B03504,389,3.85,3.67,28.4,44.8,45.59,93.15
B03505,206,3.36,2.17,28.0,38.9,47.47,94.12
B03506,1082,4.17,2.66,28.7,69.4,38.67,76.24
B03507,1912,4.01,4.12,35.4,104.4,30.19,59.71
B03508,53,4.15,2.55,48.8,30.8,48.69,93.5
B03509,1512,3.9,3.75,31.6,87.8,34.84,68.08
B03510,1814,3.26,2.55,24.0,102.0,32.44,63.94
B03511,78,3.24,2.83,41.2,32.0,48.96,97.72
B03512,896,3.44,2.06,35.9,69.6,41.7,80.77
B03513,997,4.03,1.34,22.7,69.3,39.53,82.15
B03514,1224,3.71,1.64,24.0,77.3,36.93,75.97
B03515,1501,3.22,4.48,48.3,90.6,34.86,65.08
B03516,82,3.55,0.63,47.6,29.4,48.48,93.63
B03517,844,3.67,1.1,24.7,66.0,42.05,82.37
B03518,573,3.69,0.95,36.9,53.4,43.3,85.03
B03519,1423,3.4,2.48,34.2,88.7,36.71,68.37
B03520,582,3.25,4.78,22.1,54.8,43.44,87.61
B03521,1014,3.55,2.31,31.3,74.9,39.64,78.94
B03522,1628,3.69,4.02,34.8,90.8,33.24,66.56
B03523,1157,3.86,3.72,22.2,74.7,38.57,79.16
B03524,1189,3.33,1.66,20.7,72.7,38.56,76.03
B03525,1213,3.78,1.27,41.1,75.6,37.48,74.42
B03526,469,3.72,3.08,39.6,46.2,44.7,90.21
B03527,1480,3.39,3.43,23.7,86.6,34.75,70.83
B03528,151,3.45,1.44,37.5,33.1,48.44,96.6
B03529,1329,3.3,3.89,46.1,79.4,37.64,71.38
B03530,1473,4.2,3.11,33.1,93.7,34.29,67.82
B03531,704,4.04,1.08,24.5,60.6,42.63,84.8
B03532,809,3.88,4.2,35.2,60.0,41.78,80.37
B03533,1355,3.58,3.57,38.0,79.9,36.64,72.74
B03534,449,4.02,4.65,42.1,45.9,46.04,88.98
B03535,1398,3.45,3.95,34.1,88.8,35.37,70.16
B03536,964,3.46,3.58,46.7,69.5,40.24,76.05
B03537,522,3.83,4.4,49.2,55.2,44.66,86.71
B03538,1012,3.28,1.07,24.1,69.9,40.0,78.54
B03539,309,3.72,4.67,24.8,39.4,47.91,94.13
B03540,220,3.47,2.65,46.0,41.0,47.12,94.21
B03541,935,3.31,1.6,26.8,64.0,40.76,81.03
B03542,37,3.57,3.66,41.6,31.8,50.42,97.12
B03543,518,4.18,1.3,37.0,54.2,45.07,88.71
B03544,1305,3.71,4.76,39.1,81.0,36.38,72.17
B03545,93,4.09,3.64,45.6,32.6,48.46,94.13
B03546,218,3.42,2.63,26.6,40.1,47.21,93.47
B03547,1581,3.38,4.35,42.3,94.8,33.64,64.75
B03548,1351,3.97,0.74,25.5,86.4,36.39,71.82
B03549,626,3.7,2.79,43.6,54.9,44.01,83.78
B03550,944,3.36,4.93,35.8,63.1,39.81,78.14
B03551,1224,3.23,2.76,29.4,79.5,38.31,75.03
B03552,617,4.16,3.5,34.4,51.5,43.16,88.13
B03553,1839,3.52,3.95,30.4,99.5,30.91,60.67
B03554,388,4.06,0.91,35.6,45.2,46.13,92.37
B03555,792,4.08,3.75,29.9,64.3,41.94,81.78
B03556,1850,3.48,2.49,27.1,101.7,31.94,64.39
B03557,711,3.9,4.43,29.4,56.1,43.84,83.7
B03558,1121,4.14,3.61,44.7,75.6,39.32,74.57
B03559,1321,3.64,0.64,20.5,86.4,36.91,73.89
B03560,405,3.41,0.99,33.8,41.4,45.51,90.9
B03561,587,4.14,1.78,20.9,58.2,43.16,90.56
B03562,197,4.19,2.76,30.6,36.2,47.94,93.37
B03563,1292,3.54,2.99,24.6,86.3,36.16,73.83
B03564,961,3.95,3.83,28.3,68.3,39.61,81.33
B03565,1112,3.7,4.2,49.1,77.7,39.87,74.64
B03566,998,3.69,3.77,30.3,67.0,40.14,78.12
B03567,1193,3.73,1.63,25.8,75.5,38.11,77.06
B03568,342,4.12,1.28,22.3,48.2,47.13,92.77
B03569,951,3.68,1.96,44.6,68.1,40.43,79.54
B03570,829,3.38,1.37,25.6,66.3,41.14,83.27
B03571,399,3.32,2.71,26.7,50.3,45.29,92.46
B03572,1373,3.76,1.57,30.9,87.6,36.16,71.06
B03573,1109,4.18,1.71,38.3,76.4,38.33,73.88
B03574,1420,3.41,2.51,27.3,91.3,36.68,70.64
B03575,1726,3.33,4.03,44.9,97.7,33.2,61.74
B03576,1081,3.39,2.53,23.9,72.7,38.6,79.29
B03577,1029,3.25,1.92,37.0,66.4,40.41,76.7
B03578,1182,3.39,3.29,35.1,74.1,37.77,73.18
B03579,613,4.18,3.74,33.2,53.1,42.95,88.0
B03580,679,4.15,0.6,28.3,59.2,44.07,87.13
B03581,1942,4.11,2.42,24.2,109.4,30.69,62.99
B03582,113,4.12,4.27,29.1,36.4,48.26,96.09
B03583,255,3.74,0.75,24.5,40.1,47.78,93.42
B03584,879,3.38,0.51,32.5,64.7,40.76,79.97
B03585,33,4.08,3.62,21.9,36.1,48.77,100.0
B03586,1284,3.68,0.61,20.7,82.4,38.08,74.31
B03587,369,3.73,1.14,45.4,42.4,46.49,89.31
B03588,1217,4.06,4.88,30.7,82.9,38.81,75.59
B03589,1660,3.99,0.51,31.7,100.9,33.46,64.6
B03590,1860,4.08,0.94,45.2,103.3,31.44,60.25
B03591,1170,3.2,0.57,47.2,78.4,38.52,73.25
B03592,565,3.31,1.12,31.0,57.1,44.63,88.35
B03593,1638,4.12,1.34,35.6,90.9,32.62,67.03
B03594,162,4.08,2.15,25.9,38.3,48.28,98.23
B03595,263,4.11,3.15,44.5,43.6,46.74,91.15
B03596,972,3.31,0.83,49.7,67.1,39.59,77.14
B03597,1055,3.36,1.22,21.6,73.1,39.45,80.87
B03598,84,3.7,4.57,45.9,28.8,48.49,93.97
B03599,59,4.14,1.77,20.9,35.4,50.01,98.88
B03600,871,3.8,4.94,28.6,68.1,41.89,82.48
B03601,268,3.39,4.1,33.3,39.8,46.9,94.25
B03602,14,4.01,4.36,32.0,31.5,49.63,100.0
B03603,789,3.29,3.39,32.4,62.8,42.47,84.42
B03604,1652,4.03,2.51,30.1,97.0,33.77,65.85
B03605,78,3.45,0.82,29.0,28.9,48.33,96.21
B03606,1817,4.05,0.95,23.0,105.2,31.59,63.13
B03607,803,3.75,2.16,38.0,59.5,42.48,81.58
B03608,1007,4.05,4.86,28.0,74.5,40.21,81.11
B03609,42,4.13,3.77,29.5,36.5,49.46,100.0
B03610,483,4.08,4.54,46.6,45.4,45.26,87.09
B03611,85,3.79,0.69,32.1,33.2,49.95,96.5
B03612,996,3.98,3.2,43.1,74.0,39.47,75.74
B03613,587,3.27,1.18,44.5,50.9,44.82,83.47
B03614,1251,3.91,0.62,29.6,83.1,37.48,74.46
B03615,259,4.08,4.57,29.9,44.5,48.09,93.49
B03616,1355,3.99,2.56,22.6,89.1,37.17,72.26
B03617,457,3.36,2.91,27.4,43.8,45.24,90.77
B03618,905,4.19,1.03,46.8,62.4,41.85,78.02
B03619,1333,3.43,2.06,25.7,85.3,35.88,73.8
B03620,1018,3.78,4.29,48.1,70.5,40.08,77.56
B03621,820,3.63,3.86,23.0,59.3,42.12,85.04
B03622,948,3.79,0.81,35.1,63.6,41.29,77.85
B03623,1392,3.46,3.46,45.4,81.9,36.76,70.25
B03624,1825,3.37,0.58,27.3,105.2,32.54,61.74
B03625,1001,3.88,2.51,37.2,71.6,40.44,78.35
B03626,1248,3.63,1.13,42.3,80.6,37.79,73.71
B03627,1866,3.74,1.27,23.1,107.8,30.83,64.68
B03628,1391,3.28,3.77,25.3,85.6,36.5,71.2
B03629,1518,3.73,2.15,25.7,93.3,34.64,68.71
B03630,1692,3.62,3.42,38.2,102.4,32.76,65.96
B03631,199,3.44,1.78,22.6,33.7,47.24,97.49
B03632,1898,3.33,1.27,28.1,110.8,30.36,62.81
B03633,1398,3.73,2.13,26.4,90.0,36.09,71.95
B03634,1924,3.84,3.65,36.7,111.1,31.61,58.1
B03635,150,4.01,2.21,42.6,39.9,48.82,93.65
B03636,1424,3.83,0.91,36.6,82.2,36.42,68.8
B03637,1210,3.65,4.06,40.2,77.5,37.75,72.25
B03638,1890,4.07,4.94,42.9,109.4,30.58,59.41
B03639,1958,3.96,2.88,32.8,109.2,30.17,58.58
B03640,1199,3.32,2.4,24.2,79.8,37.66,76.09
B03641,1430,4.02,4.74,46.2,89.5,35.85,68.95
B03642,1989,3.56,2.02,27.1,104.9,29.72,59.52
B03643,1285,3.86,3.96,24.8,84.9,37.38,74.48
B03644,1865,3.88,4.81,41.7,105.7,31.72,62.12
B03645,1050,3.45,4.18,22.0,67.2,39.87,77.49
B03646,919,3.68,2.28,43.0,68.2,41.67,77.39
B03647,1466,3.58,1.58,27.3,85.6,35.51,70.3
B03648,988,3.91,3.63,45.9,71.7,40.38,78.84
B03649,1334,3.42,4.05,32.5,86.7,36.83,71.46
B03650,78,3.66,3.57,21.3,33.6,48.3,100.0
B03651,1608,4.08,0.97,41.1,93.4,34.83,63.73
B03652,762,3.45,2.46,47.5,57.7,42.13,81.96
B03653,217,3.94,2.11,46.5,40.2,48.82,92.63
B03654,1657,4.15,1.73,21.6,95.2,34.23,68.08
B03655,1970,3.36,3.35,24.8,112.0,30.21,58.87
B03656,554,3.59,1.1,48.5,49.2,44.79,86.8
B03657,1872,3.21,3.39,39.7,101.2,31.58,59.81
B03658,1401,3.64,1.46,35.2,84.9,36.37,69.4
B03659,236,3.78,4.1,30.8,42.3,46.77,96.16
B03660,1445,3.67,1.67,39.9,89.2,35.29,69.3
B03661,890,3.81,4.26,46.0,63.3,40.7,79.49
B03662,1166,3.49,1.23,30.4,74.2,37.55,76.71
B03663,839,3.97,2.0,32.7,68.3,40.76,80.12
B03664,435,3.75,1.33,39.3,46.7,45.24,87.59
B03665,215,3.98,3.51,46.5,40.1,47.28,93.09
B03666,672,3.47,3.03,46.1,52.0,42.89,84.25
B03667,965,3.23,2.32,26.7,72.7,39.35,80.78
B03668,49,3.39,2.76,30.1,35.0,49.78,97.46
B03669,966,3.23,2.25,27.4,63.7,41.16,81.58
B03670,1592,4.02,3.51,22.4,93.9,34.66,66.6
B03671,259,3.89,2.24,40.6,44.5,48.08,94.16
B03672,1265,3.34,2.08,43.3,79.3,37.58,73.11
B03673,888,3.56,2.79,28.9,70.4,40.59,79.81
B03674,1412,3.96,1.97,30.6,88.6,35.45,72.67
B03675,1247,3.92,1.71,22.0,83.9,38.25,73.92
B03676,1145,3.82,2.03,48.8,78.9,39.15,74.31
B03677,883,3.42,0.53,46.9,64.1,41.44,77.96
B03678,1238,4.11,3.34,38.3,82.5,36.99,74.17
B03679,722,3.27,1.31,20.6,56.9,42.78,84.96
B03680,1208,3.55,3.51,34.4,75.3,38.71,74.42
B03681,85,3.3,3.27,20.6,35.3,49.13,97.73
B03682,1659,3.26,2.45,35.9,92.6,33.34,65.45
B03683,703,3.22,4.33,27.7,59.1,43.46,84.41
B03684,302,3.91,1.91,20.8,42.3,46.19,95.97
B03685,1490,4.15,1.88,44.1,84.6,34.69,68.73
B03686,343,3.31,2.23,49.1,47.7,45.88,87.8
B03687,80,3.2,1.54,42.3,33.9,49.88,95.5
B03688,1955,3.39,1.67,36.2,112.1,30.48,57.26
B03689,1890,3.96,2.45,48.4,109.9,30.98,59.17
B03690,1497,3.79,2.61,43.8,89.1,35.25,66.83
B03691,1645,3.83,3.52,38.5,100.0,33.59,64.58
B03692,1846,3.6,3.82,48.9,106.5,32.4,61.35
B03693,524,3.62,1.47,26.9,46.2,44.14,89.49
B03694,1222,3.88,4.34,48.1,83.0,37.61,73.32
B03695,1266,3.96,1.69,44.5,82.5,38.1,72.89
B03696,1334,4.13,0.54,28.9,85.9,36.62,72.27
B03697,581,3.36,2.06,26.6,56.0,43.56,88.4
B03698,32,4.1,4.03,35.0,30.5,50.22,96.34
B03699,1847,3.55,0.86,31.9,105.7,31.09,60.13
B03700,623,3.42,0.73,25.1,55.9,44.77,86.53
B03701,1301,4.17,3.39,29.7,82.0,37.5,73.31
B03702,1772,3.47,4.06,34.6,101.2,32.26,61.28
B03703,1869,4.13,4.01,46.1,107.0,30.46,59.71
B03704,1498,3.69,2.7,39.9,92.4,34.15,68.02
B03705,796,3.99,0.62,24.7,66.5,42.07,85.8
B03706,529,3.82,4.17,21.0,55.8,45.16,91.22
B03707,751,3.87,3.54,47.2,61.6,43.08,81.65
B03708,355,3.94,1.87,44.4,41.4,46.03,89.83
B03709,1076,4.14,4.03,22.2,70.4,38.64,77.98
B03710,964,3.73,0.55,21.1,67.7,40.2,81.04
B03711,482,3.63,1.75,47.6,49.6,45.99,88.85
B03712,1545,3.89,1.47,44.9,90.4,35.18,66.59
B03713,1636,3.62,2.37,44.3,99.4,33.62,65.67
B03714,69,3.65,4.87,35.4,35.6,48.37,97.1
B03715,1634,3.27,1.11,49.0,92.1,33.07,64.21
B03716,996,3.24,1.02,29.7,69.0,39.51,79.8
B03717,1178,3.94,2.74,20.8,73.6,37.37,77.32
B03718,1028,3.57,1.65,28.9,75.8,40.4,78.58
B03719,360,3.86,0.98,42.4,45.4,46.35,88.33
B03720,1008,3.31,2.11,30.5,71.9,38.99,79.15
B03721,1619,3.83,3.64,36.6,92.8,34.4,64.16
B03722,367,3.52,3.91,47.2,41.0,45.49,90.07
B03723,825,3.84,0.88,34.6,58.6,41.26,83.69
B03724,953,4.03,4.17,36.2,68.7,40.25,79.67
B03725,1258,3.28,4.7,47.4,79.0,38.42,71.79
B03726,1266,3.93,0.67,48.2,80.4,38.06,71.39
B03727,1957,3.6,3.5,45.5,106.5,31.31,57.98
B03728,1945,3.55,2.15,21.5,104.6,31.46,59.68
B03729,185,4.15,4.67,31.1,33.4,48.25,95.6
B03730,282,3.71,1.9,29.1,36.7,46.2,95.6
B03731,1876,3.4,2.2,40.6,102.3,30.74,59.18
B03732,1682,3.59,3.42,27.8,94.9,32.46,64.76
B03733,1252,3.76,1.34,36.0,81.0,36.65,72.96
B03734,587,3.61,3.58,33.4,55.5,43.87,86.16
B03735,726,4.0,2.68,46.7,56.3,43.38,81.71
B03736,1927,3.98,3.72,22.9,105.2,31.59,59.89
B03737,1550,3.49,2.74,33.0,88.8,34.58,66.52
B03738,780,3.76,4.4,28.6,57.1,43.11,82.44
B03739,1634,3.77,3.22,38.8,96.0,32.9,66.58
B03740,1436,3.89,4.53,42.8,92.4,35.45,68.78
B03741,1979,4.11,1.72,43.5,107.0,30.93,57.65
B03742,601,3.4,3.02,47.9,51.9,44.82,86.18
B03743,1494,3.36,2.01,32.1,92.2,35.84,67.37
B03744,562,3.77,4.7,29.7,48.6,45.29,87.09
B03745,1479,3.35,4.24,27.7,91.9,35.91,68.59
B03746,1730,4.16,1.39,26.9,97.9,33.39,65.97
B03747,1909,3.46,3.15,34.2,107.1,31.29,61.61
B03748,1413,4.19,5.0,32.4,89.0,36.13,68.85
B03749,1446,3.77,3.33,40.0,90.4,36.32,67.92
B03750,1293,4.03,1.08,34.3,79.4,37.57,72.29
B03751,936,3.29,4.19,45.0,69.0,40.57,76.67
B03752,1848,3.56,3.33,27.2,101.6,32.28,61.41
B03753,1042,4.07,2.76,42.9,72.7,39.12,74.88
B03754,43,3.98,2.93,27.7,33.2,49.14,100.0
B03755,1670,3.71,4.96,45.7,98.2,32.83,64.49
B03756,1041,3.93,0.7,30.8,75.4,39.09,76.92
B03757,597,4.09,4.33,48.2,54.9,43.27,83.15
B03758,774,3.34,2.88,35.9,59.4,42.53,82.13
B03759,1265,3.56,4.58,36.6,80.6,36.86,72.6
B03760,383,3.81,4.46,26.4,43.5,45.52,92.47
B03761,2,4.03,3.92,41.5,25.2,50.79,97.6
B03762,684,3.88,3.09,34.9,55.9,44.01,85.08
B03763,351,3.73,4.67,31.5,42.0,45.63,90.16
B03764,812,3.62,1.97,28.7,63.7,41.06,83.94
B03765,1930,3.47,3.61,28.0,110.2,31.65,61.68
B03766,904,3.52,2.26,42.8,61.3,41.27,78.23
B03767,1659,3.53,4.66,46.4,93.2,34.02,64.24
B03768,241,3.32,4.78,25.7,44.5,48.47,93.87
B03769,180,3.58,2.5,23.6,40.8,47.49,98.48
B03770,1271,3.84,3.03,39.5,82.3,37.89,73.24
B03771,579,3.83,4.0,31.9,55.7,44.2,89.25
B03772,664,3.66,1.09,35.6,55.1,42.94,83.77
B03773,664,4.19,2.64,44.9,55.5,43.92,82.25
B03774,429,3.38,1.63,49.4,45.0,45.36,88.33
B03775,1941,4.08,1.09,29.2,109.0,29.61,60.34
B03776,75,3.92,4.35,46.9,28.1,48.33,94.07
B03777,708,3.51,3.91,40.1,60.9,42.11,85.47
B03778,476,3.21,4.5,20.2,49.3,45.49,90.83
B03779,213,4.14,3.73,24.4,34.2,48.01,97.29
B03780,684,3.27,0.9,46.0,58.6,42.56,81.62
B03781,1689,3.93,2.46,46.1,93.7,32.49,61.36
B03782,85,3.93,2.02,29.2,37.8,48.48,97.09
B03783,1798,3.27,1.99,30.2,105.1,31.17,64.34
B03784,1603,4.01,3.05,47.1,90.5,34.9,65.96
B03785,241,3.72,1.72,28.3,39.5,48.03,93.07
B03786,1511,3.94,3.66,46.6,91.5,34.38,68.43
B03787,1631,4.17,1.04,49.2,95.0,34.41,62.4
B03788,1597,4.19,3.8,29.1,89.5,34.6,67.78
B03789,212,4.04,2.86,44.4,37.6,46.88,94.17
B03790,166,4.0,3.06,39.9,34.3,48.81,96.43
B03791,1358,3.78,4.42,27.2,84.5,35.49,72.55
B03792,1899,3.95,2.11,44.5,103.4,30.46,58.2
B03793,1119,3.56,4.58,49.0,78.0,39.61,75.21
B03794,663,3.61,2.98,37.3,59.9,43.07,83.77
B03795,1491,3.62,0.84,20.2,94.0,34.4,72.57
B03796,561,3.47,0.91,28.2,56.6,43.58,88.58
B03797,1481,4.17,2.41,28.8,93.0,35.95,71.21
B03798,1562,4.12,4.7,20.9,93.6,33.71,69.48
B03799,529,4.18,2.53,48.3,54.8,44.19,86.47
B03800,779,3.65,1.24,21.0,62.2,41.3,85.06
B03801,1963,3.24,0.74,33.8,105.6,29.37,60.49
B03802,1087,3.41,3.01,42.9,77.9,38.41,73.82
B03803,1547,3.61,3.93,27.2,89.2,34.08,70.17
B03804,205,3.91,1.03,44.7,38.4,47.28,94.72
B03805,1652,4.12,3.61,24.2,95.1,34.42,66.38
B03806,510,3.41,3.11,31.7,51.9,45.11,89.89
B03807,878,4.18,2.25,21.6,69.1,41.7,82.36
B03808,1711,3.55,3.42,22.8,94.5,33.0,67.29
B03809,1048,3.76,3.7,48.4,68.4,40.43,74.94
B03810,1570,3.75,1.7,45.0,88.5,33.73,63.87
B03811,1100,3.84,1.01,21.2,72.3,39.8,79.08
B03812,1888,3.4,2.52,33.9,106.5,30.86,62.78
B03813,1868,4.08,4.15,25.0,106.6,30.61,61.06
B03814,193,3.96,1.73,45.0,38.4,48.52,91.37
B03815,677,3.77,2.1,31.4,60.7,42.69,84.39
B03816,1032,4.05,4.92,42.4,70.2,40.46,76.49
B03817,1592,3.77,4.76,34.1,89.6,33.81,68.15
B03818,1055,3.26,2.06,41.6,70.4,40.35,76.42
B03819,1646,3.36,1.28,42.3,99.5,34.22,63.85
B03820,152,4.05,3.42,25.0,38.5,49.11,97.13
B03821,1342,3.5,4.89,44.1,87.3,36.89,69.94
B03822,560,3.6,3.47,23.8,52.4,45.23,88.64
B03823,1433,3.43,4.33,25.9,91.2,36.02,73.17
B03824,484,3.9,2.31,25.1,51.7,44.4,88.49
B03825,450,3.52,0.93,42.4,46.1,45.05,86.64
B03826,725,4.05,4.79,31.6,62.7,43.32,82.99
B03827,1547,3.29,2.45,30.2,87.0,35.0,66.39
B03828,1371,3.42,1.33,49.7,82.5,36.37,70.51
B03829,863,3.81,4.77,36.8,61.6,41.65,82.26
B03830,1973,3.36,3.26,45.9,108.0,29.4,57.61
B03831,537,4.03,3.43,26.3,46.8,45.37,88.19
B03832,411,4.04,2.82,20.9,47.1,45.45,90.69
B03833,950,3.3,0.6,45.9,67.0,41.4,76.3
B03834,192,3.86,2.84,31.3,34.7,48.84,94.51
B03835,108,3.65,0.9,25.4,34.6,48.87,97.58
B03836,986,4.01,4.4,29.2,70.1,40.0,80.29
B03837,454,3.52,4.07,29.2,51.5,45.26,91.06
B03838,1602,3.99,4.76,49.0,92.9,33.82,63.6
B03839,1271,3.64,1.91,44.4,78.8,37.82,71.15
B03840,711,4.19,2.76,35.8,59.1,42.73,83.06
B03841,1928,3.5,3.74,35.1,106.6,31.65,60.54
B03842,1768,4.06,1.43,46.9,96.6,33.04,62.96
B03843,1344,3.51,2.18,25.5,85.1,37.12,73.61
B03844,1809,4.09,3.04,47.1,100.7,32.49,62.26
B03845,756,3.9,4.89,43.7,58.5,43.34,81.22
B03846,516,3.93,1.47,41.3,49.1,45.76,86.35
B03847,1720,4.15,1.34,49.4,99.2,32.85,63.15
B03848,830,3.28,4.51,45.4,59.1,42.59,78.73
B03849,1365,4.06,3.33,29.3,87.2,36.81,71.53
B03850,317,4.16,1.93,46.4,47.2,46.01,90.43
B03851,1291,3.67,1.1,40.6,85.5,37.28,70.91
B03852,1228,3.33,4.05,50.0,75.8,37.46,72.39
B03853,471,3.98,0.54,27.0,50.5,45.77,88.36
B03854,964,3.81,1.66,39.9,71.7,40.96,80.01
B03855,1113,3.32,3.1,34.6,71.2,37.88,75.38
B03856,220,3.75,3.16,25.9,35.1,47.97,94.48
B03857,1959,4.05,1.13,28.4,107.0,30.65,61.66
B03858,159,3.97,2.31,44.1,36.5,48.45,95.2
B03859,873,4.1,4.9,35.3,69.4,41.58,79.99
B03860,1538,3.44,1.04,38.2,93.3,34.48,66.89
B03861,887,3.84,1.24,43.3,65.5,42.05,80.76
B03862,1874,3.3,3.92,37.5,105.8,31.28,58.66
B03863,1323,4.03,1.49,47.1,79.2,36.73,68.91
B03864,1038,3.53,3.86,47.4,72.0,40.17,75.08
B03865,1671,3.51,4.91,48.0,94.3,33.85,62.37
B03866,1129,3.84,1.45,22.8,76.5,39.28,78.12
B03867,1567,3.69,1.43,44.0,95.9,34.06,64.53
B03868,332,3.45,4.5,28.4,45.4,46.49,92.71
B03869,461,3.49,4.52,30.5,47.3,45.79,90.41
B03870,1758,4.02,4.45,39.9,100.6,33.26,60.77
B03871,325,4.15,4.28,26.4,46.2,47.27,93.61
B03872,1916,4.15,3.83,25.2,105.2,30.77,62.57
B03873,717,3.5,2.7,28.6,54.8,42.61,85.35
B03874,1094,3.63,2.52,32.1,77.0,38.53,75.92
B03875,790,3.68,1.46,26.4,65.9,42.53,84.33
B03876,630,3.92,1.63,40.3,58.9,44.08,85.44
B03877,884,3.48,4.2,32.1,62.8,41.35,81.36
B03878,1117,4.12,4.29,26.9,78.8,38.31,76.52
B03879,1633,3.62,2.31,39.7,94.5,33.57,66.55
B03880,461,4.17,4.93,48.6,45.2,45.66,88.82
B03881,431,4.15,3.38,48.6,48.7,46.62,88.46
B03882,1414,3.68,1.69,26.7,83.4,35.67,71.78
B03883,1838,4.04,3.12,38.0,102.8,30.88,61.49
B03884,680,3.84,2.56,22.8,60.7,43.02,86.91
B03885,980,3.77,4.83,34.4,73.8,40.34,79.38
B03886,1454,3.51,3.94,48.6,87.4,36.41,66.24
B03887,1112,3.76,3.36,44.4,73.4,39.71,74.37
B03888,1011,3.42,3.13,29.4,68.4,39.71,78.68
B03889,1774,3.67,1.01,34.5,100.7,32.55,61.92
B03890,409,3.97,1.37,33.4,43.5,46.3,89.78
B03891,1874,3.65,2.51,49.8,106.9,31.81,59.24
B03892,655,4.14,3.53,37.4,55.9,42.62,83.35
B03893,177,3.6,3.36,36.8,40.4,48.9,94.82
B03894,669,3.3,3.83,43.2,59.6,43.86,84.01
B03895,1082,3.26,2.4,42.8,70.4,39.67,75.33
B03896,1962,3.53,2.85,33.0,107.2,29.68,60.9
B03897,282,4.11,2.93,21.9,44.0,47.97,94.36
B03898,165,4.0,1.35,22.1,36.3,47.91,98.66
B03899,467,3.45,1.82,30.3,49.9,45.9,89.58
B03900,259,3.8,3.19,22.3,38.0,46.72,94.28
B03901,1234,3.41,3.05,26.6,75.7,36.68,76.9
B03902,1707,3.64,2.81,41.7,100.5,32.85,64.96
B03903,601,3.31,1.41,49.6,58.0,44.53,84.48
B03904,747,3.51,0.86,49.4,56.9,41.53,79.99
B03905,1623,3.93,2.38,34.1,93.4,33.71,65.47
B03906,1040,3.3,4.85,31.4,67.0,40.35,76.63
B03907,1708,3.29,1.96,35.2,101.7,33.13,65.44
B03908,149,3.43,4.52,33.4,34.8,49.45,95.94
B03909,1499,3.89,3.56,49.3,87.4,34.21,67.93
B03910,1335,3.42,3.71,31.8,84.9,36.91,72.78
B03911,610,4.02,0.96,25.9,55.9,42.91,86.66
B03912,172,3.97,2.45,25.5,39.9,47.67,94.89
B03913,872,4.07,5.0,39.1,60.2,40.85,78.97
B03914,192,3.42,1.73,26.3,34.7,48.15,95.22
B03915,415,3.29,4.57,22.9,41.7,46.23,91.49
B03916,30,3.34,0.72,35.4,28.6,48.73,97.33
B03917,1818,4.14,4.78,22.1,106.3,30.88,62.88
B03918,1857,3.39,3.51,34.1,105.6,32.39,61.01
B03919,1201,3.46,3.1,22.9,77.3,37.12,74.55
B03920,904,3.82,2.77,48.1,67.9,39.96,77.56
B03921,786,3.37,1.05,30.0,61.4,42.01,82.75
B03922,1306,4.0,4.06,39.9,84.1,37.24,72.85
B03923,1813,3.72,4.28,49.8,99.2,32.1,59.91
B03924,1385,3.79,4.08,48.1,80.5,35.28,67.23
B03925,215,3.78,3.71,24.6,37.6,47.38,96.23
B03926,640,3.67,3.97,33.4,59.0,43.48,84.87
B03927,1152,3.98,3.77,25.3,72.9,39.0,75.21
B03928,1248,3.78,2.27,42.1,83.6,37.49,73.55
B03929,1189,3.66,1.27,43.6,74.4,38.23,74.47
B03930,889,3.63,2.48,48.7,70.5,40.96,77.63
B03931,576,3.81,4.64,48.8,50.3,43.65,85.08
B03932,1442,3.3,0.54,22.0,83.5,36.21,72.99
B03933,312,3.93,2.17,25.7,46.3,46.94,92.33
B03934,1130,3.55,2.21,48.8,77.1,39.2,74.11
B03935,722,4.1,3.67,34.6,63.6,42.02,85.68
B03936,1783,3.96,3.98,46.4,100.9,31.42,60.0
B03937,440,3.82,2.35,26.9,46.3,45.75,89.84
B03938,1211,4.08,1.17,39.2,76.9,36.95,71.89
B03939,462,3.27,3.59,44.4,44.3,45.88,89.23
B03940,294,3.95,3.64,22.4,45.5,46.84,95.97
B03941,1891,3.78,5.0,36.7,108.4,30.33,61.34
B03942,147,3.68,3.3,30.2,31.8,48.74,96.46
B03943,1447,3.91,0.98,26.5,85.8,36.08,70.42
B03944,166,3.74,4.27,49.9,34.5,47.78,90.99
B03945,8,3.61,2.59,27.7,30.5,49.01,98.38
B03946,1771,3.3,1.3,37.4,103.7,32.42,63.94
B03947,972,3.46,3.41,24.8,72.1,39.54,80.93
B03948,1238,4.16,4.17,29.0,83.8,37.22,75.63
B03949,1293,3.89,0.73,50.0,84.1,37.18,71.15
B03950,1981,3.23,1.85,41.1,104.7,29.24,59.41
B03951,1270,3.63,3.32,40.3,76.8,37.3,73.48
B03952,1228,3.89,1.15,20.4,80.8,37.17,77.97
B03953,406,3.42,0.88,31.9,45.0,46.52,92.25
B03954,821,3.29,2.15,37.5,63.5,41.08,82.38
B03955,1079,4.04,4.56,41.0,70.2,38.58,74.78
B03956,582,3.64,2.31,31.5,48.9,44.83,88.85
B03957,862,4.19,3.88,22.2,63.9,41.07,82.44
B03958,1220,4.14,2.99,24.4,79.3,38.14,74.43
B03959,834,3.89,3.15,21.5,67.5,40.7,85.39
B03960,310,3.23,3.09,29.0,45.6,46.32,92.28
B03961,1076,4.13,1.43,42.8,71.1,39.71,74.12
B03962,1424,3.21,0.51,47.3,88.8,35.42,68.98
B03963,137,4.05,0.93,31.2,34.5,47.74,96.12
B03964,990,3.5,3.73,45.5,66.1,40.0,77.66
B03965,730,3.47,2.11,38.0,55.7,41.99,83.48
B03966,1495,3.38,1.98,38.9,91.6,34.54,68.34
B03967,350,3.85,4.88,31.9,48.2,46.62,92.77
B03968,1521,4.01,1.08,46.6,93.8,34.84,64.78
B03969,1899,4.02,2.64,36.6,103.8,30.19,60.5
B03970,1861,3.67,0.9,33.8,102.5,32.23,63.06
B03971,41,4.0,3.86,48.5,33.1,49.55,96.72
B03972,1318,3.9,1.79,35.6,82.8,37.53,71.48
B03973,1488,3.93,1.84,40.9,93.0,34.23,69.59
B03974,1591,3.52,4.43,38.5,97.4,34.87,67.19
B03975,157,3.98,2.46,29.9,40.7,47.53,97.12
B03976,63,3.39,1.92,47.5,28.0,50.24,93.56
B03977,541,3.4,0.66,34.0,50.2,44.62,88.48
B03978,1105,4.1,2.2,25.0,77.2,38.98,78.22
B03979,1443,4.18,0.54,41.0,89.9,34.77,69.07
B03980,19,4.04,4.14,24.3,27.5,50.49,100.0
B03981,1723,4.15,1.01,41.3,98.1,31.87,62.9
B03982,1132,4.19,1.09,29.4,77.5,38.71,78.34
B03983,1531,3.22,2.77,37.5,88.1,35.39,66.37
B03984,879,3.7,2.18,28.5,66.4,40.72,80.09
B03985,931,3.52,2.36,32.3,62.7,40.74,82.09
B03986,1904,4.06,1.46,24.4,108.7,30.43,62.39
B03987,1745,4.02,0.83,48.0,103.7,33.53,61.27
B03988,203,3.25,2.25,29.9,38.6,47.56,96.57
B03989,602,3.28,4.38,22.1,52.3,44.48,86.82
B03990,79,3.81,1.92,49.9,36.6,49.98,95.5
B03991,966,3.93,1.05,39.1,68.0,40.57,79.39
B03992,1731,3.23,1.05,46.8,103.2,32.12,61.09
B03993,1600,4.14,4.18,35.9,94.0,34.76,65.08
B03994,1965,4.08,1.29,37.4,105.1,30.19,58.94
B03995,1728,3.34,2.07,47.1,94.2,32.45,60.35
B03996,1307,3.91,3.11,32.6,86.4,36.66,73.49
B03997,1083,3.42,0.57,43.0,75.6,39.86,76.98
B03998,1722,3.93,4.74,42.9,98.5,33.71,61.39
B03999,1199,4.08,1.66,44.9,73.1,37.81,73.64
B04000,1942,3.69,3.94,40.1,112.2,30.84,59.45
B04001,549,3.37,3.77,47.1,49.3,43.63,85.47
B04002,1012,4.05,2.9,46.5,74.6,39.39,75.97
B04003,25,3.59,3.08,31.9,32.5,48.88,96.66
B04004,1761,4.13,4.35,49.8,97.4,32.92,63.03
B04005,1169,3.9,0.58,36.6,72.0,37.5,74.91
B04006,752,3.4,2.51,43.8,59.7,42.09,81.28
B04007,725,3.51,0.65,32.1,55.3,43.45,82.65
B04008,510,3.4,2.54,30.0,45.8,45.58,89.77
B04009,496,4.13,4.61,23.8,47.2,44.31,91.76
B04010,1584,3.61,3.0,47.1,93.6,33.89,64.69
B04011,1012,3.37,4.61,28.0,68.3,39.33,80.17
B04012,1324,3.81,4.57,37.1,80.6,35.79,73.16
B04013,1593,3.69,0.68,21.1,96.1,33.23,67.05
B04014,1569,3.3,4.34,34.4,89.5,34.62,65.97
B04015,1953,3.92,2.27,44.6,106.2,31.37,56.06
B04016,769,3.24,4.37,42.4,56.1,42.41,82.25
B04017,765,3.85,0.73,22.4,57.0,42.71,84.98
B04018,1983,3.73,4.15,40.6,113.5,29.59,56.9
B04019,1463,3.4,0.82,20.9,90.8,36.07,72.86
B04020,688,3.86,1.04,47.8,56.5,42.68,81.81
B04021,255,3.8,2.26,23.8,37.9,47.81,93.13
B04022,1871,3.3,1.74,36.3,101.0,31.59,62.21
B04023,1240,3.28,0.7,25.0,75.5,38.14,76.83
B04024,1946,3.76,3.3,41.3,111.4,30.37,59.47
B04025,1567,3.68,2.11,45.1,94.9,34.94,67.26
B04026,1894,3.86,4.46,21.7,103.2,30.21,61.75
B04027,1304,4.0,3.11,30.4,80.4,36.7,72.62
B04028,1573,3.72,4.68,22.2,91.9,34.96,70.24
B04029,890,3.33,1.6,24.4,61.0,40.83,84.23
B04030,756,3.73,4.87,31.6,57.4,42.6,85.46
B04031,261,3.81,3.04,38.6,45.3,46.76,93.96
B04032,1244,3.47,4.83,47.2,81.2,38.53,70.71
B04033,1332,3.53,2.01,25.1,87.3,36.68,74.6
B04034,276,4.19,4.31,33.2,45.9,47.82,92.66
B04035,1015,3.29,1.55,22.6,68.2,39.7,79.46
B04036,1654,3.69,1.74,39.3,94.5,32.58,64.37
B04037,759,4.09,3.85,48.1,55.4,42.17,80.93
B04038,1181,3.79,1.27,36.0,81.1,37.84,75.69
B04039,634,3.96,3.62,46.6,56.2,44.25,82.73
B04040,345,4.09,1.07,28.3,41.4,46.08,93.22
B04041,1810,4.06,4.96,37.7,102.5,32.02,61.18
B04042,1207,3.59,1.7,46.0,76.2,37.03,73.0
B04043,1365,4.2,1.69,28.9,80.6,36.63,72.56
B04044,850,3.61,1.4,20.7,63.0,40.67,85.11
B04045,421,4.16,1.52,38.8,44.4,45.41,91.17
B04046,1106,4.04,1.97,33.5,73.7,39.37,74.94
B04047,1052,3.81,3.35,21.9,70.3,40.26,78.89
B04048,1397,3.32,3.26,47.2,88.4,35.88,69.13
B04049,644,4.17,4.4,27.7,58.0,43.06,84.84
B04050,1444,4.03,2.0,36.2,89.3,35.47,68.35
B04051,1536,3.4,3.92,46.0,94.4,34.65,66.53
B04052,83,3.81,1.77,46.4,36.9,49.1,94.98
B04053,953,3.22,1.8,35.1,69.8,40.83,81.31
B04054,1062,3.66,2.64,20.3,74.5,38.81,78.61
B04055,194,3.42,1.41,22.7,38.7,47.44,97.77
B04056,1034,3.36,3.53,28.8,73.8,38.87,78.69
B04057,1649,3.43,1.73,37.7,91.1,33.54,65.69
B04058,1050,3.76,4.7,48.7,73.5,40.18,76.37
B04059,105,3.58,1.42,30.6,33.1,49.36,95.09
B04060,519,3.65,0.75,24.8,52.4,45.29,88.15
B04061,1440,3.81,4.97,24.7,89.5,35.3,69.97
B04062,1422,4.01,1.82,22.3,82.3,35.73,72.42
B04063,597,3.63,1.72,43.3,55.9,44.08,84.33
B04064,1048,3.71,0.64,26.6,71.9,38.63,78.23
B04065,547,3.43,1.75,37.1,47.8,44.2,86.89
B04066,1346,3.63,0.62,37.0,85.4,35.9,70.76
B04067,168,3.66,1.36,27.7,39.9,47.94,98.19
B04068,862,3.67,0.77,24.1,69.5,41.89,83.98
B04069,753,3.22,2.03,40.8,64.6,43.1,81.41
B04070,1206,4.02,2.06,20.5,82.3,38.32,77.42
B04071,490,3.23,2.9,33.4,47.5,45.17,88.79
B04072,1046,3.95,4.1,36.4,72.0,39.3,77.73
B04073,201,3.6,1.5,45.1,38.1,47.92,92.75
B04074,391,4.05,1.01,37.5,42.8,47.08,89.08
B04075,681,3.97,4.19,35.6,60.8,43.99,85.91
B04076,1374,3.99,1.91,23.2,88.1,35.77,71.0
B04077,908,4.06,1.1,35.5,64.3,41.1,78.32
B04078,1412,3.81,2.94,31.5,86.8,35.48,71.93
B04079,1280,4.11,2.8,26.8,84.1,37.37,75.85
B04080,1529,3.55,0.71,23.3,91.5,34.31,70.51
B04081,1217,4.16,2.75,37.8,81.7,37.75,71.75
B04082,226,4.09,2.4,37.9,36.5,47.66,91.7
B04083,149,3.41,3.46,43.1,38.5,48.0,94.63
B04084,1671,3.38,3.49,40.0,94.3,34.15,64.43
B04085,429,3.44,1.07,39.4,51.3,45.37,87.69
B04086,1188,3.54,1.3,43.3,78.9,37.3,72.04
B04087,514,3.3,2.15,24.1,51.6,44.66,87.93
B04088,88,3.58,3.71,42.2,34.9,48.17,94.11
B04089,8,3.79,2.74,25.0,28.2,49.49,97.88
B04090,1896,3.2,3.2,39.7,106.2,30.8,60.63
B04091,85,3.9,4.59,26.9,33.6,49.79,99.49
B04092,669,3.33,3.37,42.1,53.9,44.22,83.63
B04093,1439,3.84,1.05,20.2,90.9,34.63,72.12
B04094,1909,3.5,3.44,39.7,107.3,30.17,61.56
B04095,1868,4.03,4.8,20.4,108.4,30.8,61.69
B04096,1137,3.29,3.49,30.9,70.9,37.73,76.24
B04097,426,3.37,2.74,33.3,45.0,46.05,89.67
B04098,428,3.84,4.05,24.4,50.3,46.19,92.09
B04099,292,3.4,1.8,29.3,42.9,47.09,95.4
B04100,142,3.48,3.36,42.0,33.6,49.32,93.6
B04101,428,3.81,2.99,27.4,45.3,46.33,91.61
B04102,1599,3.49,1.84,42.8,94.6,34.6,65.1
B04103,1999,3.6,3.94,43.5,114.4,30.41,56.6
B04104,1996,3.51,2.72,44.1,111.2,29.14,56.85
B04105,213,4.17,4.07,47.6,36.5,47.98,93.14
B04106,1023,4.02,1.89,38.7,72.6,40.18,76.11
B04107,483,3.27,4.0,30.7,45.7,44.59,89.67
B04108,1433,3.7,2.4,48.1,88.0,35.42,69.46
B04109,290,3.68,4.08,20.2,38.2,46.18,93.86
B04110,775,3.95,1.94,20.5,60.5,41.63,85.26
B04111,178,3.27,1.63,47.7,34.0,47.32,93.93
B04112,1873,4.16,1.11,23.3,107.3,30.41,63.85
B04113,1609,3.66,1.82,49.4,94.1,33.79,62.47
B04114,519,3.75,3.83,21.4,52.3,45.43,88.44
B04115,307,3.75,1.18,33.1,46.2,47.49,94.47
B04116,99,3.74,4.45,29.8,36.5,49.5,99.01
B04117,310,3.47,3.0,36.1,43.7,46.79,90.35
B04118,849,3.95,2.78,40.1,66.5,40.81,82.71
B04119,386,3.25,2.83,21.3,49.1,45.37,91.94
B04120,1071,3.73,2.78,23.9,71.8,38.36,76.97
B04121,847,3.64,2.04,25.9,64.3,40.84,82.33
B04122,382,3.28,2.53,37.3,47.2,46.03,90.58
B04123,483,4.09,3.44,31.5,52.1,45.84,90.5
B04124,1149,3.63,1.75,49.6,80.7,38.53,74.27
B04125,805,3.66,1.6,36.0,60.6,41.78,83.57
B04126,86,3.56,3.06,24.1,31.1,49.39,97.67
B04127,799,3.67,3.13,46.1,59.9,41.1,82.81
B04128,1394,3.97,3.72,48.6,90.5,36.73,69.27
B04129,205,3.85,3.03,35.5,41.6,48.39,93.78
B04130,480,3.36,2.9,23.0,48.2,44.99,90.26
B04131,362,3.49,3.21,39.0,44.7,46.25,92.2
B04132,1247,3.77,3.76,29.1,81.9,36.8,75.31
B04133,22,3.68,2.89,22.9,32.9,48.8,99.01
B04134,983,3.83,3.0,48.2,65.8,40.55,77.13
B04135,1977,3.31,4.8,22.9,108.7,29.46,59.3
B04136,1480,3.75,4.76,23.3,89.7,35.33,72.38
B04137,1541,4.07,0.77,31.3,93.6,34.84,69.09
B04138,1396,4.15,3.11,34.0,89.8,35.98,70.4
B04139,335,3.21,3.54,45.3,40.8,46.97,88.38
B04140,1533,3.86,4.02,27.6,87.8,33.9,67.61
B04141,1715,4.18,2.49,35.1,96.4,33.67,63.82
B04142,423,3.35,0.93,25.6,45.3,45.32,90.09
B04143,582,3.94,1.32,46.3,57.7,43.4,85.11
B04144,527,3.53,4.55,48.8,52.7,45.57,85.76
B04145,1058,3.32,1.67,37.3,75.6,40.29,76.56
B04146,902,3.92,1.82,25.9,64.3,40.28,80.73
B04147,45,3.69,4.44,30.6,31.5,50.5,97.98
B04148,669,3.51,4.81,40.3,59.9,43.57,83.56
B04149,1557,3.68,0.59,39.6,96.2,33.63,67.24
B04150,1413,3.72,4.42,27.2,84.7,36.06,73.18
B04151,12,3.88,3.03,25.3,26.5,49.83,98.74
B04152,1005,3.89,3.17,39.1,74.1,40.18,79.19
B04153,409,3.49,4.2,40.0,43.5,45.84,87.81
B04154,1027,3.69,4.61,25.2,66.8,39.19,79.64
B04155,790,4.1,0.5,38.3,61.6,42.79,83.93
B04156,838,3.76,1.49,33.2,67.6,41.45,82.28
B04157,798,3.97,1.96,39.6,58.1,41.57,81.89
B04158,1519,4.15,4.59,42.7,93.4,35.18,68.92
B04159,1492,3.48,1.46,32.9,94.1,34.4,69.83
B04160,1473,4.16,3.36,41.6,93.2,34.9,69.51
B04161,742,3.52,2.7,46.5,60.8,43.16,82.5
B04162,38,3.31,3.09,31.4,34.3,50.14,97.67
B04163,170,3.57,0.74,22.6,36.5,48.76,96.03
B04164,1781,3.92,2.55,20.5,104.5,32.53,63.53
B04165,1308,4.15,2.44,47.0,84.8,36.35,72.04
B04166,1507,3.67,4.15,28.5,91.4,34.2,67.51
B04167,538,3.2,4.89,43.9,49.6,44.39,84.74
B04168,516,3.26,1.13,47.8,51.5,44.76,87.33
B04169,1827,3.91,3.66,44.2,98.8,31.29,59.51
B04170,1349,3.3,4.17,21.4,87.9,36.68,74.38
B04171,1841,3.69,2.88,44.5,100.5,32.11,61.58
B04172,491,3.99,3.36,24.7,46.0,44.28,89.69
B04173,1626,4.19,1.35,26.6,96.8,33.84,66.68
B04174,1874,4.0,3.1,32.9,101.6,30.88,63.2
B04175,416,3.75,1.09,31.8,45.2,45.17,90.82
B04176,1368,3.77,0.69,28.3,83.1,37.14,71.52
B04177,1377,4.04,2.51,39.1,84.5,37.05,72.34
B04178,137,4.19,0.95,36.5,33.8,48.19,96.03
B04179,1542,3.28,1.61,28.7,87.9,35.56,68.76
B04180,612,4.0,0.99,30.7,53.2,44.02,86.74
B04181,1555,3.58,1.06,20.0,88.3,35.28,71.16
B04182,34,3.34,2.02,35.4,30.3,49.37,99.2
B04183,1546,4.04,1.75,27.5,94.9,35.14,69.52
B04184,821,3.31,4.44,24.3,64.0,42.54,82.09
B04185,282,3.69,2.39,32.2,41.4,47.48,93.99
B04186,1544,3.77,0.83,21.4,88.3,34.7,68.62
B04187,1134,3.83,4.92,29.5,70.9,39.49,76.34
B04188,33,3.32,2.26,45.1,27.3,49.61,98.03
B04189,1418,3.94,2.08,21.3,83.5,36.11,72.54
B04190,931,3.45,2.87,26.6,68.3,39.98,79.74
B04191,1635,3.37,2.64,26.4,92.4,33.89,67.05
B04192,1722,3.66,3.06,41.2,94.0,32.18,63.59
B04193,1252,3.89,1.7,28.7,80.3,36.97,73.84
B04194,247,4.11,2.64,32.8,41.6,47.81,93.85
B04195,306,3.63,3.25,44.4,46.1,47.66,90.69
B04196,862,3.24,1.03,41.3,62.6,40.63,78.61
B04197,1591,3.81,2.61,42.3,94.7,34.53,66.12
B04198,1202,3.82,0.82,45.6,73.7,37.78,72.39
B04199,1661,3.73,1.69,31.2,98.3,33.01,65.52
B04200,889,3.49,1.83,43.5,68.0,40.97,79.94
B04201,1243,4.12,2.2,26.9,82.6,37.31,73.79
B04202,614,3.89,3.67,37.7,52.1,44.14,87.31
B04203,1120,3.71,1.81,39.3,73.2,38.35,74.38
B04204,841,3.91,2.98,28.7,68.6,40.68,82.78
B04205,529,3.99,1.38,47.3,50.8,43.96,86.2
B04206,1498,4.17,4.27,49.9,85.8,34.73,67.88
B04207,1519,3.35,3.97,48.6,87.7,35.79,66.79
B04208,279,3.37,3.72,35.1,45.6,46.52,92.89
B04209,898,4.1,4.9,40.4,70.1,40.43,78.97
B04210,1049,3.56,1.96,40.7,76.7,40.03,77.53
B04211,705,3.87,2.54,30.9,60.3,43.28,85.31
B04212,278,3.98,2.32,40.2,38.8,46.83,92.83
B04213,1156,3.9,2.76,30.2,78.3,38.85,75.68
B04214,1970,3.67,3.3,39.1,112.9,30.38,58.2
B04215,979,3.52,2.81,33.3,64.8,40.87,78.88
B04216,1616,3.4,1.85,39.4,89.7,34.77,66.37
B04217,377,3.33,4.38,49.6,45.8,45.38,87.43
B04218,385,3.22,4.13,34.4,42.5,46.65,91.27
B04219,936,3.81,1.68,42.7,71.8,41.44,80.2
B04220,1141,3.68,4.05,38.3,78.4,39.02,73.36
B04221,29,3.36,4.53,40.3,32.5,49.63,98.33
B04222,392,4.07,2.4,33.5,46.6,45.58,88.94
B04223,1796,3.78,3.17,34.9,104.0,31.82,61.21
B04224,1850,4.2,2.04,49.4,99.5,32.36,58.24
B04225,689,3.72,1.77,41.6,61.2,42.21,83.66
B04226,1532,3.7,1.96,40.6,92.4,33.9,67.53
B04227,455,4.08,1.02,35.1,44.1,46.31,88.66
B04228,1355,3.65,2.07,38.0,82.1,37.24,71.57
B04229,353,3.24,4.75,38.5,47.2,47.34,90.01
B04230,1887,3.84,1.44,29.3,109.9,31.1,60.41
B04231,1364,3.8,2.86,48.1,80.1,37.18,67.84
B04232,864,3.52,1.06,45.0,68.1,41.95,78.97
B04233,1259,4.17,1.18,21.3,82.6,36.95,76.66
B04234,467,3.75,1.21,32.5,46.0,45.06,87.68
B04235,1927,3.81,2.46,35.6,103.9,30.74,59.68
B04236,107,4.07,1.3,33.4,35.8,48.13,94.87
B04237,738,4.04,2.28,30.9,61.2,42.28,84.19
B04238,1329,4.19,3.32,32.8,80.0,37.42,72.86
B04239,633,3.65,3.25,43.6,57.4,44.63,83.52
B04240,226,3.59,1.83,45.5,39.8,47.8,94.28
B04241,295,3.65,4.19,33.8,43.0,46.07,93.18
B04242,572,4.14,3.31,25.3,55.2,44.53,88.85
B04243,81,4.1,4.46,31.1,37.4,49.36,98.37
B04244,149,3.22,3.29,49.7,39.1,48.12,94.37
B04245,1361,3.3,2.88,49.9,83.8,36.17,67.7
B04246,588,4.13,2.82,41.9,55.7,44.75,84.44
B04247,1077,3.67,1.87,32.3,71.3,38.26,77.89
B04248,880,3.32,3.38,44.5,63.6,41.97,79.4
B04249,1871,3.26,2.31,46.9,105.6,31.93,58.39
B04250,1710,3.91,0.77,39.3,102.9,33.73,65.56
B04251,757,4.15,2.39,48.0,58.5,42.53,81.67
B04252,676,3.99,4.86,35.2,57.9,43.75,84.22
B04253,1149,3.22,4.84,36.1,71.6,38.82,75.59
B04254,400,4.1,3.46,33.8,45.0,45.51,91.08
B04255,494,3.67,3.37,23.8,47.9,45.22,91.91
B04256,1047,3.3,2.57,28.8,76.7,40.05,79.32
B04257,1695,3.94,1.87,31.4,93.5,32.54,65.99
B04258,643,3.63,1.96,46.6,54.3,43.68,82.82
B04259,1571,3.59,1.14,27.0,88.6,34.43,69.85
B04260,1883,3.48,2.98,24.7,107.4,30.18,60.72
B04261,1866,4.15,2.95,48.1,104.6,30.79,59.86
B04262,1612,3.95,3.55,20.5,94.6,33.58,68.27
B04263,58,4.08,2.9,38.1,29.9,49.71,97.04
B04264,1123,3.58,2.3,41.6,72.6,38.96,74.75
B04265,1020,3.83,0.79,41.4,68.9,39.75,77.17
B04266,1273,3.87,2.85,42.2,84.3,38.22,70.65
B04267,629,3.29,3.51,48.6,56.8,43.45,83.62
B04268,1051,3.79,4.02,24.1,76.4,39.12,77.78
B04269,1133,4.03,4.89,23.8,77.8,39.04,75.84
B04270,748,3.57,4.23,27.2,62.1,41.83,82.98
B04271,1870,4.06,1.76,25.9,104.7,30.54,61.52
B04272,647,3.82,1.78,21.6,54.9,44.3,89.15
B04273,870,3.66,3.52,30.1,69.4,40.47,83.62
B04274,1077,3.31,2.12,25.5,71.5,38.85,77.52
B04275,1434,3.95,1.5,22.7,85.6,36.08,71.51
B04276,1859,3.2,2.5,33.2,104.2,30.93,63.4
B04277,1107,3.48,2.35,32.4,75.3,38.84,78.34
B04278,167,3.88,3.92,46.8,41.6,48.9,91.66
B04279,1116,3.73,4.17,42.4,69.7,39.05,74.07
B04280,557,4.18,0.54,20.9,49.3,43.63,87.7
B04281,1924,3.55,0.93,33.1,110.7,30.04,61.36
B04282,1939,3.33,3.11,33.0,106.8,30.85,61.01
B04283,995,4.16,2.94,29.9,70.6,40.99,78.25
B04284,1418,3.49,2.29,43.3,86.5,34.87,69.13
B04285,1482,4.14,2.6,48.3,87.6,35.61,66.31
B04286,1533,3.5,3.22,39.0,91.3,35.46,68.45
B04287,916,4.09,4.41,32.7,63.1,41.42,80.97
B04288,1363,3.47,3.94,29.1,83.9,36.29,71.27
B04289,1755,3.42,0.9,20.7,102.2,31.89,64.75
B04290,1400,3.63,1.83,40.6,81.5,35.93,69.38
B04291,884,3.98,3.03,48.4,69.2,40.96,78.81
B04292,953,4.18,2.09,23.9,69.8,39.94,82.27
B04293,366,3.85,4.64,46.0,44.1,46.06,88.79
B04294,1024,4.04,1.02,43.0,72.2,39.46,76.8
B04295,860,3.66,4.02,26.3,68.2,41.37,81.48
B04296,944,3.88,3.41,45.1,65.3,39.76,78.03
B04297,1418,3.42,4.5,48.9,91.3,34.82,67.28
B04298,35,3.55,3.8,23.7,31.3,49.91,97.66
B04299,377,3.87,1.82,25.2,48.3,47.0,91.4
B04300,1347,3.89,1.91,42.2,81.6,36.04,68.85
B04301,140,4.13,2.22,28.7,34.7,49.52,97.39
B04302,72,3.92,4.16,33.5,36.9,50.23,97.9
B04303,1776,4.07,0.66,42.7,104.4,32.39,61.53
B04304,1964,3.74,3.51,35.4,104.6,30.89,58.32
B04305,1651,3.24,2.18,34.7,95.5,33.33,64.35
B04306,518,3.54,3.38,28.2,49.9,44.57,89.22
B04307,1724,3.55,2.18,43.7,95.9,32.29,62.85
B04308,597,3.87,4.55,34.8,55.3,43.76,84.78
B04309,1051,3.3,0.73,34.5,70.9,38.94,78.71
B04310,884,3.62,1.67,33.2,62.5,41.69,79.24
B04311,984,4.15,2.09,43.9,71.0,39.19,76.81
B04312,1825,3.64,2.46,30.5,105.8,32.39,61.83
B04313,721,4.04,3.07,36.6,61.1,42.8,84.9
B04314,1198,3.41,2.71,36.3,78.2,37.15,72.48
B04315,1324,3.99,1.63,21.7,80.6,35.79,73.25
B04316,1785,3.25,0.69,27.4,102.9,32.09,65.4
B04317,1899,3.98,2.56,22.9,102.9,30.71,60.54
B04318,334,3.22,1.24,49.4,48.2,46.16,88.46
B04319,727,3.45,1.09,23.6,61.0,42.76,84.27
B04320,533,3.61,1.99,44.5,48.5,45.5,86.56
B04321,1858,3.23,2.15,45.7,108.7,31.41,58.44
B04322,1984,3.22,0.96,30.3,107.6,29.28,60.74
B04323,128,4.04,2.48,46.8,34.7,47.91,94.94
B04324,81,4.12,4.21,25.6,28.6,49.57,99.32
B04325,1069,3.78,2.98,39.4,72.4,40.26,76.82
B04326,1970,3.27,1.91,24.6,107.5,30.6,59.77
B04327,1143,4.14,2.82,24.2,73.2,37.98,75.54
B04328,1491,3.63,4.86,47.9,94.2,35.99,66.1
B04329,936,3.95,4.33,29.7,72.2,41.13,81.34
B04330,520,3.45,1.55,28.4,49.2,45.23,87.86
B04331,294,3.97,3.03,31.8,40.6,46.91,92.89
B04332,1386,3.25,1.06,42.2,81.5,35.25,69.47
B04333,712,4.12,2.17,42.1,56.8,43.07,83.4
B04334,1699,3.44,3.83,45.1,100.0,33.08,63.68
B04335,861,3.42,4.05,21.2,64.0,41.41,83.72
B04336,1693,3.73,4.79,23.5,98.4,33.48,66.2
B04337,240,3.58,4.86,46.8,40.2,48.11,92.45
B04338,252,4.06,4.52,48.8,43.1,47.06,90.44
B04339,285,3.33,0.89,48.2,40.1,47.29,91.32
B04340,1958,3.25,4.89,45.7,110.8,31.33,57.59
B04341,1101,4.18,3.26,31.4,69.7,39.22,78.97
B04342,476,3.34,1.67,35.1,44.3,44.72,89.8
B04343,1583,3.6,1.25,31.1,94.8,34.17,66.69
B04344,113,3.92,1.3,46.7,36.8,49.14,94.9
B04345,1778,4.17,1.38,21.6,104.1,33.1,64.52
B04346,191,3.79,3.92,36.4,39.8,47.37,93.09
B04347,1932,4.15,4.55,36.2,108.2,31.13,61.49
B04348,1276,3.81,4.51,37.9,80.8,37.65,72.36
B04349,1188,3.59,3.94,48.8,74.7,37.77,74.43
B04350,1694,4.08,4.6,22.2,100.1,32.46,66.34
B04351,690,3.94,2.64,25.2,61.8,42.88,85.63
B04352,1973,3.3,1.63,28.6,107.9,29.45,58.37
B04353,1094,4.13,1.62,21.1,77.5,38.33,79.91
B04354,1273,3.8,3.17,21.9,83.7,36.67,76.17
B04355,314,3.52,4.67,43.0,40.9,46.66,89.15
B04356,1512,3.24,1.41,27.5,91.9,34.74,68.44
B04357,1477,3.74,1.05,26.3,87.5,34.79,69.71
B04358,591,3.44,4.01,35.5,49.4,43.91,85.67
B04359,1226,3.32,2.47,44.2,78.2,38.09,73.98
B04360,440,3.7,4.62,38.4,45.5,45.3,87.97
B04361,952,3.41,3.38,38.3,67.6,40.84,77.45
B04362,1315,3.31,1.73,35.3,84.2,35.99,70.17
B04363,163,3.7,4.92,41.7,40.1,47.69,96.07
B04364,480,3.86,4.25,47.1,46.6,44.52,86.73
B04365,578,3.89,0.94,32.6,53.2,44.98,88.57
B04366,786,3.62,4.21,30.5,57.6,41.96,84.8
B04367,1021,3.56,4.77,20.2,67.2,39.51,78.54
B04368,617,3.66,3.9,37.0,59.6,44.37,85.99
B04369,1900,3.5,2.57,36.9,104.0,31.66,61.06
B04370,1790,3.66,2.41,36.5,99.8,31.84,63.27
B04371,1581,4.11,5.0,25.4,97.6,34.02,67.28
B04372,843,3.33,3.36,43.8,63.3,40.8,79.27
B04373,668,3.68,1.82,26.2,61.5,42.91,87.17
B04374,119,3.37,3.27,48.8,36.1,48.04,94.33
B04375,959,3.46,3.66,37.9,64.5,39.5,78.03
B04376,156,4.14,3.12,28.2,38.5,47.44,98.2
B04377,1295,3.53,2.0,48.1,82.5,37.12,71.45
B04378,1274,3.49,1.68,35.9,83.1,37.84,73.54
B04379,494,3.5,0.52,28.3,50.3,44.87,87.63
B04380,1910,4.08,2.92,35.0,107.9,30.81,60.27
B04381,192,3.23,1.99,32.0,37.6,47.6,95.31
B04382,1732,3.47,2.34,24.4,101.2,32.42,66.61
B04383,1281,3.72,2.63,41.6,81.6,38.09,70.94
B04384,158,3.99,4.74,38.6,37.5,48.81,92.95
B04385,556,3.78,0.55,43.7,55.1,43.47,85.9
B04386,1683,3.71,4.64,41.2,101.7,33.71,65.2
B04387,265,3.66,4.39,22.6,41.2,48.13,94.26
B04388,1043,3.27,1.84,28.9,71.6,39.9,80.03
B04389,263,3.83,1.45,29.8,45.0,47.65,95.83
B04390,920,4.2,3.72,49.6,63.0,41.51,79.86
B04391,1531,4.08,1.6,38.0,88.6,35.02,67.48
B04392,1928,3.31,4.19,23.6,105.1,30.03,62.09
B04393,1178,3.32,3.28,45.3,75.2,37.57,72.48
B04394,279,4.12,2.48,20.8,36.8,46.76,97.05
B04395,536,3.47,1.53,37.2,56.3,44.71,88.44
B04396,372,3.6,4.24,34.5,42.7,45.94,92.34
B04397,1913,3.87,2.4,42.4,101.8,30.88,59.45
B04398,1433,4.0,0.68,39.8,84.3,35.1,67.85
B04399,1641,3.93,3.98,23.1,93.6,34.52,69.45
B04400,1056,3.68,3.58,30.5,68.8,39.41,76.22
B04401,135,3.82,0.51,45.9,31.1,48.93,92.3
B04402,24,4.11,1.09,29.9,26.1,49.38,99.76
B04403,606,3.88,0.54,25.1,50.8,43.67,89.5
B04404,574,3.9,2.18,26.5,57.5,43.67,86.61
B04405,714,3.91,3.62,30.2,55.6,42.76,83.1
B04406,259,4.08,2.67,37.7,40.1,48.41,93.99
B04407,1451,3.41,3.3,29.8,88.3,35.25,71.42
B04408,1885,3.31,3.25,47.1,107.4,32.0,59.98
B04409,708,4.03,4.06,31.6,53.6,43.24,84.88
B04410,1757,3.88,3.01,44.6,101.5,32.67,61.12
B04411,334,3.43,0.73,47.2,48.0,46.18,90.86
B04412,878,4.03,1.88,34.5,64.1,41.1,81.86
B04413,244,3.67,4.53,42.1,41.3,48.3,93.63
B04414,1698,3.58,4.28,37.4,101.1,32.81,64.3
B04415,1286,3.6,1.13,37.4,79.3,37.04,71.25
B04416,1005,3.64,1.55,49.6,73.9,39.34,75.87
B04417,328,3.79,4.53,46.0,47.6,46.01,89.44
B04418,1856,3.35,1.3,23.6,106.3,30.88,62.26
B04419,1566,3.66,3.11,46.4,94.9,34.16,64.35
B04420,1170,3.27,2.17,32.2,77.8,38.7,77.23
B04421,1140,4.02,3.07,33.3,75.8,39.09,74.7
B04422,76,4.17,4.06,45.1,31.7,49.24,96.94
B04423,664,4.1,3.84,31.5,52.7,42.89,87.71
B04424,633,4.09,2.62,30.1,53.9,43.71,86.55
B04425,1299,4.12,1.43,49.8,83.4,37.67,71.33
B04426,1220,3.44,3.77,24.0,74.9,37.4,75.06
B04427,1770,3.25,2.78,49.2,97.9,31.96,61.41
B04428,1582,3.77,2.39,37.6,90.6,34.74,67.84
B04429,1999,3.94,1.71,22.7,106.4,30.43,62.08
B04430,1192,3.45,2.53,34.0,78.3,38.59,73.49
B04431,59,3.67,3.36,29.6,30.9,48.61,99.6
B04432,6,3.68,1.91,49.9,31.0,50.0,94.34
B04433,852,3.48,3.59,27.0,61.3,42.16,84.28
B04434,404,3.66,2.39,34.4,42.3,46.9,89.13
B04435,570,3.87,0.61,49.3,53.8,44.7,86.8
B04436,1198,3.94,0.6,29.0,82.2,38.6,74.27
B04437,275,3.44,1.91,34.3,39.9,47.47,94.93
B04438,791,3.57,3.1,40.4,58.9,41.21,83.26
B04439,1850,3.46,0.67,42.0,100.5,30.91,61.85
B04440,30,4.11,1.06,48.7,26.8,49.12,97.67
B04441,1168,3.53,2.96,22.5,72.4,37.33,78.2
B04442,1200,3.73,1.79,32.5,82.6,38.86,74.87
B04443,102,4.02,3.03,25.8,31.3,49.43,98.4
B04444,1470,3.68,2.78,37.5,93.8,34.87,66.78
B04445,669,3.45,3.86,33.8,59.7,42.75,85.77
B04446,685,3.69,3.58,46.2,55.9,43.73,83.67
B04447,1859,3.8,2.76,45.6,105.8,30.94,60.9
B04448,96,3.28,1.92,25.9,32.7,48.07,97.14
B04449,1876,3.51,1.28,24.7,107.0,31.6,64.4
B04450,754,3.35,0.65,39.7,65.1,41.7,81.21
B04451,1354,3.23,0.57,44.7,82.5,35.72,70.85
B04452,1026,4.18,3.96,38.7,71.1,39.03,76.09
B04453,1856,3.88,2.14,31.4,99.9,32.06,61.27
B04454,301,3.94,1.76,24.7,45.4,46.61,95.68
B04455,1308,3.87,0.52,24.7,82.5,37.66,73.5
B04456,860,3.61,0.97,41.8,68.6,41.01,80.86
B04457,681,4.16,2.13,35.0,58.4,43.18,86.08
B04458,1002,3.37,4.43,38.8,69.3,40.57,77.09
B04459,883,3.6,3.19,43.0,62.7,41.52,79.11
B04460,1046,3.39,0.59,34.9,67.1,40.14,78.31
B04461,1542,3.32,0.71,37.0,95.1,35.33,67.93
B04462,1827,3.88,0.53,31.8,101.2,32.66,62.51
B04463,1501,3.52,3.8,21.8,88.9,34.61,71.05
B04464,764,3.42,2.64,38.3,56.6,41.81,82.05
B04465,1781,3.49,2.03,27.8,97.0,31.3,65.05
B04466,1007,3.53,4.83,30.0,70.7,39.14,77.9
B04467,1358,3.81,4.62,35.1,89.0,35.65,69.89
B04468,477,3.64,3.38,43.6,51.0,44.61,87.09
B04469,458,3.41,3.6,25.5,49.4,44.5,89.5
B04470,1670,3.62,1.85,46.0,98.7,33.76,62.38
B04471,1395,3.51,4.44,49.4,89.1,36.41,70.18
B04472,1087,4.19,2.11,25.4,69.6,38.31,76.44
B04473,1406,3.46,2.18,40.4,87.9,35.94,70.65
B04474,1024,3.79,2.39,26.4,71.0,38.97,79.47
B04475,1266,3.39,2.71,38.1,79.4,37.33,73.8
B04476,107,3.86,3.99,43.3,34.2,48.93,95.31
B04477,906,4.14,2.91,39.8,64.9,40.1,78.28
B04478,1179,3.41,3.0,36.6,74.1,38.37,76.54
B04479,215,3.22,3.29,23.8,41.6,48.66,96.2
B04480,871,3.86,1.43,24.0,62.2,42.16,81.75
B04481,1274,3.74,4.14,24.1,76.1,37.1,75.64
B04482,1214,3.63,2.8,29.3,80.6,37.74,74.84
B04483,1849,3.69,3.72,24.7,104.0,31.72,63.69
B04484,269,3.59,1.78,37.2,39.8,47.96,94.29
B04485,1547,3.55,3.55,29.8,92.0,35.3,67.91
B04486,1046,4.0,3.34,27.1,68.0,39.02,80.63
B04487,1218,3.85,2.88,33.9,75.6,37.63,74.07
B04488,1155,3.31,1.26,34.8,71.9,39.44,76.85
B04489,580,3.75,4.68,22.3,58.1,44.05,90.27
B04490,536,3.53,3.45,28.7,51.8,45.5,87.16
B04491,608,3.77,2.77,20.2,58.9,43.5,88.88
B04492,1036,3.22,1.68,28.9,67.3,39.73,80.54
B04493,1012,3.91,1.66,43.1,67.0,39.18,77.39
B04494,1853,3.96,4.5,28.9,102.8,30.52,63.67
B04495,1860,3.27,1.68,36.8,103.0,30.53,60.93
B04496,712,3.53,4.93,42.0,56.8,41.91,82.84
B04497,1667,3.54,1.04,44.3,93.4,32.64,65.28
B04498,1066,3.74,3.77,38.6,73.4,39.62,75.13
B04499,1879,3.7,1.69,47.2,101.4,31.8,58.15
B04500,336,3.58,4.1,28.6,43.0,47.37,90.92
B04501,1507,4.11,3.51,40.0,92.4,34.3,67.86
B04502,1594,4.13,3.51,27.8,90.5,34.61,66.18
B04503,1630,4.05,0.62,26.0,90.5,34.36,67.26
B04504,937,3.64,1.04,32.2,66.2,41.5,80.06
B04505,1692,3.75,4.39,38.4,100.9,33.3,65.1
B04506,1816,3.56,4.21,45.1,106.1,32.5,60.03
B04507,151,3.4,1.85,44.8,32.5,47.98,92.16
B04508,1349,3.89,1.51,32.9,84.4,36.42,72.94
B04509,439,3.53,1.68,43.1,45.4,46.23,87.46
B04510,1940,3.77,3.61,45.9,108.0,31.4,59.56
B04511,474,4.18,2.82,34.9,52.2,44.49,90.25
B04512,673,3.87,3.31,48.7,53.0,43.15,81.05
B04513,1100,4.07,0.6,49.1,75.3,39.35,74.56
B04514,554,3.69,4.29,38.7,50.1,45.17,88.02
B04515,1729,3.41,4.74,33.1,98.9,33.47,62.85
B04516,1723,3.91,4.65,34.4,97.5,33.62,65.4
B04517,1212,3.45,0.95,35.3,82.7,37.34,73.93
B04518,1093,3.26,1.87,40.0,75.6,38.68,75.53
B04519,1616,3.77,3.0,30.6,97.7,33.99,66.58
B04520,716,3.46,4.73,41.1,60.8,42.48,82.3
B04521,937,4.1,3.47,32.1,70.5,39.73,80.25
B04522,1436,3.41,2.97,44.2,87.0,36.29,70.13
B04523,124,3.82,1.94,36.6,38.4,48.08,94.26
B04524,1941,3.23,2.02,34.5,104.7,30.46,61.71
B04525,1815,4.12,0.61,20.2,99.1,31.71,65.62
B04526,1008,3.62,1.55,47.9,68.5,40.15,76.69
B04527,1418,3.33,2.11,46.7,86.2,35.78,70.11
B04528,1015,4.17,1.66,43.7,67.4,39.28,77.18
B04529,718,3.67,1.41,21.8,62.5,42.88,87.78
B04530,237,4.09,4.02,49.5,37.0,48.04,93.44
B04531,421,3.27,3.13,20.6,47.7,45.36,91.63
B04532,1150,3.93,4.54,41.9,74.8,37.56,75.31
B04533,1528,3.43,4.6,34.3,94.8,34.84,69.91
B04534,127,4.02,3.95,44.7,30.8,49.42,94.15
B04535,1902,3.76,3.4,48.5,105.8,30.16,58.41
B04536,588,3.44,3.72,44.5,49.2,44.2,84.82
B04537,53,3.7,1.81,25.2,31.8,49.48,98.59
B04538,1923,3.33,1.93,39.9,110.9,29.93,58.81
B04539,1572,4.03,0.61,43.0,88.3,35.09,66.57
B04540,45,3.95,3.63,41.0,33.9,50.18,96.65
B04541,1001,3.76,0.71,33.7,70.6,40.19,78.97
B04542,1582,3.71,4.79,36.5,98.0,33.34,65.38
B04543,712,3.66,1.02,49.8,59.5,43.74,82.32
B04544,1006,3.4,1.63,33.4,74.7,40.92,79.66
B04545,310,3.74,1.85,23.6,42.0,46.25,94.87
B04546,953,3.55,1.9,23.0,65.1,40.62,82.35
B04547,464,4.15,2.76,34.9,52.0,45.07,89.69
B04548,240,3.76,4.97,33.6,36.2,47.43,93.46
B04549,907,3.65,0.6,47.0,65.3,40.28,79.01
B04550,450,3.8,0.91,20.6,48.9,46.09,89.73
B04551,20,3.84,4.18,31.5,31.2,49.19,100.0
B04552,1418,3.52,1.9,28.4,87.5,36.01,71.85
B04553,1843,3.9,2.34,49.5,108.2,31.79,58.87
B04554,1046,3.9,3.05,45.8,72.7,38.84,74.55
B04555,1554,3.61,4.93,23.4,92.7,33.69,69.9
B04556,1697,4.04,1.46,38.5,102.8,32.55,63.82
B04557,1279,3.73,3.1,34.6,76.4,36.57,72.6
B04558,1748,3.91,3.6,49.7,102.3,32.59,61.97
B04559,1784,3.64,2.05,27.2,105.4,32.09,63.02
B04560,1903,3.47,0.93,40.2,109.8,30.41,58.17
B04561,1793,3.92,0.85,40.0,105.9,33.05,61.48
B04562,203,3.4,2.8,43.2,40.4,48.22,94.07
B04563,586,4.15,3.01,22.0,49.7,43.6,90.21
B04564,798,3.43,2.57,36.0,60.7,42.28,82.2
B04565,172,3.83,1.78,20.6,34.0,48.66,98.37
B04566,822,3.97,3.4,36.8,63.2,41.98,81.41
B04567,888,3.97,0.85,44.5,68.5,40.74,79.79
B04568,186,3.71,1.48,38.8,41.7,47.49,93.96
B04569,1259,3.45,3.77,41.9,83.9,36.55,70.51
B04570,1397,4.2,1.8,36.3,83.8,35.8,70.01
B04571,1011,3.33,3.94,49.1,68.6,39.76,76.57
B04572,545,3.63,4.77,39.1,55.0,44.96,86.91
B04573,856,3.31,4.75,36.3,68.5,41.73,82.68
B04574,1284,3.98,0.74,35.4,76.7,36.88,70.86
B04575,428,3.71,2.84,34.7,49.5,45.72,91.1
B04576,343,3.78,0.68,38.8,41.5,47.42,92.24
B04577,223,3.74,4.95,22.4,41.5,47.74,97.68
B04578,1369,3.63,4.18,34.0,80.2,35.85,72.14
B04579,1115,3.95,4.12,28.4,78.0,39.29,77.81
B04580,1344,3.27,4.78,33.0,85.3,37.3,73.05
B04581,854,3.24,1.55,21.5,60.9,40.84,84.62
B04582,1598,3.35,3.58,43.0,92.7,33.72,65.72
B04583,460,3.54,1.56,31.3,51.3,44.87,88.79
B04584,459,3.47,0.63,43.3,44.7,46.12,88.8
B04585,851,3.72,4.29,47.0,68.6,41.58,81.35
B04586,455,3.75,3.44,24.6,45.6,46.2,89.53
B04587,1477,3.49,0.51,37.3,88.6,36.09,70.48
B04588,1639,3.32,3.23,24.1,96.3,32.74,69.24
B04589,5,3.57,1.16,35.7,33.5,50.87,97.18
B04590,884,3.54,0.55,41.8,64.3,40.94,80.78
B04591,1375,4.0,2.96,43.2,85.0,36.78,68.15
B04592,1192,4.08,2.33,37.5,77.0,38.06,74.2
B04593,699,3.79,4.5,38.9,60.6,42.56,85.75
B04594,514,4.16,1.31,20.8,54.9,44.67,91.69
B04595,509,3.71,3.27,48.5,50.3,44.61,87.02
B04596,1392,3.53,3.15,37.1,90.2,36.77,71.98
B04597,696,3.29,2.1,42.1,62.0,42.19,82.65
B04598,1260,3.3,1.53,47.2,80.9,38.32,69.94
B04599,971,3.56,2.26,39.7,68.8,40.74,77.71
B04600,854,4.11,3.04,42.1,62.4,41.82,81.58
B04601,368,3.91,1.54,27.0,42.2,46.46,91.52
B04602,1198,4.02,0.97,28.8,80.4,37.09,75.21
B04603,1360,3.37,0.5,47.6,87.9,36.68,70.69
B04604,562,3.32,3.15,33.5,56.5,44.03,86.53
B04605,1348,3.24,1.7,45.9,84.7,37.02,69.17
B04606,1875,4.01,1.18,32.9,101.5,32.01,62.67
B04607,874,3.62,1.11,27.2,64.7,41.57,83.3
B04608,1727,4.04,2.29,34.5,97.5,33.58,63.76
B04609,1874,4.1,3.83,46.7,109.2,31.01,59.93
B04610,32,3.96,0.66,28.0,34.7,49.1,97.52
B04611,1749,3.23,1.72,39.3,102.4,33.19,61.61
B04612,538,3.38,4.42,27.5,51.3,45.41,89.94
B04613,1799,3.27,2.23,43.0,106.9,31.93,62.4
B04614,573,3.36,3.3,46.4,48.0,45.05,83.82
B04615,609,3.99,2.52,44.0,50.9,43.49,83.17
B04616,1925,4.12,3.56,30.5,105.3,30.93,61.32
B04617,63,3.45,2.76,41.6,33.1,48.82,96.95
B04618,1006,4.06,2.46,28.3,71.3,40.63,79.34
B04619,1960,3.41,3.13,20.8,110.8,30.34,61.64
B04620,63,3.96,3.04,26.2,31.6,50.17,100.0
B04621,974,4.12,2.42,27.1,64.9,41.0,80.09
B04622,78,3.81,4.97,47.2,32.3,48.61,96.22
B04623,1322,3.27,4.46,20.7,78.3,36.85,72.92
B04624,1269,4.15,1.94,25.0,81.8,37.27,74.85
B04625,544,3.99,4.95,25.6,50.4,44.2,88.73
B04626,89,3.7,0.95,27.4,34.0,49.34,97.67
B04627,965,3.31,3.51,38.4,67.0,40.55,79.22
B04628,706,3.53,2.49,41.6,61.0,42.0,84.7
B04629,839,3.4,4.61,25.7,63.4,42.47,82.97
B04630,827,3.86,1.75,41.1,68.0,42.6,79.78
B04631,108,3.43,1.78,22.4,34.2,48.32,99.43
B04632,1767,3.77,0.97,30.4,104.6,32.03,64.37
B04633,1396,3.8,1.41,44.7,85.3,36.9,69.88
B04634,1621,3.92,3.85,32.2,91.0,32.95,68.33
B04635,394,3.84,1.49,42.4,41.1,46.01,90.34
B04636,1269,3.37,2.77,38.6,79.2,37.56,74.41
B04637,1561,3.32,1.03,22.7,97.4,33.4,69.56
B04638,1408,3.78,1.39,29.3,84.9,36.05,70.47
B04639,1506,3.78,0.8,20.6,94.6,35.04,69.26
B04640,1909,4.08,2.98,34.9,104.4,30.27,58.51
B04641,916,3.61,3.29,38.6,65.1,40.36,77.78
B04642,1902,4.04,3.2,42.7,109.2,30.28,60.71
B04643,997,3.76,4.26,33.4,74.7,39.9,77.85
B04644,639,3.81,3.25,29.4,54.1,43.22,85.79
B04645,1600,3.3,4.88,24.5,99.0,34.72,67.93
B04646,961,3.67,4.76,22.5,68.0,40.83,81.59
B04647,520,3.41,0.77,39.0,48.2,45.18,86.21
B04648,892,3.92,2.96,39.9,66.0,41.56,78.29
B04649,1691,3.63,3.86,49.0,96.0,33.54,63.91
B04650,278,3.82,4.78,41.6,41.0,48.17,92.37
B04651,282,3.56,4.35,20.4,42.4,47.95,94.19
B04652,283,3.46,0.58,28.0,41.1,47.41,93.52
B04653,1214,4.01,0.77,39.6,74.4,38.4,74.75
B04654,1578,3.34,2.17,43.4,97.1,33.47,67.46
B04655,1503,3.65,3.67,49.9,91.9,34.05,66.3
B04656,1768,3.96,0.69,32.8,101.0,33.28,64.08
B04657,1884,3.26,1.62,42.4,104.4,31.39,61.42
B04658,1701,3.9,4.41,22.3,99.7,32.84,65.44
B04659,1855,3.26,1.34,44.6,100.6,31.54,59.33
B04660,1493,4.19,2.51,41.3,91.9,35.81,66.34
B04661,482,3.71,0.56,27.1,51.0,45.36,90.25
B04662,1621,3.94,3.02,43.6,96.3,32.92,63.47
B04663,674,3.52,0.8,24.1,52.5,44.17,85.08
B04664,888,4.05,0.98,38.4,63.6,40.71,81.25
B04665,1878,3.7,4.48,44.1,100.4,32.1,58.27
B04666,1033,4.12,4.08,29.1,76.2,40.54,79.26
B04667,990,3.68,4.82,20.3,68.1,40.3,81.7
B04668,1186,3.5,4.19,44.0,82.1,37.63,73.31
B04669,58,3.85,1.71,23.1,34.1,50.0,98.6
B04670,1148,3.73,2.14,27.4,73.2,39.25,76.37
B04671,1969,4.11,0.94,46.3,104.2,30.23,58.98
B04672,876,3.94,1.65,27.0,61.3,40.28,82.38
B04673,979,3.69,1.11,25.8,68.8,40.71,79.31
B04674,1915,4.2,3.72,27.2,103.8,30.05,60.09
B04675,1480,3.63,1.5,48.2,85.1,35.46,66.41
B04676,86,3.58,4.4,28.0,30.4,48.76,97.08
B04677,256,4.13,4.52,20.4,43.7,46.6,95.33
B04678,1625,3.4,4.87,44.5,97.8,33.9,66.5
B04679,722,3.63,2.67,35.7,63.5,42.09,82.35
B04680,1757,4.1,4.88,27.2,102.2,32.75,64.28
B04681,469,3.66,0.57,27.4,45.4,45.57,89.07
B04682,192,3.94,0.91,41.4,42.2,47.76,91.95
B04683,1967,3.59,1.93,31.4,111.8,30.88,60.62
B04684,593,3.84,1.15,20.5,51.2,43.89,89.61
B04685,96,3.8,2.36,40.9,30.7,49.91,96.01
B04686,1475,3.66,3.48,48.2,93.1,35.89,68.64
B04687,1917,3.5,1.18,21.5,106.8,29.93,62.97
B04688,446,3.28,2.97,49.1,52.1,45.57,88.39
B04689,342,4.07,3.02,44.7,47.1,46.3,91.4
B04690,1,3.22,1.88,26.5,34.8,50.43,100.0
B04691,804,4.15,1.4,31.6,66.5,42.53,82.12
B04692,1790,4.16,2.95,32.5,97.9,32.48,62.91
B04693,1184,3.25,2.0,40.3,77.6,37.7,74.67
B04694,1748,3.27,1.22,47.6,97.9,33.15,61.0
B04695,1212,3.81,2.14,24.0,73.7,37.47,75.41
B04696,710,3.82,4.13,35.8,55.1,43.13,82.9
B04697,71,3.87,3.83,39.3,31.8,50.09,95.11
B04698,1041,3.96,4.32,34.7,70.9,38.61,77.81
B04699,1147,4.17,2.22,40.6,77.9,39.41,74.51
B04700,550,3.8,3.73,28.8,55.9,43.77,88.27
B04701,753,4.03,1.22,38.0,62.9,41.99,83.48
B04702,575,4.03,0.88,29.1,48.6,44.4,89.72
B04703,1598,3.62,4.15,25.6,95.7,34.79,67.9
B04704,1048,3.38,1.64,46.0,70.5,39.43,75.89
B04705,1846,3.77,2.81,43.0,105.2,32.35,59.12
B04706,1130,3.89,2.16,20.3,79.6,38.99,79.37
B04707,618,3.43,3.04,45.0,53.2,44.48,85.8
B04708,1638,3.53,2.48,21.1,99.5,34.44,66.54
B04709,1135,4.14,0.57,25.1,73.9,37.72,77.27
B04710,1588,3.34,0.55,30.1,98.0,34.05,68.5
B04711,1825,3.71,3.11,46.8,100.9,32.36,58.47
B04712,1549,3.23,0.82,40.8,90.8,35.35,67.77
B04713,396,3.59,0.86,25.4,47.4,46.13,90.88
B04714,1281,3.72,4.25,30.4,83.1,36.5,74.48
B04715,976,3.6,0.81,25.8,66.0,41.03,79.29
B04716,1622,3.24,4.11,42.9,91.7,34.72,66.46
B04717,462,3.7,3.66,33.0,47.6,45.96,91.28
B04718,1730,3.88,1.67,26.4,101.2,33.02,63.71
B04719,934,3.28,1.79,20.4,65.8,40.92,82.04
B04720,1152,3.47,1.54,23.1,77.0,38.15,78.01
B04721,1412,3.75,3.36,26.2,89.8,36.62,70.72
B04722,512,3.5,0.75,23.3,45.6,45.61,91.52
B04723,1038,3.39,1.73,20.5,67.2,39.69,81.74
B04724,1777,3.42,4.13,25.4,102.9,32.86,64.64
B04725,567,4.12,1.66,22.5,54.9,43.85,90.36
B04726,309,3.43,2.89,20.2,43.7,47.17,93.82
B04727,1330,4.11,4.18,26.7,83.8,36.44,74.31
B04728,1999,4.07,3.92,34.0,108.7,29.29,58.98
B04729,1943,4.2,3.98,25.1,103.6,31.37,59.66
B04730,642,4.16,3.88,40.1,54.6,42.84,84.68
B04731,1789,3.55,3.93,41.4,100.8,31.18,59.84
B04732,884,3.93,4.29,37.8,64.7,40.49,79.29
B04733,373,4.12,3.64,43.6,48.0,45.84,90.34
B04734,1473,3.88,3.35,27.1,86.4,35.1,68.54
B04735,1842,4.11,3.87,40.2,100.9,31.05,62.6
B04736,830,4.13,4.54,35.2,64.0,42.3,81.88
B04737,589,3.74,4.01,46.2,56.8,43.51,83.23
B04738,666,4.17,1.61,36.7,58.4,43.92,84.44
B04739,801,3.48,3.03,28.0,66.3,42.0,85.25
B04740,1123,3.97,4.36,40.2,70.3,39.07,77.24
B04741,546,4.11,1.36,46.1,47.8,45.36,85.07
B04742,173,3.6,1.31,26.3,39.4,48.52,95.5
B04743,328,3.61,4.44,46.0,44.8,47.27,89.27
B04744,18,3.38,3.99,49.8,28.4,50.63,96.02
B04745,1586,4.03,4.85,25.4,90.7,33.38,67.65
B04746,552,3.31,0.82,43.9,55.0,45.13,84.22
B04747,375,3.87,3.36,27.4,42.2,46.57,91.11
B04748,1039,3.61,2.2,23.6,70.4,38.92,80.29
B04749,1829,4.04,3.85,21.8,102.7,31.38,63.36
B04750,999,3.95,2.26,44.0,65.5,40.66,77.92
B04751,1719,3.83,3.52,36.3,95.0,32.56,62.33
B04752,1158,3.22,0.72,39.7,72.5,38.68,74.05
B04753,83,3.34,1.1,23.8,31.9,49.96,99.88
B04754,978,3.24,4.15,42.9,66.1,40.63,76.1
B04755,1927,3.56,4.77,25.1,107.3,31.56,62.54
B04756,1753,4.01,2.49,25.8,105.0,32.09,66.33
B04757,386,3.34,2.77,36.6,46.0,46.54,89.28
B04758,214,3.56,2.7,48.0,43.4,48.01,90.36
B04759,123,3.53,1.84,49.0,38.2,49.09,93.82
B04760,504,3.91,4.92,45.5,50.1,44.98,84.97
B04761,202,3.3,2.22,43.2,39.2,48.56,94.6
B04762,686,3.38,4.29,30.5,54.5,44.05,84.64
B04763,1340,3.96,4.4,33.2,83.8,36.54,73.59
B04764,1073,3.73,4.74,42.2,73.9,39.74,76.36
B04765,741,3.27,4.02,46.1,63.5,42.77,82.26
B04766,320,3.87,2.03,49.8,41.2,47.04,91.76
B04767,656,3.74,3.19,26.6,54.5,42.61,86.75
B04768,1043,3.66,2.44,28.0,70.1,40.29,80.47
B04769,1967,3.96,4.24,31.4,104.2,30.87,59.5
B04770,1852,3.88,3.73,36.8,107.2,31.98,60.75
B04771,805,3.4,0.72,25.9,62.8,42.05,82.02
B04772,927,3.57,1.96,49.4,72.0,40.51,77.76
B04773,1882,4.03,0.96,30.5,102.7,31.12,59.72
B04774,507,4.09,1.97,23.6,54.7,44.2,89.43
B04775,533,3.71,3.31,23.5,46.5,43.71,90.52
B04776,1464,3.25,4.61,26.3,91.7,35.88,70.66
B04777,1324,3.67,2.78,35.5,82.4,37.0,71.94
B04778,1608,4.13,1.95,29.1,93.2,34.77,67.98
B04779,1760,3.5,0.94,21.7,102.2,32.18,63.42
B04780,71,3.88,3.82,33.6,30.5,48.97,97.94
B04781,1763,4.08,1.33,22.5,100.6,32.33,65.65
B04782,1945,3.3,4.14,46.9,106.4,31.11,56.34
B04783,156,3.9,3.94,43.2,32.8,49.2,93.01
B04784,1063,3.2,4.76,43.4,77.3,39.1,74.92
B04785,658,3.6,3.1,49.9,51.6,43.24,81.47
B04786,248,4.04,4.13,36.4,37.6,46.53,92.77
B04787,53,4.17,3.98,30.7,33.8,49.21,98.72
B04788,813,3.23,0.75,20.4,64.8,42.81,84.91
B04789,996,3.95,3.01,44.3,70.4,40.41,76.3
B04790,1974,4.16,1.51,29.1,109.7,31.18,60.08
B04791,242,3.29,4.69,22.5,37.4,47.33,94.09
B04792,921,3.22,3.63,39.8,71.8,41.23,78.22
B04793,22,3.23,2.15,29.5,29.2,50.75,98.01
B04794,1431,3.9,4.64,22.8,90.1,35.28,71.22
B04795,680,3.92,1.91,36.3,54.5,43.53,84.73
B04796,461,3.94,3.42,28.3,51.0,46.37,90.79
B04797,73,4.2,0.79,47.5,31.4,48.93,94.65
B04798,480,3.33,0.7,43.7,47.7,44.5,88.67
B04799,915,3.39,1.52,36.0,69.2,39.97,81.47
B04800,144,3.92,1.15,36.4,33.8,49.23,96.81
B04801,1758,3.23,1.79,28.5,98.1,32.57,63.38
B04802,1458,3.9,3.41,27.9,88.3,35.83,70.31
B04803,1607,3.36,4.94,37.3,94.8,34.1,65.33
B04804,589,3.89,2.58,30.2,53.0,44.37,86.62
B04805,1690,3.74,4.72,23.1,95.4,32.31,64.6
B04806,1046,3.61,0.72,48.5,69.8,40.14,73.85
B04807,596,3.85,2.68,48.1,53.7,44.8,83.58
B04808,102,3.61,1.55,20.4,29.7,48.5,100.0
B04809,1680,4.12,1.19,34.6,102.2,33.18,66.59
B04810,1342,3.24,0.8,37.1,87.7,36.3,69.76
B04811,1041,3.54,1.11,28.4,68.4,40.09,76.98
B04812,368,3.54,3.67,23.6,41.3,45.75,93.77
B04813,339,3.46,1.42,22.6,46.9,47.09,94.78
B04814,190,3.28,3.94,26.1,33.6,48.94,94.05
B04815,52,4.07,2.03,28.9,35.2,48.82,96.55
B04816,1015,3.7,2.24,36.5,75.2,40.28,77.33
B04817,317,3.84,2.56,27.2,42.9,46.46,92.63
B04818,1066,3.81,4.53,43.2,72.2,39.86,76.74
B04819,1895,3.96,2.57,27.7,100.9,31.96,61.3
B04820,260,3.84,2.86,23.3,39.8,47.65,93.27
B04821,1743,3.9,0.89,20.4,103.0,33.06,65.93
B04822,671,3.76,0.51,30.9,53.9,43.66,83.8
B04823,1200,3.31,0.67,35.6,73.4,37.47,76.13
B04824,394,3.72,3.61,40.0,43.7,47.06,88.41
B04825,71,3.81,3.8,21.9,35.4,48.64,98.28
B04826,362,3.86,1.39,44.3,44.9,45.68,91.74
B04827,169,3.53,2.72,20.6,35.5,47.45,96.71
B04828,1130,3.74,3.11,20.8,78.4,38.17,78.71
B04829,294,3.51,3.42,49.1,43.6,47.29,90.72
B04830,1499,4.14,1.1,37.9,94.2,34.57,68.63
B04831,1150,3.35,4.44,30.1,74.8,39.21,78.07
B04832,1374,3.32,1.51,41.1,83.7,36.7,68.48
B04833,1568,3.77,4.38,21.9,89.3,34.89,71.08
B04834,1300,3.21,1.75,23.8,84.8,37.32,74.68
B04835,261,4.12,4.54,27.7,36.7,47.32,95.81
B04836,923,3.99,4.34,47.9,63.7,41.66,76.73
B04837,81,4.12,3.41,48.5,33.4,48.83,94.21
B04838,1065,3.31,3.4,20.7,73.1,39.63,78.8
B04839,639,4.13,2.36,42.2,58.0,43.89,83.0
B04840,409,3.39,4.59,35.3,47.3,46.83,90.63
B04841,1000,3.47,2.48,32.8,65.8,39.66,78.2
B04842,1676,3.95,4.14,32.7,95.3,33.12,65.49
B04843,356,4.07,3.19,22.8,48.6,45.51,91.81
B04844,1507,3.84,4.47,26.8,87.9,35.8,70.91
B04845,305,3.26,3.84,33.2,41.8,46.53,92.77
B04846,909,3.48,4.84,48.8,67.5,40.43,77.07
B04847,1231,3.41,2.69,44.7,78.0,37.33,73.15
B04848,923,3.3,4.24,43.0,64.2,40.52,78.09
B04849,140,3.46,2.6,30.7,39.0,48.26,94.45
B04850,1659,4.02,0.58,44.5,98.2,33.71,65.08
B04851,1857,3.52,4.64,28.0,101.0,32.25,61.14
B04852,1547,3.38,4.71,39.1,93.7,34.59,65.85
B04853,768,3.88,1.87,20.5,60.9,42.65,86.14
B04854,1080,3.58,1.57,22.9,73.5,40.02,78.14
B04855,275,3.35,3.78,28.3,40.2,46.43,92.54
B04856,396,3.86,3.0,23.1,43.2,45.45,91.69
B04857,1872,4.09,3.7,39.9,102.1,32.14,58.39
B04858,838,3.96,3.1,42.3,62.3,41.68,78.84
B04859,1229,3.65,5.0,29.3,78.3,38.71,75.33
B04860,802,4.1,2.37,39.8,62.3,42.63,83.5
B04861,59,3.6,4.87,31.3,32.3,48.81,97.01
B04862,1408,3.76,3.1,44.0,89.7,35.06,70.86
B04863,1175,4.18,0.54,34.5,80.9,38.09,76.95
B04864,712,4.11,2.63,41.1,58.9,42.27,81.39
B04865,762,3.86,4.04,48.0,64.2,41.86,79.98
B04866,647,3.37,3.93,21.8,56.4,44.5,86.74
B04867,347,4.09,1.44,49.8,45.9,46.88,87.73
B04868,1792,3.49,1.18,22.6,97.4,32.61,65.11
B04869,1422,4.16,4.99,47.8,91.3,34.9,68.99
B04870,1363,3.21,0.88,44.0,88.8,36.59,69.49
B04871,575,3.62,3.62,47.9,57.4,43.37,84.03
B04872,1271,3.3,0.67,49.4,79.2,36.81,69.67
B04873,1481,3.39,4.09,22.4,90.6,34.52,70.28
B04874,1179,3.39,1.63,20.5,77.9,37.39,78.49
B04875,129,3.77,0.63,44.4,33.4,48.77,95.64
B04876,1198,3.3,2.41,43.5,77.6,37.71,72.89
B04877,707,4.03,2.12,23.5,59.2,42.23,85.33
B04878,729,3.91,1.87,42.7,55.3,41.81,82.2
B04879,1556,3.28,4.14,35.1,97.2,34.75,67.58
B04880,1019,3.29,3.24,24.9,66.6,39.32,80.35
B04881,800,4.0,1.89,32.3,63.1,42.84,83.76
B04882,1568,3.33,3.44,46.3,91.3,33.52,65.18
B04883,82,3.85,4.17,27.8,31.8,49.94,97.05
B04884,1621,3.92,2.92,34.0,95.8,33.98,66.87
B04885,1488,3.37,4.08,29.4,91.4,34.24,70.46
B04886,51,3.24,1.69,45.2,30.0,49.45,94.3
B04887,358,3.47,3.59,27.3,46.6,46.08,91.1
B04888,1213,3.73,2.37,20.1,75.4,38.54,77.94
B04889,1845,3.7,0.6,38.9,107.6,32.22,59.79
B04890,743,4.17,0.88,41.5,64.6,43.11,83.41
B04891,164,3.37,0.57,38.1,41.2,47.54,92.97
B04892,623,3.84,2.06,21.0,51.6,43.56,87.57
B04893,1146,3.61,4.43,24.0,73.1,39.16,79.17
B04894,805,4.01,4.93,30.1,63.1,42.17,82.25
B04895,242,3.26,4.81,47.3,38.5,47.31,91.39
B04896,103,3.51,1.36,36.2,30.9,48.68,96.8
B04897,951,3.57,4.99,37.6,70.6,40.13,78.74
B04898,1307,3.3,4.42,42.7,78.7,37.85,71.02
B04899,972,3.73,2.43,46.7,65.2,39.38,75.49
B04900,652,4.1,4.41,34.9,58.8,43.27,85.14
B04901,1128,3.94,1.68,24.2,71.4,38.07,77.3
B04902,367,3.85,1.86,22.9,43.2,46.91,91.0
B04903,711,4.15,1.28,45.6,60.4,42.35,84.68
B04904,660,3.54,4.72,20.6,53.2,42.75,89.41
B04905,1859,3.89,0.5,23.6,106.3,31.51,63.89
B04906,530,3.72,4.05,23.8,54.5,44.27,91.55
B04907,937,4.12,4.83,27.8,66.4,39.69,81.83
B04908,1832,4.08,3.53,31.7,101.2,32.64,61.17
B04909,1277,4.07,1.48,21.7,80.9,36.92,73.84
B04910,194,3.97,1.38,32.2,41.9,47.7,96.5
B04911,1501,3.67,2.89,36.8,91.9,35.91,69.47
B04912,1901,3.67,4.17,39.0,103.9,31.84,60.65
B04913,235,3.56,3.86,49.3,39.9,48.59,90.17
B04914,1958,3.22,1.62,47.5,105.7,31.35,58.46
B04915,1531,3.23,1.12,39.7,95.5,33.92,68.07
B04916,360,3.23,2.46,34.7,43.3,47.14,93.26
B04917,72,3.34,3.7,24.7,37.3,49.96,99.64
B04918,251,3.99,3.12,26.4,41.7,47.48,93.15
B04919,782,3.51,0.81,28.8,61.4,41.79,84.16
B04920,251,3.78,2.94,29.7,42.8,48.06,95.89
B04921,1115,3.96,4.25,40.6,75.5,37.9,75.43
B04922,1178,3.69,2.28,31.6,78.3,37.26,76.31
B04923,984,3.7,1.35,20.7,71.2,40.46,79.19
B04924,1551,3.32,1.08,35.8,93.3,35.14,67.01
B04925,1790,3.57,1.09,21.0,99.2,32.26,65.81
B04926,24,3.3,4.25,46.2,33.8,48.88,95.31
B04927,1653,4.08,0.54,39.4,99.2,33.21,65.99
B04928,123,3.69,1.72,43.5,33.8,49.56,94.51
B04929,1800,3.85,4.08,29.4,97.4,32.47,61.83
B04930,1788,3.22,4.23,35.2,103.4,32.92,62.14
B04931,16,3.51,2.3,45.6,34.8,50.31,97.89
B04932,1125,3.28,0.64,21.3,71.6,39.0,79.12
B04933,1484,4.19,0.67,32.0,87.1,34.7,68.86
B04934,1608,3.77,2.74,43.6,94.1,34.32,66.9
B04935,735,3.84,3.72,32.4,54.5,42.24,83.61
B04936,1279,3.68,3.63,40.9,77.1,36.61,70.56
B04937,1202,4.03,3.66,50.0,78.2,37.29,71.18
B04938,1465,3.51,4.23,39.4,87.3,36.0,68.46
B04939,1621,3.96,4.97,22.8,98.9,34.19,68.19
B04940,315,3.54,3.75,36.4,42.0,46.34,90.65
B04941,78,3.21,1.12,40.5,28.5,49.24,95.76
B04942,1251,3.41,2.65,39.8,84.2,36.57,74.13
B04943,1248,3.87,0.83,30.5,82.4,37.27,73.93
B04944,1010,3.63,2.32,47.7,71.5,39.1,74.43
B04945,1521,4.11,0.85,30.8,90.5,34.27,67.44
B04946,372,3.29,0.86,30.1,49.2,45.53,93.05
B04947,1551,4.06,3.23,30.2,87.5,33.62,67.5
B04948,1226,3.36,4.54,26.1,77.2,37.4,76.54
B04949,1783,3.43,2.12,37.4,105.0,31.71,60.64
B04950,601,3.62,2.26,45.7,50.2,44.12,86.11
B04951,1993,3.22,3.83,21.0,113.2,29.47,62.1
B04952,1727,3.79,2.26,41.0,103.6,32.52,63.4
B04953,63,3.38,1.96,39.9,36.3,49.15,97.37
B04954,1654,3.83,2.09,44.1,93.7,32.67,64.77
B04955,1155,3.65,3.51,25.4,76.9,38.47,75.84
B04956,1733,3.8,1.67,39.9,101.3,32.46,62.99
B04957,1451,3.55,2.65,21.6,83.7,35.77,72.68
B04958,1898,4.03,4.29,24.2,106.6,31.81,63.97
B04959,1011,3.63,2.1,32.5,72.6,39.09,76.97
B04960,1752,3.81,4.29,26.0,104.8,32.93,65.43
B04961,489,3.98,4.89,30.4,46.4,44.53,90.07
B04962,1719,4.06,1.15,32.8,103.6,32.85,64.32
B04963,152,4.15,3.84,41.2,38.6,48.19,95.52
B04964,1567,3.65,3.61,49.8,87.9,33.73,64.15
B04965,506,3.67,4.58,42.6,53.4,44.74,85.78
B04966,222,4.08,1.51,27.5,35.1,47.2,94.12
B04967,1886,3.37,0.87,33.5,106.2,30.35,59.87
B04968,1467,3.47,3.01,24.6,88.8,34.55,70.63
B04969,539,3.82,2.78,27.2,49.1,44.77,90.53
B04970,598,4.19,1.02,27.4,55.4,44.1,86.31
B04971,1916,3.79,4.25,24.9,107.3,29.99,60.44
B04972,1046,4.04,1.14,24.5,70.5,38.65,79.04
B04973,20,4.08,4.71,35.7,33.1,49.15,97.88
B04974,735,3.37,4.25,22.6,59.4,43.49,85.01
B04975,822,3.35,2.47,49.0,66.6,41.8,79.13
B04976,874,3.64,0.61,21.8,64.4,41.41,84.04
B04977,1977,3.52,4.59,45.4,108.3,30.13,55.68
B04978,130,3.54,1.64,45.9,35.3,48.11,95.81
B04979,764,3.27,1.71,47.4,56.6,42.41,83.26
B04980,833,3.5,4.3,34.9,67.6,42.65,81.87
B04981,621,4.08,1.31,21.5,50.9,43.15,88.71
B04982,1877,4.12,1.43,35.3,105.6,31.04,59.69
B04983,1085,4.09,2.65,20.4,74.6,39.37,79.66
B04984,1385,3.84,0.62,42.0,82.3,35.26,68.76
B04985,66,3.32,3.6,35.4,30.2,49.9,95.9
B04986,26,3.61,1.5,39.5,30.3,49.0,95.86
B04987,215,3.44,1.64,31.7,39.2,48.16,93.34
B04988,59,3.3,0.66,41.2,29.5,49.37,97.06
B04989,470,3.75,2.71,35.7,50.7,44.5,89.35
B04990,457,3.79,0.98,41.9,46.0,46.12,87.98
B04991,1712,3.89,1.82,26.1,96.2,32.31,66.41
B04992,1038,3.6,2.29,39.3,69.0,39.27,76.74
B04993,1702,3.76,4.13,26.5,94.9,33.62,67.68
B04994,1535,3.96,2.72,27.7,87.6,35.22,69.48
B04995,1709,3.51,4.02,27.6,96.6,32.95,65.14
B04996,431,3.52,1.14,26.4,52.1,44.82,90.96
B04997,842,3.68,2.45,26.9,66.3,41.84,83.37
B04998,1981,3.35,3.18,49.9,109.4,29.61,55.39
B04999,682,3.37,5.0,25.3,56.0,42.67,85.03
B05000,1101,3.84,3.25,47.4,74.9,38.43,76.23
B05001,247,3.6,3.76,33.0,36.9,46.7,94.38
B05002,1092,3.37,1.72,49.0,76.6,38.52,73.98
B05003,1526,3.54,4.67,45.9,90.4,34.77,64.91
B05004,1813,3.72,2.74,38.3,101.1,32.29,61.65
B05005,1515,3.91,0.8,39.6,95.5,35.05,66.38
B05006,5,3.9,3.4,37.5,31.2,50.36,96.83
B05007,771,3.82,2.81,44.6,58.6,41.32,81.05
B05008,141,3.51,3.23,24.4,32.4,49.58,98.2
B05009,1632,3.48,2.27,48.6,97.2,32.84,65.41
B05010,1467,3.62,1.07,25.7,90.3,35.4,71.08
B05011,1403,3.69,4.27,32.5,84.2,36.48,72.43
B05012,1328,3.76,3.27,37.6,81.0,37.36,70.98
B05013,1800,3.78,4.28,23.6,98.0,31.06,63.96
B05014,1691,4.09,4.87,23.9,97.9,33.09,67.1
B05015,893,3.39,3.88,38.2,69.3,40.53,81.47
B05016,1760,3.52,3.39,29.6,98.1,32.88,64.35
B05017,1174,4.1,4.17,49.4,72.4,39.06,73.03
B05018,1405,4.09,4.71,25.3,90.7,35.46,73.82
B05019,596,3.4,1.55,21.2,55.6,44.68,90.13
B05020,1708,3.57,3.61,41.0,94.8,33.03,62.03
B05021,210,3.71,1.16,25.4,36.5,47.42,95.8
B05022,1585,3.61,1.0,26.8,92.1,33.81,68.59
B05023,1516,3.6,3.88,39.2,88.1,34.47,67.94
B05024,1090,3.25,0.87,43.7,76.8,39.92,76.95
B05025,1818,3.91,1.41,37.3,99.8,32.66,61.66
B05026,668,3.95,1.22,41.6,54.3,43.58,86.08
B05027,1207,3.67,2.16,48.0,78.5,37.94,71.53
B05028,655,3.97,3.75,40.7,58.3,43.81,84.07
B05029,1306,4.17,1.96,49.5,81.8,36.19,70.96
B05030,1094,3.21,0.77,22.1,74.7,38.46,79.59
B05031,1870,3.83,4.55,45.7,106.6,31.61,60.27
B05032,1348,3.85,1.19,49.0,84.6,36.05,68.59
B05033,159,3.33,3.75,43.0,35.5,48.3,93.7
B05034,623,3.48,4.0,43.3,58.9,44.01,82.89
B05035,858,3.24,4.94,33.8,65.7,41.25,81.91
B05036,475,3.84,2.08,48.2,51.3,44.73,85.87
B05037,1761,3.65,4.83,49.9,99.5,31.77,60.85
B05038,1917,3.54,3.03,21.4,109.6,30.5,60.46
B05039,1787,3.76,2.59,39.8,98.9,31.98,63.02
B05040,86,4.1,4.15,23.4,33.1,48.71,100.0
B05041,1978,3.29,3.88,42.4,108.2,29.27,59.08
B05042,1907,3.43,4.94,29.3,103.5,31.47,59.81
B05043,1673,3.99,2.05,37.8,101.0,32.83,66.45
B05044,1750,3.67,0.79,25.4,95.9,32.08,63.45
B05045,1436,4.04,4.51,26.8,85.5,34.77,70.28
B05046,1657,3.96,1.14,48.6,95.8,34.35,61.76
B05047,1306,4.05,0.51,39.8,86.8,36.0,73.43
B05048,1987,3.3,4.35,20.8,109.7,31.03,59.81
B05049,1303,3.69,1.59,22.0,84.7,36.26,72.45
B05050,764,3.95,3.58,28.9,55.8,43.14,83.32
B05051,12,3.71,2.42,41.1,35.1,50.14,98.38
B05052,869,3.33,4.31,20.4,63.5,42.28,81.63
B05053,1688,3.9,4.98,48.0,99.6,32.32,60.88
B05054,1903,3.33,3.25,24.4,106.1,30.28,63.85
B05055,1108,3.94,2.74,28.6,70.0,39.64,78.69
B05056,1379,3.79,0.78,39.4,90.1,36.5,70.7
B05057,150,4.13,3.78,31.2,40.9,49.01,95.61
B05058,1797,3.83,4.04,38.0,102.1,31.46,63.72
B05059,391,3.42,0.97,41.6,44.9,46.63,89.76
B05060,1536,3.91,0.52,42.7,86.9,35.04,65.16
B05061,378,3.42,0.9,44.6,45.2,47.05,87.83
B05062,589,3.34,4.44,47.9,54.0,44.55,85.96
B05063,1672,3.37,3.79,22.3,97.4,34.17,68.86
B05064,1720,3.93,3.66,24.1,101.8,32.56,64.98
B05065,237,4.0,4.0,25.7,36.7,46.89,96.69
B05066,1986,3.31,0.78,20.4,109.2,29.74,60.99
B05067,228,3.52,1.3,43.0,38.1,48.05,92.0
B05068,928,4.11,3.9,39.9,67.4,41.25,78.36
B05069,675,3.92,4.57,40.6,61.9,43.86,84.79
B05070,781,3.38,3.32,49.1,58.2,42.91,82.14
B05071,1772,3.78,3.55,46.1,97.2,31.88,62.35
B05072,389,4.0,3.63,28.3,46.2,45.71,91.64
B05073,1143,4.02,2.99,41.8,80.1,37.83,73.65
B05074,1994,3.92,3.08,26.1,111.2,30.67,58.99
B05075,1153,3.45,3.79,42.2,72.7,39.14,74.05
B05076,383,3.57,0.91,37.3,45.7,45.47,91.96
B05077,467,3.91,2.88,46.2,49.8,44.77,86.34
B05078,701,3.56,1.29,24.2,62.9,42.86,86.32
B05079,574,3.64,3.48,44.6,50.2,43.55,84.63
B05080,1957,4.13,1.24,38.8,107.2,30.7,57.01
B05081,1381,3.4,1.7,26.9,89.9,37.04,72.79
B05082,1080,4.03,2.97,28.1,71.0,39.72,76.31
B05083,1913,3.53,1.14,21.6,102.0,30.64,63.31
B05084,107,3.53,1.33,37.8,31.5,48.39,97.23
B05085,366,4.04,3.38,35.6,47.2,46.26,92.31
B05086,253,3.28,0.68,24.5,41.0,46.73,94.82
B05087,368,3.71,1.79,33.1,46.9,45.33,90.21
B05088,1647,4.04,0.91,29.7,96.0,34.14,65.52
B05089,508,3.55,3.36,46.1,51.9,45.62,85.71
B05090,450,3.53,3.42,36.3,50.4,45.9,89.95
B05091,670,3.89,1.88,34.5,55.3,42.4,83.56
B05092,990,4.02,3.18,45.5,71.0,39.54,79.12
B05093,1945,3.22,2.08,49.8,105.9,31.32,57.29
B05094,310,3.75,4.39,29.8,43.0,47.44,93.39
B05095,1536,3.92,1.37,38.4,93.5,35.29,65.88
B05096,568,3.84,4.64,29.6,55.0,44.38,86.55
B05097,1576,3.74,3.93,36.6,90.0,34.38,68.07
B05098,1468,4.04,1.4,37.6,90.0,34.69,70.44
B05099,512,3.54,2.98,21.5,53.2,45.17,88.87
B05100,1498,3.69,2.12,26.8,93.0,35.42,71.66
B05101,1530,3.87,4.56,35.6,91.6,34.71,67.63
B05102,1209,4.09,3.78,42.4,73.9,37.59,72.47
B05103,1932,3.83,1.28,39.3,110.7,31.04,57.6
B05104,1985,4.17,2.75,34.2,110.3,31.0,60.51
B05105,759,3.76,2.32,21.7,62.2,41.5,84.73
B05106,1641,4.16,1.44,37.9,99.1,33.8,65.63
B05107,941,3.77,1.35,21.7,68.0,41.33,81.34
B05108,1290,3.79,2.81,27.1,80.0,36.49,75.63
B05109,451,3.34,2.2,20.9,47.7,44.86,91.02
B05110,987,3.77,1.11,35.0,73.0,39.57,76.89
B05111,1683,3.79,2.95,22.9,100.6,32.8,67.71
B05112,1958,3.38,0.55,32.7,108.2,29.73,61.27
B05113,1457,3.95,4.01,49.8,84.8,34.81,67.19
B05114,456,3.73,2.13,44.7,49.7,45.33,86.24
B05115,210,3.46,3.69,25.0,39.1,48.23,95.92
B05116,1776,3.23,1.64,42.3,97.7,32.38,62.42
B05117,1124,3.7,3.93,40.1,72.9,37.91,76.92
B05118,1034,3.5,4.62,31.6,76.3,40.26,79.92
B05119,520,3.89,1.42,42.8,52.7,43.99,87.05
B05120,891,3.93,1.32,47.4,67.0,40.3,78.91
B05121,1091,3.77,3.27,23.7,69.5,38.78,79.56
B05122,1419,3.71,0.51,45.2,83.3,36.01,67.74
B05123,23,4.15,1.49,38.9,33.8,50.2,96.51
B05124,1842,4.03,3.96,44.8,102.5,32.18,58.7
B05125,594,3.54,0.82,24.9,51.6,44.04,87.76
B05126,749,3.25,2.11,33.4,62.9,41.99,85.03
B05127,320,3.72,0.53,43.8,42.1,46.82,89.04
B05128,1752,3.21,2.48,24.8,97.5,32.42,66.52
B05129,123,3.77,2.69,29.2,38.2,48.68,97.35
B05130,525,3.5,1.43,44.8,46.7,44.05,87.27
B05131,1930,3.22,1.32,31.5,110.2,31.0,59.67
B05132,667,3.71,1.19,34.6,56.2,42.99,85.27
B05133,1795,3.72,2.0,41.8,99.7,32.52,62.03
B05134,1269,3.71,1.14,45.3,78.4,36.34,71.64
B05135,1023,3.72,3.21,38.5,68.1,40.03,77.21
B05136,1481,3.47,4.64,42.4,87.4,35.06,66.3
B05137,1189,3.92,2.61,44.8,73.9,37.28,72.01
B05138,783,3.6,0.79,38.7,56.5,42.08,83.46
B05139,791,3.74,2.22,44.1,59.7,42.02,80.81
B05140,1055,4.07,2.19,33.5,71.7,39.99,78.0
B05141,1945,3.5,2.67,49.8,106.2,30.67,58.21
B05142,850,3.52,0.96,34.1,63.2,42.35,80.92
B05143,1488,3.37,2.27,37.7,94.2,34.93,68.67
B05144,802,3.8,3.72,21.1,58.6,42.86,83.17
B05145,199,3.51,4.73,37.7,39.2,47.43,92.45
B05146,1280,3.78,2.33,22.5,86.2,37.36,72.88
B05147,1132,3.79,2.06,38.7,70.4,37.79,77.23
B05148,440,3.51,3.44,43.8,48.9,45.71,90.2
B05149,1118,4.02,0.7,42.1,76.0,37.84,75.96
B05150,99,4.03,1.84,46.8,37.7,49.6,93.12
B05151,1396,3.2,4.91,46.8,85.7,35.8,66.89
B05152,1498,3.59,0.86,24.1,89.5,34.73,71.38
B05153,961,3.54,2.77,28.7,65.3,40.28,80.87
B05154,1881,3.8,2.41,22.2,106.7,30.29,62.75
B05155,1076,3.83,1.87,26.3,77.3,40.12,76.55
B05156,888,4.02,3.79,43.1,62.9,41.18,78.03
B05157,1319,3.24,0.76,42.1,78.3,37.47,70.0
B05158,1286,3.91,4.89,36.2,85.8,37.41,72.35
B05159,44,3.78,4.69,43.0,30.1,49.58,96.71
B05160,566,3.74,3.54,29.1,55.9,43.79,89.9
B05161,1409,3.38,1.97,23.4,89.9,35.91,73.53
B05162,1445,3.46,2.17,31.5,83.8,35.98,69.63
B05163,406,3.37,1.11,34.5,44.2,45.55,91.43
B05164,408,3.75,2.94,23.0,46.5,45.22,92.31
B05165,254,3.52,3.83,24.2,36.5,46.74,93.9
B05166,1853,3.49,0.83,34.1,108.8,32.44,63.45
B05167,1451,3.32,1.96,27.4,85.3,36.33,69.94
B05168,378,3.61,3.46,38.7,47.2,45.94,91.47
B05169,1814,3.33,1.29,48.0,100.4,31.05,59.74
B05170,836,3.55,4.05,49.7,64.4,41.12,81.06
B05171,1546,3.93,4.92,31.9,93.7,35.26,66.05
B05172,548,3.49,4.4,29.1,55.0,45.18,88.05
B05173,1102,4.05,4.62,28.8,74.7,39.93,78.33
B05174,487,3.44,0.9,46.9,47.7,45.88,86.48
B05175,1817,3.48,2.96,47.5,101.7,30.89,59.08
B05176,1030,3.77,4.84,26.6,76.1,39.13,78.21
B05177,333,3.54,1.93,46.1,47.3,46.94,89.05
B05178,320,3.94,4.2,35.9,38.0,47.13,93.5
B05179,1097,3.35,2.27,48.7,78.7,38.27,76.2
B05180,170,4.2,2.65,42.2,34.1,47.93,93.1
B05181,1402,3.8,2.81,28.9,81.6,36.39,72.49
B05182,191,4.01,4.68,23.4,33.4,48.96,94.66
B05183,726,3.47,2.23,40.9,56.3,43.15,81.15
B05184,1038,3.76,3.76,47.7,68.0,38.65,74.45
B05185,1440,3.76,1.82,43.8,88.4,36.59,67.35
B05186,1639,3.5,0.63,20.7,95.7,34.42,67.62
B05187,103,4.19,3.4,31.7,36.4,49.76,97.48
B05188,114,3.35,1.51,49.9,37.7,48.86,93.68
B05189,1065,3.4,3.63,37.5,74.0,39.92,78.34
B05190,1580,3.57,3.68,47.3,88.6,33.55,63.23
B05191,1489,3.9,0.65,49.3,90.2,35.23,65.26
B05192,95,4.13,2.17,42.7,37.2,49.51,95.34
B05193,1326,4.02,1.62,42.7,85.9,37.45,69.28
B05194,1393,3.44,4.11,43.8,89.0,35.12,69.64
B05195,1881,3.82,4.57,33.5,110.0,31.16,60.28
B05196,107,3.98,2.68,20.1,38.9,49.55,97.58
B05197,967,3.87,1.99,36.7,67.0,40.05,80.9
B05198,1193,3.58,1.82,28.7,72.9,37.19,73.6
B05199,1788,3.55,2.83,38.2,101.5,31.89,61.43
B05200,1754,3.29,2.27,32.9,97.6,31.52,62.84
B05201,1732,3.86,4.99,35.5,103.4,33.37,61.92
B05202,793,4.13,0.55,29.6,65.9,42.89,81.64
B05203,513,3.26,2.72,22.3,53.7,44.98,91.16
B05204,1736,3.84,0.71,47.6,100.2,32.06,61.08
B05205,166,3.79,4.35,30.2,38.7,47.56,97.23
B05206,969,4.02,0.81,29.5,67.8,40.61,79.11
B05207,1280,3.9,2.5,23.1,85.2,37.94,75.75
B05208,1024,3.6,2.03,24.2,71.3,39.73,77.88
B05209,1860,3.92,2.46,26.6,104.1,32.01,64.01
B05210,627,4.05,4.91,32.8,54.2,44.5,87.89
B05211,1633,3.36,1.58,32.1,91.0,33.08,65.74
B05212,1502,4.05,2.36,30.2,94.4,35.75,67.91
B05213,1631,4.09,0.59,30.1,90.9,34.31,65.23
B05214,1452,3.37,2.77,36.7,87.2,36.03,71.12
B05215,1292,4.02,3.23,23.0,85.9,36.78,73.69
B05216,953,3.29,1.84,39.6,64.3,39.71,79.73
B05217,1863,3.71,1.29,20.8,104.6,30.63,63.79
B05218,1531,3.21,3.85,22.6,94.3,35.69,67.93
B05219,694,3.67,4.64,26.3,58.2,43.95,86.38
B05220,1592,4.02,0.73,21.5,89.6,33.63,68.67
B05221,1995,3.42,0.74,28.4,111.4,30.9,60.77
B05222,1886,3.35,3.67,42.8,109.5,31.51,57.67
B05223,276,4.12,4.71,34.3,45.5,47.96,92.22
B05224,918,3.45,2.49,28.4,67.5,41.53,81.75
B05225,1262,3.29,3.53,23.0,78.3,37.18,74.39
B05226,595,4.15,0.82,49.0,51.3,43.29,83.66
B05227,910,3.51,4.5,45.5,65.9,40.23,79.83
B05228,334,3.34,2.09,45.5,42.2,46.1,91.11
B05229,1426,3.33,2.97,28.3,86.9,35.44,71.8
B05230,729,3.91,3.3,37.8,63.8,42.42,82.4
B05231,1364,3.42,4.88,29.2,83.8,35.73,70.6
B05232,543,3.53,0.91,22.9,56.3,43.64,90.32
B05233,175,3.56,4.49,47.5,32.6,48.42,91.41
B05234,1498,4.12,4.1,38.4,91.9,35.2,68.08
B05235,1190,3.39,2.22,42.2,74.8,37.14,71.67
B05236,1024,3.21,1.33,49.8,74.2,39.24,76.17
B05237,750,4.16,3.82,33.0,58.1,42.29,83.97
B05238,1269,3.39,1.7,32.0,80.4,37.8,73.29
B05239,1038,3.84,2.33,49.4,75.3,39.96,75.29
B05240,1557,3.43,4.53,42.9,97.0,35.16,64.83
B05241,1460,3.75,1.78,30.1,92.5,34.79,71.65
B05242,260,3.57,1.88,28.7,35.4,46.75,94.0
B05243,1135,3.68,3.33,46.5,75.3,38.14,72.79
B05244,1533,3.87,1.43,40.9,91.6,34.12,66.46
B05245,443,3.91,4.37,21.7,48.0,45.22,93.55
B05246,27,3.35,4.55,33.4,29.5,49.79,100.0
B05247,584,4.11,3.59,48.3,48.4,45.09,85.69
B05248,1520,3.74,1.09,38.4,91.8,33.8,68.75
B05249,770,3.55,1.13,29.7,56.3,41.91,85.58
B05250,49,3.94,2.97,22.7,34.8,49.15,98.51
B05251,832,4.18,3.85,37.2,67.8,41.68,82.22
B05252,852,4.19,2.92,32.3,65.0,40.77,82.39
B05253,1947,3.63,3.73,24.8,107.3,29.8,61.01
B05254,1936,3.43,2.92,31.3,107.1,31.36,61.34
B05255,677,3.62,4.74,20.3,61.3,42.84,85.34
B05256,1731,3.36,4.73,42.2,103.1,33.34,63.94
B05257,1079,3.93,1.31,45.7,70.4,39.89,76.89
B05258,286,3.71,1.66,20.1,43.9,47.49,95.64
B05259,449,3.39,3.06,47.5,50.7,46.31,87.74
B05260,1744,3.26,4.43,38.1,102.3,31.62,63.44
B05261,1514,3.84,2.31,48.1,95.1,34.47,67.4
B05262,274,3.47,4.79,21.6,41.3,48.02,95.14
B05263,1489,3.74,4.28,21.2,89.0,35.77,71.87
B05264,958,3.61,1.11,26.3,65.3,40.59,81.04
B05265,871,3.49,1.61,22.1,67.9,40.36,84.75
B05266,1572,3.3,4.69,45.5,88.0,34.44,67.29
B05267,980,3.65,3.39,23.0,66.5,39.38,81.69
B05268,715,3.21,4.45,37.4,59.8,43.0,83.74
B05269,1005,3.94,3.66,41.9,74.4,39.96,76.56
B05270,1792,3.34,4.06,32.7,98.6,31.86,62.15
B05271,479,3.69,4.84,27.0,50.5,44.74,90.11
B05272,773,3.64,0.82,44.2,63.4,41.52,81.55
B05273,1095,3.64,1.64,46.3,73.4,39.39,74.98
B05274,1922,3.44,4.49,20.3,108.7,31.4,60.66
B05275,63,4.16,3.39,34.7,36.6,49.09,99.02
B05276,993,3.28,0.61,34.4,66.4,39.78,80.25
B05277,1416,3.78,3.41,39.2,87.7,35.09,68.0
B05278,677,4.03,2.44,20.8,55.2,42.26,87.96
B05279,1147,3.55,4.84,21.1,73.9,38.85,79.26
B05280,1607,3.98,1.4,41.2,91.0,33.18,63.99
B05281,711,4.08,3.59,27.0,55.2,42.07,86.52
B05282,1030,3.61,0.64,26.0,66.3,40.31,78.9
B05283,184,3.52,3.91,40.7,41.5,47.2,94.65
B05284,1293,3.23,0.57,32.8,77.5,37.24,73.58
B05285,1016,4.14,4.68,44.7,73.4,39.26,76.68
B05286,620,3.88,2.43,20.6,50.5,43.37,88.44
B05287,436,3.55,1.79,34.4,47.7,44.99,89.4
B05288,34,3.42,1.36,29.4,33.7,50.55,97.56
B05289,1363,3.39,2.21,31.3,86.9,35.55,70.51
B05290,1304,3.6,2.42,22.6,78.4,36.43,73.95
B05291,1378,3.27,2.72,41.0,87.8,36.26,68.73
B05292,491,3.64,3.61,31.1,46.8,45.48,90.23
B05293,848,3.83,1.54,25.6,68.8,40.81,82.89
B05294,94,4.18,1.84,21.5,35.9,49.97,99.37
B05295,1174,3.3,4.36,46.4,72.8,39.23,71.63
B05296,98,4.17,0.94,35.7,32.7,49.37,95.03
B05297,1697,3.94,4.24,32.6,101.0,32.83,65.77
B05298,402,3.36,1.45,28.8,46.3,46.41,89.6
B05299,1618,3.93,3.65,35.7,94.1,32.88,67.7
B05300,1177,3.39,2.89,29.0,74.1,37.28,76.65
B05301,1987,4.09,3.15,38.3,108.0,30.31,58.13
B05302,1609,3.67,1.79,41.6,90.4,34.88,66.12
B05303,1905,3.53,1.94,33.7,110.6,30.08,60.54
B05304,124,3.71,3.57,47.0,32.3,49.42,94.35
B05305,1883,3.44,4.63,20.4,102.8,30.54,63.74
B05306,1671,4.06,2.57,28.2,98.7,33.78,65.7
B05307,1034,3.65,4.05,47.5,69.7,39.31,75.3
B05308,1022,3.89,3.65,47.3,69.3,38.8,77.44
B05309,234,4.04,4.83,33.4,37.7,48.63,93.21
B05310,1731,3.3,2.0,30.4,97.1,33.36,64.71
B05311,1859,4.13,1.07,43.5,108.1,30.43,59.34
B05312,1049,3.82,4.23,25.9,67.7,39.05,77.29
B05313,375,4.19,2.0,36.7,41.4,45.57,88.92
B05314,1877,3.42,0.55,42.2,104.5,30.32,60.31
B05315,596,3.32,0.56,35.3,54.9,43.87,87.72
B05316,352,4.09,3.58,36.7,42.3,46.53,92.54
B05317,1959,3.77,3.1,31.0,110.2,30.0,59.22
B05318,820,3.73,3.32,31.1,61.9,40.83,83.21
B05319,714,3.97,4.64,23.7,56.2,43.83,84.31
B05320,779,3.25,2.24,30.2,56.5,42.8,84.52
B05321,470,4.11,1.95,26.6,51.9,45.59,92.2
B05322,493,3.33,2.39,39.5,50.7,45.87,87.96
B05323,329,3.68,4.03,22.4,46.0,46.93,93.88
B05324,358,4.07,2.82,34.9,49.3,47.23,92.41
B05325,766,3.99,2.61,26.0,65.1,41.66,84.09
B05326,1443,3.51,0.85,41.7,87.9,34.61,69.59
B05327,616,4.19,1.5,34.7,54.4,44.77,87.17
B05328,1183,4.01,4.48,24.0,77.0,37.87,78.19
B05329,1964,3.38,1.07,44.6,107.0,30.74,58.78
B05330,1012,3.37,0.72,41.5,67.5,39.39,76.15
B05331,957,3.34,3.99,45.2,68.4,40.73,77.79
B05332,176,4.19,2.75,28.4,35.5,48.31,97.17
B05333,374,4.07,3.6,46.3,49.0,46.12,88.19
B05334,1933,4.03,1.76,33.2,105.4,31.06,60.89
B05335,1685,4.19,2.68,36.7,93.1,32.36,65.6
B05336,1673,3.27,3.88,31.3,100.9,32.35,63.66
B05337,439,3.22,1.47,35.3,46.2,44.82,90.4
B05338,935,4.05,4.05,49.1,65.2,39.73,77.28
B05339,976,3.27,4.5,30.7,64.3,39.86,79.63
B05340,176,3.56,3.3,38.7,39.3,48.43,94.51
B05341,150,3.92,3.59,49.0,39.3,48.79,92.21
B05342,701,3.25,4.66,36.4,54.7,43.89,85.46
B05343,277,4.19,4.12,23.4,39.6,46.57,96.19
B05344,834,3.3,4.62,39.1,61.1,41.7,81.7
B05345,658,3.83,1.43,28.8,60.7,43.35,85.21
B05346,504,3.84,3.84,48.8,49.5,45.52,84.81
B05347,1037,3.23,2.26,28.2,67.0,39.88,79.33
B05348,74,4.06,4.55,28.7,31.2,48.34,97.66
B05349,178,3.33,3.43,20.2,37.3,47.65,95.9
B05350,1061,4.17,3.83,42.1,76.1,39.96,77.25
B05351,1758,4.17,4.25,45.6,98.7,32.11,62.71
B05352,620,3.96,0.95,21.3,56.5,43.34,86.21
B05353,400,3.91,1.77,39.2,50.6,45.45,88.55
B05354,368,3.64,4.79,28.2,48.3,46.46,91.91
B05355,1665,4.06,1.73,20.4,95.9,32.76,65.53
B05356,1342,3.39,0.73,39.9,85.8,37.53,72.86
B05357,722,3.84,4.54,43.7,55.7,42.1,82.54
B05358,44,3.39,1.73,38.8,29.2,49.11,95.93
B05359,793,3.91,0.96,27.5,61.6,41.83,82.68
B05360,1241,3.47,2.33,46.3,78.2,36.91,72.69
B05361,1086,3.5,4.81,23.3,72.6,38.78,78.28
B05362,1982,3.99,2.42,31.7,109.0,30.56,60.73
B05363,722,3.29,4.91,50.0,61.3,42.04,80.5
B05364,741,3.24,1.27,40.2,57.0,42.72,84.15
B05365,1551,3.65,1.74,40.2,90.2,35.26,64.84
B05366,755,3.57,4.31,43.4,56.2,43.04,81.87
B05367,1760,3.67,4.59,27.5,99.7,32.95,65.84
B05368,830,4.11,2.34,39.9,63.4,42.61,82.44
B05369,1793,3.65,3.81,34.1,105.5,31.16,62.62
B05370,1732,3.55,3.7,48.9,101.4,32.52,60.97
B05371,1804,3.96,3.3,45.0,101.9,32.22,61.05
B05372,150,4.04,3.96,40.8,33.0,48.92,94.1
B05373,1110,4.12,2.01,46.4,74.5,38.52,72.79
B05374,1629,4.01,2.41,26.9,94.9,34.35,65.22
B05375,1604,3.64,3.4,48.8,90.6,34.37,63.34
B05376,429,3.56,2.27,48.1,44.5,46.42,86.99
B05377,165,3.87,1.19,39.4,39.5,47.97,95.02
B05378,1698,3.62,4.36,25.3,98.8,32.42,66.5
B05379,1368,3.55,4.99,47.3,83.1,35.43,70.19
B05380,1950,3.49,1.08,20.8,103.4,31.18,61.97
B05381,1354,3.42,1.62,42.9,87.7,35.93,72.22
B05382,593,3.93,4.27,21.1,53.7,45.06,86.77
B05383,1543,4.19,3.4,30.8,93.0,34.15,67.59
B05384,419,3.95,4.29,25.2,42.9,45.93,91.0
B05385,354,3.26,2.6,41.2,48.8,47.25,89.72
B05386,597,4.01,2.07,47.3,50.8,43.9,83.86
B05387,524,3.37,2.88,30.6,55.3,45.38,87.24
B05388,1471,4.19,4.9,23.6,85.4,35.42,69.63
B05389,263,3.89,2.4,32.4,43.0,46.97,93.78
B05390,1929,4.15,1.07,22.0,102.6,30.02,62.04
B05391,1808,3.31,4.26,28.4,99.1,31.34,62.95
B05392,476,3.86,1.18,20.7,49.6,44.58,89.59
B05393,750,3.26,3.37,33.8,64.4,41.94,85.38
B05394,588,3.44,3.64,49.9,58.2,43.84,85.22
B05395,975,4.14,1.37,24.3,71.9,39.6,81.43
B05396,223,4.2,2.03,41.9,41.9,48.64,94.0
B05397,707,4.17,4.58,49.7,54.5,42.57,81.15
B05398,495,3.78,2.47,23.2,48.2,44.8,88.79
B05399,1766,4.19,3.85,20.8,101.6,31.71,66.34
B05400,275,3.45,2.85,38.0,42.2,46.78,93.03
B05401,1732,3.85,4.33,35.5,96.4,32.43,65.43
B05402,1699,3.56,1.17,46.4,102.8,32.81,64.6
B05403,1026,3.42,2.81,37.3,67.3,40.2,78.08
B05404,1483,3.23,3.1,41.0,86.9,34.56,67.4
B05405,748,3.61,2.81,24.1,55.4,41.74,85.42
B05406,145,3.83,2.96,31.3,36.4,49.42,94.29
B05407,878,3.52,4.79,21.5,67.2,42.0,81.53
B05408,641,3.43,4.01,24.8,57.7,42.76,89.15
B05409,735,3.42,0.6,40.6,61.6,43.04,82.76
B05410,832,3.95,3.14,20.3,67.7,41.59,84.82
B05411,107,3.96,1.58,30.9,36.3,48.55,95.22
B05412,1627,3.56,4.12,32.3,92.8,33.19,66.06
B05413,570,3.35,4.12,25.7,50.9,44.32,87.69
B05414,68,4.0,4.53,48.5,36.4,48.33,94.61
B05415,113,3.86,1.58,29.5,36.2,49.2,97.34
B05416,1844,3.36,1.45,41.1,106.2,31.54,61.89
B05417,712,4.13,3.35,45.4,57.5,42.32,83.07
B05418,189,3.38,4.76,21.4,40.6,47.63,95.06
B05419,1860,3.21,3.57,40.0,108.6,30.75,60.99
B05420,1191,3.55,1.08,42.3,76.8,37.26,74.25
B05421,666,3.46,2.89,44.0,56.1,43.42,84.52
B05422,203,3.36,2.97,22.0,38.7,47.2,94.86
B05423,504,3.71,1.51,37.4,46.0,44.34,89.05
B05424,778,4.18,1.76,44.9,66.1,42.6,83.44
B05425,1784,4.01,2.65,31.8,97.9,32.71,63.33
B05426,14,4.04,0.91,45.1,34.0,50.77,96.78
B05427,1007,3.6,0.95,45.8,71.6,39.34,76.87
B05428,238,4.17,4.86,40.0,43.8,47.67,91.85
B05429,1875,3.44,2.31,41.7,107.5,31.79,61.4
B05430,804,3.4,4.2,28.3,61.9,41.07,83.47
B05431,586,3.65,1.14,24.3,54.4,44.77,88.08
B05432,1793,3.27,2.32,38.0,105.3,32.71,62.7
B05433,1741,3.55,1.61,39.3,95.5,31.76,61.06
B05434,168,3.75,1.89,24.7,37.1,49.04,95.12
B05435,848,4.0,1.06,49.5,68.5,41.46,80.55
B05436,1303,3.65,3.19,21.5,85.8,37.26,73.81
B05437,1402,3.91,4.97,22.1,88.2,35.79,71.91
B05438,1956,4.03,3.01,30.2,111.2,29.92,60.09
B05439,1679,3.88,4.63,39.1,100.8,34.19,65.97
B05440,440,4.09,1.72,44.0,45.3,45.63,87.66
B05441,120,3.66,1.9,33.1,38.6,48.47,95.01
B05442,1219,3.61,1.81,34.3,79.4,36.84,73.62
B05443,628,3.31,1.76,46.8,55.9,43.83,85.79
B05444,1012,3.68,0.96,44.1,67.5,39.2,77.34
B05445,880,3.79,2.07,39.2,67.3,41.43,80.26
B05446,1269,3.81,4.29,39.9,76.0,37.23,72.88
B05447,874,4.0,2.06,24.8,64.6,41.68,83.02
B05448,712,3.75,2.57,33.2,58.5,41.95,86.07
B05449,1518,3.82,0.56,26.0,94.3,34.63,69.97
B05450,1293,3.79,4.1,23.9,83.6,37.4,75.74
B05451,1789,3.68,1.84,47.3,106.0,32.65,60.71
B05452,1973,3.49,2.59,23.8,105.9,30.19,60.14
B05453,356,3.38,1.74,33.7,40.3,47.0,90.35
B05454,953,3.21,2.22,30.0,68.2,40.3,79.77
B05455,1409,3.59,1.89,42.7,89.5,35.76,67.29
B05456,1547,3.3,1.27,20.9,89.0,34.92,68.98
B05457,1856,3.82,1.16,30.5,105.4,30.61,62.76
B05458,1712,3.83,1.5,36.8,101.3,32.86,62.38
B05459,763,3.64,4.45,48.7,55.8,42.43,81.34
B05460,336,3.96,3.01,24.9,40.6,46.88,94.54
B05461,256,3.59,4.92,32.1,35.9,47.45,93.71
B05462,1301,3.49,2.97,41.7,80.2,37.51,73.29
B05463,562,3.88,0.98,33.0,52.5,44.87,85.93
B05464,1383,4.06,1.69,38.5,86.0,36.68,68.56
B05465,1302,3.64,3.46,40.2,85.7,37.85,73.37
B05466,98,3.74,4.47,36.9,31.2,49.08,94.48
B05467,1124,3.97,4.52,47.6,79.7,39.73,74.35
B05468,568,3.52,0.71,20.9,53.3,43.48,89.61
B05469,1537,3.25,4.4,45.5,87.1,33.89,68.09
B05470,1822,4.06,1.67,39.9,98.9,31.1,61.61
B05471,1698,3.49,4.11,38.3,93.8,33.01,62.19
B05472,1522,3.35,2.47,50.0,89.7,35.73,65.93
B05473,1194,3.51,1.75,23.7,79.3,38.48,76.81
B05474,456,4.06,3.41,34.4,53.0,44.62,91.03
B05475,112,3.36,3.46,33.8,35.0,48.13,96.58
B05476,1017,3.95,3.46,36.5,73.2,40.32,79.78
B05477,1313,3.29,0.88,41.6,81.5,36.27,70.76
B05478,1242,3.43,1.98,49.6,82.8,37.75,71.92
B05479,710,3.83,1.21,24.5,58.6,42.89,86.57
B05480,560,3.77,4.17,23.8,51.3,44.62,87.54
B05481,360,3.52,0.78,46.7,46.3,46.34,89.48
B05482,1173,3.83,4.88,32.1,81.7,38.16,75.34
B05483,1482,3.33,0.76,37.9,90.5,34.51,69.61
B05484,1066,3.43,3.06,35.6,71.3,38.85,75.73
B05485,1910,3.78,0.68,49.8,101.7,31.24,58.93
B05486,881,3.32,2.59,20.6,65.4,41.1,82.5
B05487,1219,3.33,2.29,45.9,82.5,37.98,74.34
B05488,916,4.17,2.09,22.7,69.2,39.99,83.7
B05489,1627,4.18,2.49,28.3,97.7,34.6,66.47
B05490,940,3.7,2.52,36.6,68.6,40.92,78.43
B05491,1530,3.65,3.3,35.5,94.2,34.75,66.18
B05492,482,3.21,2.11,20.0,49.7,45.35,90.41
B05493,437,3.57,2.09,27.6,51.0,44.97,90.78
B05494,996,3.56,0.71,28.6,74.5,39.98,79.33
B05495,970,3.73,4.1,36.5,70.8,40.4,79.57
B05496,554,3.85,3.22,37.6,56.5,45.34,87.27
B05497,201,3.24,3.46,37.5,42.4,47.31,93.37
B05498,703,3.82,4.57,38.9,56.3,43.8,82.38
B05499,1203,3.88,3.15,44.3,81.0,38.91,71.88
B05500,109,3.8,3.23,36.0,31.6,48.78,97.82
B05501,16,3.61,4.75,31.0,25.7,49.41,100.0
B05502,488,3.75,3.58,25.3,50.0,44.82,91.73
B05503,1686,3.41,1.22,25.1,98.7,33.15,65.59
B05504,933,3.74,4.56,39.0,62.7,40.19,77.34
B05505,49,4.2,2.58,49.8,34.5,49.52,94.71
B05506,1354,3.81,4.38,28.5,83.2,36.6,70.82
B05507,671,4.17,1.4,39.5,52.6,43.47,85.41
B05508,889,3.39,0.69,47.5,67.1,40.75,77.45
B05509,1379,4.08,3.78,24.3,89.3,35.37,72.19
B05510,1604,3.97,4.3,31.1,90.9,34.51,67.18
B05511,978,3.25,2.18,28.5,70.0,41.04,81.62
B05512,471,3.67,4.43,36.2,44.9,44.68,89.58
B05513,682,3.4,4.4,47.7,59.9,43.28,83.92
B05514,1469,3.44,3.43,47.9,88.9,34.53,67.71
B05515,889,3.91,4.2,30.9,62.8,41.61,79.97
B05516,1395,4.16,2.56,44.8,83.5,35.08,67.47
B05517,1664,3.85,3.73,32.3,100.9,33.42,66.27
B05518,663,3.81,1.58,43.1,55.7,42.39,85.9
B05519,1231,3.62,3.02,40.8,80.2,38.22,72.52
B05520,656,3.41,4.21,22.4,60.2,42.49,87.68
B05521,1732,3.77,2.19,32.1,101.0,33.63,62.3
B05522,482,3.63,1.65,27.0,48.4,44.86,91.28
B05523,1662,3.53,1.5,22.3,99.1,33.64,66.4
B05524,1157,3.8,3.09,45.5,71.7,38.14,72.65
B05525,462,3.87,1.73,32.2,50.5,45.21,91.4
B05526,151,4.0,4.64,22.6,38.2,49.21,96.21
B05527,25,3.36,0.57,39.8,35.4,49.54,98.13
B05528,685,3.94,2.36,28.7,54.7,42.19,84.85
B05529,860,3.26,3.14,29.7,65.7,40.47,83.85
B05530,1979,3.3,0.98,43.9,110.7,29.44,56.47
B05531,1831,4.09,0.86,24.5,104.6,32.12,64.92
B05532,1436,3.54,2.51,41.0,89.1,35.96,68.97
B05533,317,3.98,1.21,31.7,37.8,46.92,94.23
B05534,1250,3.95,4.04,27.8,81.8,37.87,74.3
B05535,924,3.3,1.4,34.5,70.9,41.07,78.24
B05536,584,3.32,4.02,40.3,58.2,44.85,86.76
B05537,65,4.0,4.94,32.6,37.0,50.0,96.03
B05538,193,3.73,1.01,21.2,38.0,48.18,98.64
B05539,826,3.66,3.62,20.1,61.0,41.39,83.9
B05540,271,3.42,2.56,40.5,44.5,47.31,93.84
B05541,429,4.03,2.87,43.9,43.2,46.67,89.78
B05542,1181,3.71,4.04,40.4,77.4,38.61,74.2
B05543,1048,3.57,3.04,40.2,75.0,39.08,77.44
B05544,1368,3.31,0.56,20.2,83.8,36.21,71.43
B05545,734,3.38,4.81,40.4,62.0,43.11,83.14
B05546,741,3.72,4.64,46.3,56.2,43.08,83.68
B05547,758,4.02,2.89,24.7,63.8,42.54,85.32
B05548,488,3.22,1.61,39.2,46.7,45.31,88.28
B05549,498,3.62,1.03,22.1,50.8,45.4,89.08
B05550,1751,3.56,4.9,47.4,104.2,32.12,60.73
B05551,321,3.56,3.65,23.8,42.2,46.2,92.95
B05552,313,3.3,2.67,46.4,43.9,47.06,89.85
B05553,1310,4.18,0.82,20.6,84.7,37.14,74.41
B05554,178,3.78,3.48,33.3,40.1,48.35,95.64
B05555,661,4.06,0.7,25.5,54.6,43.99,87.35
B05556,1911,4.15,0.78,25.0,108.6,31.09,63.54
B05557,1129,3.69,4.98,37.6,70.2,38.71,74.12
B05558,1836,4.12,4.2,25.6,107.0,30.7,64.73
B05559,185,3.45,4.97,36.1,42.0,47.58,92.95
B05560,1341,3.82,2.55,49.2,83.1,36.86,68.17
B05561,299,3.58,3.27,27.5,42.2,46.47,95.59
B05562,1945,4.11,2.6,37.2,110.1,31.03,58.97
B05563,968,3.66,3.49,26.3,68.2,39.37,79.82
B05564,1319,3.55,0.74,41.4,79.1,37.45,71.72
B05565,477,3.42,3.19,24.2,50.5,45.59,91.23
B05566,1733,3.48,0.5,31.9,98.0,32.97,64.32
B05567,723,3.21,4.59,26.7,55.3,43.53,84.01
B05568,1358,3.35,2.88,30.6,88.9,36.16,73.11
B05569,525,3.3,1.31,30.2,46.2,44.94,89.75
B05570,196,3.25,2.14,37.8,39.7,47.53,94.21
B05571,1221,3.58,1.29,42.0,83.1,37.3,74.09
B05572,1625,3.59,2.67,40.8,94.8,34.51,63.75
B05573,1425,4.07,2.67,41.5,85.2,36.5,69.02
B05574,1266,3.92,3.2,25.3,83.9,36.58,75.2
B05575,1203,3.33,3.87,39.7,82.1,38.21,71.84
B05576,815,3.84,2.52,43.8,65.3,42.71,82.75
B05577,874,3.98,3.02,35.0,61.3,41.92,79.65
B05578,753,3.38,0.65,44.3,58.7,42.21,82.39
B05579,1386,3.91,1.36,41.4,80.6,35.37,68.91
B05580,1224,3.94,2.03,31.9,76.0,37.31,73.4
B05581,1937,4.12,3.64,30.0,109.4,31.34,58.97
B05582,1975,3.23,1.65,44.5,112.2,30.36,58.08
B05583,731,4.14,3.96,26.7,60.2,41.81,84.52
B05584,1121,3.81,3.24,49.8,77.2,38.0,72.1
B05585,1865,3.8,4.15,20.7,108.4,30.73,65.29
B05586,452,3.26,1.94,47.7,50.6,44.59,85.72
B05587,1634,3.8,2.06,40.6,92.4,34.02,65.94
B05588,1949,3.75,3.87,37.5,110.1,30.41,57.84
B05589,1168,3.48,4.24,42.7,81.2,38.2,75.92
B05590,1124,3.57,2.38,48.0,70.3,37.84,73.97
B05591,464,3.43,4.5,25.1,45.2,44.76,91.17
B05592,1005,3.99,4.12,33.6,67.9,39.21,79.38
B05593,706,3.78,0.76,37.9,56.9,42.2,84.96
B05594,44,3.89,2.19,36.6,31.0,49.62,95.59
B05595,388,3.46,0.65,40.4,47.0,46.36,90.86
B05596,633,3.81,1.27,45.5,59.4,44.5,85.81
B05597,682,3.31,2.23,29.2,57.8,43.3,85.12
B05598,1292,3.56,4.39,48.3,77.2,37.76,71.8
B05599,1320,3.66,0.65,37.6,78.0,37.78,70.46
B05600,992,3.34,1.74,34.0,70.8,40.31,79.39
B05601,542,3.25,4.23,43.1,54.3,44.06,87.6
B05602,135,3.31,2.76,40.9,32.3,49.44,96.85
B05603,1716,3.36,3.61,41.9,99.8,33.38,62.57
B05604,212,3.3,2.42,26.4,40.3,47.92,97.21
B05605,163,3.68,3.6,49.7,41.2,48.5,92.07
B05606,531,3.56,2.41,25.8,52.0,44.94,90.55
B05607,899,3.58,2.85,27.5,70.2,40.88,81.09
B05608,1713,3.63,2.95,43.1,98.2,32.46,61.34
B05609,1295,3.31,1.67,48.0,84.6,37.8,69.91
B05610,1079,3.5,0.65,37.1,74.0,38.9,77.9
B05611,335,3.22,3.5,26.0,39.7,46.16,93.83
B05612,1588,3.65,3.28,20.3,96.4,34.08,67.76
B05613,1752,4.0,3.55,30.9,103.5,32.51,64.37
B05614,831,3.4,4.47,24.1,58.6,40.74,82.49
B05615,1359,3.91,2.31,37.7,82.8,36.45,70.68
B05616,1824,3.35,3.61,42.1,106.6,31.73,59.13
B05617,1813,3.64,4.79,25.6,102.0,31.81,63.82
B05618,1929,4.07,3.89,38.4,106.1,30.25,59.25
B05619,983,3.48,3.38,41.1,69.5,41.02,76.0
B05620,1240,3.28,2.69,34.2,80.9,38.4,75.1
B05621,130,3.78,3.19,37.9,32.8,48.2,97.33
B05622,146,3.4,3.7,37.0,31.1,48.5,93.55
B05623,159,3.21,2.99,21.8,38.5,49.29,97.51
B05624,1469,3.48,4.25,36.5,85.7,35.43,70.21
B05625,904,3.84,3.57,49.7,65.6,40.59,79.0
B05626,336,3.26,1.52,48.5,41.0,46.42,90.36
B05627,386,3.29,3.65,37.9,42.9,46.21,91.51
B05628,315,3.91,1.48,22.3,37.8,46.7,94.46
B05629,1820,3.75,1.61,48.7,100.7,32.45,59.15
B05630,1759,3.4,2.71,21.5,99.4,31.72,64.91
B05631,1735,3.58,2.43,46.3,100.4,33.1,63.21
B05632,1937,4.11,4.73,39.2,111.9,30.38,60.73
B05633,986,3.31,4.5,33.9,67.4,40.82,78.39
B05634,441,4.02,3.61,46.0,46.5,45.84,86.94
B05635,1959,3.9,2.83,23.8,104.6,30.35,59.13
B05636,1908,3.36,4.69,26.1,111.1,30.77,61.67
B05637,720,4.14,3.08,33.1,60.9,43.45,85.27
B05638,143,3.22,2.41,41.2,36.4,48.94,95.41
B05639,347,3.47,4.94,28.1,44.4,47.4,91.6
B05640,1718,3.75,3.61,22.7,99.3,33.34,67.41
B05641,62,3.41,2.58,27.5,36.7,48.75,98.8
B05642,1879,4.18,3.34,30.9,107.7,30.97,63.04
B05643,545,3.33,1.24,24.3,54.5,44.34,89.98
B05644,1248,3.7,4.1,29.2,79.5,36.75,72.65
B05645,1057,3.48,1.11,23.3,68.7,38.44,80.2
B05646,1049,3.23,1.76,23.7,75.6,39.37,77.56
B05647,1387,3.71,3.43,37.6,83.2,36.77,69.53
B05648,1221,3.67,4.2,32.7,81.2,38.51,72.53
B05649,290,4.02,1.5,46.6,37.8,46.12,92.96
B05650,911,3.58,3.52,24.7,66.5,41.25,81.6
B05651,1664,3.39,1.25,45.5,95.5,32.75,62.52
B05652,890,3.45,4.24,37.2,60.8,41.66,82.31
B05653,1012,4.13,0.88,24.9,75.1,39.07,81.14
B05654,1235,3.79,2.88,21.1,77.5,38.09,76.04
B05655,1930,4.2,2.44,39.6,110.6,31.06,60.76
B05656,220,3.78,1.3,23.4,34.2,48.57,94.25
B05657,1436,4.07,3.33,20.5,87.9,36.62,70.36
B05658,1977,3.66,1.32,21.3,110.6,31.09,61.21
B05659,595,3.97,3.11,34.1,57.4,43.34,87.68
B05660,857,3.95,2.01,36.2,62.1,41.06,79.8
B05661,799,3.96,0.96,28.5,57.9,42.15,83.95
B05662,1985,3.26,2.28,32.0,112.2,30.04,59.09
B05663,1326,4.07,3.59,22.5,80.0,35.86,73.42
B05664,617,4.05,3.98,34.0,49.9,44.12,87.7
B05665,242,3.22,2.73,25.2,35.4,46.94,96.71
B05666,1357,3.71,3.51,29.3,81.1,36.89,70.65
B05667,550,3.4,4.65,33.5,47.9,43.79,86.9
B05668,192,4.03,1.78,41.9,41.2,47.93,92.04
B05669,1222,3.59,1.84,42.0,75.7,38.66,71.64
B05670,315,3.44,0.84,30.1,42.2,46.82,93.92
B05671,113,3.74,4.43,41.3,31.2,47.98,94.85
B05672,285,3.76,0.72,37.2,41.5,47.28,90.9
B05673,676,3.21,4.32,40.1,56.3,43.38,83.56
B05674,1120,3.64,1.57,49.7,75.7,38.46,72.05
B05675,822,3.96,4.32,48.7,64.2,41.09,80.7
B05676,1930,3.78,3.44,46.1,104.9,30.99,57.56
B05677,1963,3.38,0.92,22.0,107.1,30.78,63.11
B05678,1187,3.45,2.37,30.4,75.7,38.02,75.2
B05679,582,4.03,2.27,34.7,52.6,43.49,85.7
B05680,1143,3.97,2.2,44.7,75.5,39.48,74.55
B05681,1590,3.4,4.22,28.5,97.0,33.58,66.07
B05682,1474,3.94,4.88,48.9,89.8,34.61,64.98
B05683,1200,3.23,3.86,40.3,82.6,37.12,73.79
B05684,825,4.03,1.33,40.4,61.1,42.28,81.87
B05685,1795,3.73,2.42,47.9,105.3,32.09,62.03
B05686,1604,3.69,4.14,39.3,90.2,34.16,64.2
B05687,6,4.14,3.36,39.1,27.1,50.83,97.55
B05688,1136,3.49,2.97,43.2,76.4,38.19,74.33
B05689,1183,4.15,4.4,36.1,74.1,37.32,72.85
B05690,811,3.35,3.24,43.9,62.9,42.66,82.78
B05691,814,3.31,1.15,32.6,65.0,42.4,82.65
B05692,934,3.31,1.46,26.3,64.8,40.73,82.36
B05693,1779,3.35,4.0,30.6,103.9,32.99,63.03
B05694,274,3.29,3.38,42.8,41.7,46.45,90.26
B05695,850,4.16,1.25,47.5,67.3,42.21,79.98
B05696,407,3.48,4.18,25.9,50.1,46.44,90.27
B05697,84,3.61,3.7,26.6,34.4,49.6,97.93
B05698,1515,3.35,3.72,33.0,90.0,35.22,67.55
B05699,413,3.37,1.77,47.9,50.7,45.63,89.71
B05700,82,3.82,2.52,33.0,36.7,49.99,96.51
B05701,1406,4.02,2.56,49.6,87.4,35.1,67.28
B05702,1564,4.07,2.73,33.3,96.6,33.76,69.09
B05703,1396,3.5,1.2,41.9,90.7,36.32,67.96
B05704,891,3.32,2.8,31.0,68.5,41.11,80.54
B05705,786,3.97,2.22,30.1,63.7,42.94,84.98
B05706,1530,3.42,2.56,29.6,94.8,34.09,70.55
B05707,1501,3.47,4.68,32.1,89.3,35.42,70.35
B05708,1844,3.68,1.4,30.5,101.4,32.19,61.67
B05709,82,4.02,2.19,28.3,30.2,49.65,96.69
B05710,1267,3.26,4.69,23.8,80.0,37.4,76.02
B05711,1876,3.4,4.92,46.6,101.6,31.13,60.96
B05712,44,3.68,4.84,25.0,34.7,49.62,99.97
B05713,673,3.34,1.21,27.8,52.3,42.32,86.82
B05714,737,3.51,3.38,23.8,58.3,42.4,86.85
B05715,863,4.17,3.85,33.3,69.3,41.84,80.4
B05716,449,3.29,0.66,27.0,52.8,45.49,89.15
B05717,1739,3.61,0.9,44.8,98.8,31.89,60.75
B05718,210,3.84,1.3,31.4,34.5,48.13,95.49
B05719,342,3.49,2.98,38.7,45.1,46.69,89.64
B05720,815,3.73,2.56,41.3,59.8,40.98,82.94
B05721,268,3.84,3.34,49.1,42.6,46.99,92.95
B05722,397,3.64,4.48,31.6,49.7,45.86,89.1
B05723,34,3.67,2.68,41.0,27.6,48.72,95.61
B05724,1870,3.89,1.66,30.3,106.5,31.63,62.34
B05725,1974,3.29,2.04,29.8,106.2,29.27,59.93
B05726,580,3.2,2.81,36.3,54.6,44.13,86.92
B05727,84,3.34,2.47,23.0,33.1,49.61,100.0
B05728,1695,3.31,3.52,30.1,96.0,32.45,65.99
B05729,1443,3.68,3.48,27.1,83.6,35.94,70.96
B05730,685,3.88,2.34,39.7,59.9,43.64,83.82
B05731,1407,4.01,2.12,35.2,86.4,36.91,69.65
B05732,913,3.22,4.73,44.8,63.5,41.52,80.33
B05733,63,3.68,2.96,33.3,35.2,50.25,98.55
B05734,683,4.11,4.82,43.0,61.2,43.1,82.53
B05735,647,4.07,3.57,21.1,56.8,43.68,87.82
B05736,1599,3.25,4.35,21.5,91.9,34.63,66.63
B05737,1041,3.82,4.59,39.4,76.5,40.09,77.04
B05738,1589,3.23,1.47,35.4,95.2,34.26,65.08
B05739,1075,3.47,3.33,30.9,70.7,39.87,75.63
B05740,1332,3.22,1.04,34.0,79.0,36.9,71.58
B05741,867,3.62,2.65,23.4,65.2,41.43,84.59
B05742,72,3.49,1.01,42.1,28.6,49.32,96.96
B05743,451,3.59,0.75,39.7,49.1,45.34,87.44
B05744,595,3.91,4.85,44.6,55.7,44.36,86.75
B05745,361,4.05,3.59,32.4,47.3,46.92,90.1
B05746,1337,4.1,3.32,44.7,79.0,37.09,69.89
B05747,972,4.08,3.77,24.1,73.2,41.08,80.69
B05748,1264,4.16,3.21,20.1,85.2,37.63,77.24
B05749,158,3.66,0.81,34.1,34.4,47.7,97.18
B05750,817,3.33,2.37,31.5,58.6,41.65,81.53
B05751,456,3.47,2.08,27.0,49.2,45.7,91.47
B05752,141,3.6,0.94,49.8,37.5,48.44,92.91
B05753,744,3.97,0.88,45.7,57.8,42.14,80.94
B05754,1031,3.23,2.79,49.8,76.0,40.3,75.56
B05755,30,3.66,4.84,42.3,28.2,49.03,96.99
B05756,1363,3.85,2.72,22.2,83.3,35.63,72.94
B05757,1620,3.3,1.19,34.2,92.7,32.81,67.67
B05758,282,3.23,3.87,48.7,39.8,47.49,92.39
B05759,1727,3.21,1.06,22.7,100.5,33.34,67.09
B05760,1010,4.03,1.9,39.4,69.8,39.42,77.81
B05761,1588,3.68,1.55,30.7,97.0,33.59,65.72
B05762,351,4.04,3.65,45.8,48.5,45.5,89.14
B05763,1369,3.78,2.56,38.4,85.8,36.82,70.83
B05764,1883,3.74,2.83,20.5,102.4,31.9,62.51
B05765,763,3.63,4.56,23.7,63.5,42.17,83.85
B05766,880,3.41,3.79,47.5,65.1,40.41,78.77
B05767,122,3.74,3.51,29.6,31.5,48.28,97.72
B05768,1981,3.94,0.67,21.3,104.9,30.13,59.55
B05769,545,4.11,4.52,24.9,56.6,43.73,87.16
B05770,1187,3.98,2.19,39.5,73.6,37.53,73.29
B05771,954,3.7,3.76,28.8,66.8,39.93,79.29
B05772,650,3.98,3.93,46.9,54.1,43.64,85.36
B05773,1170,3.21,1.57,36.0,74.1,38.61,75.17
B05774,1494,3.31,2.4,47.3,86.7,35.33,68.28
B05775,1357,3.21,4.45,33.8,84.8,36.6,70.47
B05776,998,4.05,4.87,26.6,71.7,39.36,79.8
B05777,597,3.53,2.96,48.7,50.7,43.57,84.54
B05778,102,3.67,3.09,37.5,35.3,49.38,96.06
B05779,1558,4.05,3.21,40.8,92.9,35.37,67.18
B05780,669,3.49,3.28,22.4,55.1,43.16,88.33
B05781,251,3.57,0.8,39.4,39.3,48.41,93.27
B05782,347,3.92,3.2,35.5,39.1,47.19,92.24
B05783,1314,3.45,4.83,28.3,87.3,36.43,73.72
B05784,1254,4.1,1.29,22.4,82.6,38.11,74.14
B05785,639,3.99,2.62,40.3,58.9,44.07,83.58
B05786,1034,3.85,2.61,45.5,73.7,40.46,75.92
B05787,1157,3.45,1.85,32.3,75.4,37.63,74.83
B05788,517,3.33,0.89,29.1,52.2,44.09,87.09
B05789,1393,4.12,2.01,40.7,83.7,35.52,68.75
B05790,1916,3.65,1.43,45.0,103.9,30.55,59.64
B05791,971,4.16,1.77,21.5,68.5,41.02,80.94
B05792,336,3.61,1.62,45.0,47.2,46.59,88.59
B05793,1271,4.03,3.5,20.4,77.1,37.98,76.71
B05794,1518,4.12,4.33,25.5,91.3,34.65,71.01
B05795,948,3.53,0.51,28.0,66.5,40.28,79.54
B05796,1467,3.98,3.86,43.6,90.5,35.62,67.79
B05797,1315,3.7,2.25,49.2,81.2,37.12,69.74
B05798,681,3.52,1.02,42.1,61.5,44.02,85.46
B05799,1996,4.1,0.57,31.6,112.7,30.56,60.01
B05800,1714,3.59,2.2,42.1,96.1,32.5,64.0
B05801,1708,4.01,1.58,20.3,94.4,33.6,67.0
B05802,781,3.54,1.79,20.5,61.5,43.1,86.29
B05803,1680,3.65,3.48,43.7,98.6,33.44,61.95
B05804,222,3.92,4.62,32.6,34.7,47.22,93.04
B05805,1798,4.06,4.9,25.9,105.7,31.86,62.36
B05806,1345,3.36,4.61,46.6,82.9,36.1,70.65
B05807,216,3.45,1.96,46.5,39.2,48.65,90.82
B05808,386,3.82,2.37,40.8,43.4,45.58,88.86
B05809,45,3.84,4.41,44.6,28.2,49.33,95.99
B05810,229,4.12,3.91,46.0,37.6,47.28,92.66
B05811,392,3.48,1.6,35.5,49.4,46.11,88.67
B05812,540,3.37,1.27,47.5,55.6,44.6,86.15
B05813,968,3.77,2.9,33.7,66.0,41.17,77.78
B05814,1237,3.23,2.04,23.9,77.0,37.52,75.86
B05815,1131,3.72,2.97,40.7,80.0,38.82,75.85
B05816,1208,3.57,3.16,28.1,77.5,36.96,74.96
B05817,1403,3.82,2.34,37.6,84.6,36.91,71.2
B05818,995,3.52,0.63,20.2,68.6,39.65,80.46
B05819,1752,3.5,0.75,39.3,95.1,32.21,64.27
B05820,645,4.18,4.37,29.0,52.3,43.7,87.99
B05821,1555,3.65,4.41,44.4,96.7,34.11,64.73
B05822,1832,4.1,3.13,27.1,104.1,31.96,63.66
B05823,542,3.64,1.65,29.1,52.0,44.63,86.58
B05824,1470,3.68,0.99,26.0,85.9,34.46,71.56
B05825,1202,3.37,2.0,26.1,74.3,37.69,76.5
B05826,1608,3.82,1.51,27.9,98.2,34.59,66.05
B05827,415,3.87,1.93,38.4,45.4,46.32,87.78
B05828,1601,3.31,2.44,37.1,98.8,33.93,65.13
B05829,769,3.54,3.3,41.3,57.6,42.96,82.93
B05830,1720,3.27,2.09,27.0,100.4,32.36,64.27
B05831,963,3.76,2.37,47.3,73.0,41.21,76.29
B05832,1563,3.26,3.47,44.3,90.7,35.3,67.43
B05833,124,3.29,1.46,29.1,32.3,49.67,98.32
B05834,1614,3.3,2.98,30.3,95.0,34.17,65.28
B05835,765,3.8,0.69,28.5,61.6,41.64,82.9
B05836,1705,3.74,1.74,31.6,96.7,32.59,65.34
B05837,415,3.34,1.62,34.2,49.2,45.08,91.8
B05838,822,3.9,4.11,36.3,64.5,41.72,80.12
B05839,1550,4.09,1.7,25.8,96.6,34.57,66.93
B05840,891,3.98,4.16,20.6,64.9,41.49,83.7
B05841,530,3.57,4.12,33.3,47.2,44.71,86.32
B05842,1879,3.75,3.05,33.2,105.8,30.95,61.21
B05843,203,4.06,2.46,40.7,39.2,48.66,93.95
B05844,17,3.58,3.04,40.0,26.2,49.29,97.94
B05845,228,3.47,3.03,29.5,38.4,47.7,94.94
B05846,66,4.08,0.91,28.9,34.4,49.27,96.47
B05847,63,3.77,2.46,39.2,31.4,48.56,97.0
B05848,513,3.85,1.68,23.8,55.3,44.63,88.01
B05849,887,3.81,4.66,23.9,62.8,40.78,84.42
B05850,1172,3.55,4.46,27.9,73.0,38.89,74.61
B05851,743,3.23,1.31,47.5,58.9,42.29,83.1
B05852,970,3.43,1.39,27.2,64.9,40.62,82.24
B05853,1218,3.25,3.16,34.4,81.4,38.16,73.57
B05854,123,3.85,3.35,29.4,30.4,47.82,97.88
B05855,470,4.01,4.93,47.7,47.8,46.1,86.87
B05856,880,4.06,1.11,33.3,69.4,42.12,82.73
B05857,642,3.73,1.13,28.7,56.5,43.88,86.69
B05858,1407,3.31,3.92,42.2,88.7,36.4,70.36
B05859,33,3.48,1.92,43.5,34.1,49.9,96.73
B05860,1145,4.1,3.04,43.6,75.1,38.19,72.46
B05861,1539,3.74,4.26,21.1,91.3,35.16,71.56
B05862,1923,4.17,2.35,21.8,104.5,31.54,63.83
B05863,548,3.79,4.91,46.0,47.7,44.26,87.27
B05864,302,3.57,2.77,48.1,44.5,46.61,91.99
B05865,843,3.97,1.5,47.3,68.3,40.92,81.37
B05866,209,3.57,3.3,40.0,43.3,48.22,95.21
B05867,458,4.15,4.29,37.4,47.6,44.91,87.03
B05868,327,4.14,2.99,25.6,38.1,45.77,94.02
B05869,467,4.08,4.65,30.1,51.3,45.6,88.88
B05870,1222,3.23,1.31,43.2,80.7,38.15,71.1
B05871,1127,3.45,2.59,29.6,77.0,38.9,76.05
B05872,1976,3.26,1.75,44.5,111.0,30.98,58.8
B05873,718,4.19,2.71,43.8,63.0,43.33,81.41
B05874,626,3.96,1.51,29.0,50.9,44.25,85.98
B05875,1484,3.93,1.23,22.6,89.8,34.98,72.34
B05876,876,3.84,4.15,30.7,66.1,41.48,81.13
B05877,930,3.37,2.7,45.5,67.8,40.78,77.29
B05878,609,4.01,1.51,21.3,52.5,44.06,88.03
B05879,1651,3.21,3.17,33.9,93.1,32.81,67.1
B05880,1786,3.47,4.79,23.7,104.0,32.87,64.21
B05881,1527,3.95,4.94,48.6,91.9,34.12,65.01
B05882,741,3.26,3.49,41.5,62.4,42.63,81.56
B05883,281,3.83,0.74,36.6,37.3,47.96,93.58
B05884,1562,3.23,0.73,49.7,96.4,35.12,65.2
B05885,1955,3.83,0.76,31.8,111.4,29.54,61.04
B05886,1943,4.11,4.98,40.6,108.9,30.1,58.98
B05887,949,3.35,1.1,36.5,69.3,41.14,81.01
B05888,1025,3.39,1.48,21.5,73.0,40.05,80.28
B05889,1342,3.51,1.68,41.9,86.6,37.53,68.77
B05890,695,3.32,4.29,47.6,57.4,42.32,81.06
B05891,311,3.57,0.56,29.3,45.3,46.44,92.21
B05892,62,3.23,0.82,46.5,30.2,49.17,95.29
B05893,1083,3.27,1.92,45.2,70.8,39.22,74.31
B05894,206,3.54,1.0,28.4,42.4,46.98,95.08
B05895,1629,3.67,3.91,24.2,92.1,33.6,67.17
B05896,947,3.7,3.71,42.0,63.3,41.08,77.92
B05897,27,3.33,2.53,32.5,34.1,48.89,96.55
B05898,694,4.13,3.26,43.9,58.0,43.07,81.88
B05899,1921,3.85,4.05,50.0,103.6,30.77,59.51
B05900,89,3.59,1.39,20.9,34.1,48.41,98.18
B05901,1040,3.36,1.46,33.6,70.7,38.64,78.9
B05902,1496,4.16,4.53,24.3,90.9,35.18,70.13
B05903,632,3.72,0.8,48.7,50.7,42.68,84.71
B05904,27,3.55,2.28,37.5,33.9,50.08,98.63
B05905,538,3.46,4.09,42.8,49.2,45.54,87.56
B05906,988,3.53,3.99,25.8,71.4,40.25,81.7
B05907,18,3.45,4.89,20.8,35.3,49.57,100.0
B05908,118,3.2,2.41,36.4,39.2,49.32,96.03
B05909,1139,3.98,2.98,30.8,74.0,37.7,77.65
B05910,107,3.33,2.11,34.8,37.8,49.9,94.55
B05911,559,3.44,0.9,44.6,55.6,44.2,86.81
B05912,364,3.42,3.65,48.5,46.0,45.71,89.94
B05913,180,4.04,2.94,22.7,39.9,48.79,96.89
B05914,1056,4.01,3.77,24.3,75.9,38.83,78.69
B05915,1960,3.98,3.72,21.9,108.0,29.64,60.98
B05916,440,3.45,3.14,20.4,44.7,46.29,92.75
B05917,1882,3.59,4.28,20.3,108.2,31.6,62.21
B05918,656,3.23,4.9,29.1,56.2,44.13,86.6
B05919,384,3.53,1.98,23.4,42.2,45.67,91.84
B05920,214,4.13,4.23,21.3,34.2,48.63,95.91
B05921,402,4.19,2.02,44.0,45.5,45.12,88.88
B05922,366,4.2,2.64,41.7,48.2,46.57,89.0
B05923,1240,3.25,2.09,28.5,82.1,38.02,75.6
B05924,808,4.18,3.65,25.9,63.8,41.96,82.93
B05925,976,3.32,3.59,26.2,72.5,40.59,78.65
B05926,558,3.97,4.5,28.4,56.8,45.02,89.86
B05927,224,3.85,2.03,27.2,41.5,47.46,94.4
B05928,1128,3.36,3.39,36.6,76.6,38.56,75.4
B05929,1048,3.68,2.53,46.1,74.3,39.87,75.81
B05930,533,3.5,2.22,48.9,48.4,43.94,85.37
B05931,197,3.69,2.17,46.6,38.5,47.93,94.64
B05932,543,4.03,0.53,37.3,47.4,43.76,86.51
B05933,1192,3.28,4.32,46.1,75.1,38.98,74.24
B05934,1781,3.77,1.66,35.6,98.2,32.6,62.18
B05935,1369,4.02,4.93,32.8,82.0,35.71,71.57
B05936,1008,3.68,3.93,28.9,75.1,39.04,79.07
B05937,3,3.2,4.21,28.9,33.1,50.05,99.02
B05938,1729,3.7,4.57,45.7,102.7,32.46,64.05
B05939,1178,3.82,4.52,40.1,74.0,37.46,76.01
B05940,1066,3.76,2.82,28.5,70.7,39.72,76.47
B05941,520,3.91,3.24,32.6,48.5,44.57,90.23
B05942,1616,4.09,4.11,40.8,95.2,33.51,67.27
B05943,899,3.5,3.77,49.1,62.7,41.54,76.99
B05944,1199,3.77,4.72,25.6,79.1,37.75,74.42
B05945,1775,3.44,1.24,26.1,98.3,32.97,65.99
B05946,1429,3.25,4.88,41.7,84.4,36.63,70.41
B05947,509,3.96,2.27,38.5,51.8,45.4,89.28
B05948,1318,3.38,1.16,47.2,78.8,37.52,69.1
B05949,1557,4.09,1.37,31.7,88.7,35.35,68.02
B05950,1040,3.21,3.58,45.2,69.7,38.78,76.35
B05951,1585,3.9,2.9,45.9,91.3,33.2,66.88
B05952,509,3.45,4.11,40.6,47.5,44.65,86.09
B05953,416,3.24,2.13,28.8,49.5,45.13,92.05
B05954,138,3.9,2.35,36.7,31.3,48.16,96.08
B05955,785,4.0,4.63,25.1,57.3,41.42,82.39
B05956,662,3.58,1.03,36.6,56.1,42.64,84.82
B05957,1320,3.81,3.95,20.6,81.5,37.16,73.01
B05958,1888,4.08,3.22,30.5,106.8,31.38,61.73
B05959,776,3.46,3.91,36.8,63.5,41.27,81.11
B05960,1415,3.75,1.09,47.2,82.4,36.15,68.41
B05961,804,3.4,1.17,27.3,67.0,41.77,85.49
B05962,1264,3.72,4.36,22.7,77.3,38.21,75.7
B05963,1370,3.25,2.02,28.0,86.0,36.06,73.46
B05964,1296,3.93,2.22,31.1,85.5,36.35,73.89
B05965,207,3.28,3.87,38.3,33.3,48.05,95.68
B05966,730,3.93,2.13,33.8,63.7,43.56,85.35
B05967,1148,3.38,0.97,39.9,77.1,38.9,76.31
B05968,925,3.41,1.3,28.6,67.1,41.54,81.34
B05969,606,3.61,4.18,49.5,52.7,43.28,84.01
B05970,1477,4.03,0.89,28.9,91.9,34.65,68.74
B05971,351,3.24,0.98,32.0,41.2,45.61,90.1
B05972,1228,3.24,3.51,34.6,83.4,38.68,72.38
B05973,1664,3.4,0.61,47.9,93.1,33.83,62.06
B05974,719,3.88,3.45,35.4,58.6,43.13,85.95
B05975,1044,3.97,3.65,28.4,69.7,38.85,79.4
B05976,522,3.24,1.38,35.2,54.6,44.61,89.69
B05977,1575,3.28,1.75,24.6,94.9,34.89,68.53
B05978,1424,4.05,1.22,23.9,87.8,36.04,73.41
B05979,1401,3.74,1.8,36.9,88.8,36.61,70.46
B05980,1267,3.46,3.57,44.7,84.7,36.62,72.49
B05981,1548,3.86,1.01,45.6,93.5,34.54,65.89
B05982,1882,4.18,3.22,40.7,109.5,30.96,61.73
B05983,467,3.46,4.83,41.6,47.6,45.6,88.24
B05984,159,3.55,3.27,30.2,35.3,49.01,95.05
B05985,962,3.33,1.69,32.9,71.6,39.96,81.08
B05986,741,3.52,0.75,33.6,60.8,43.23,85.12
B05987,450,3.37,2.8,25.7,51.3,45.8,92.68
B05988,985,3.92,4.48,30.6,73.7,39.85,80.65
B05989,1855,4.14,0.87,36.7,103.1,30.61,62.66
B05990,1127,3.43,3.61,24.0,73.9,37.79,78.93
B05991,1287,3.51,3.33,46.1,80.4,37.24,70.1
B05992,658,4.03,4.98,48.2,53.2,44.23,83.16
B05993,939,4.16,3.55,36.5,72.4,39.67,78.98
B05994,1616,3.53,3.23,45.8,91.7,33.0,65.75
B05995,1101,3.74,2.58,42.0,71.8,38.09,76.78
B05996,1454,3.97,1.78,42.0,85.5,34.83,66.75
B05997,238,3.55,1.61,35.7,38.8,46.76,92.81
B05998,691,3.8,0.86,24.6,58.0,43.62,87.83
B05999,1087,3.44,3.31,25.1,74.1,38.7,78.22
B06000,311,3.49,2.36,31.8,43.2,45.9,93.58
B06001,1106,3.34,1.19,49.7,76.7,39.43,74.61
B06002,24,3.99,3.13,30.0,27.7,50.51,100.0
B06003,272,3.27,1.96,45.1,42.4,46.5,93.19
B06004,1509,3.22,2.75,21.8,87.7,34.53,69.22
B06005,1647,3.24,2.41,33.5,98.7,33.2,65.51
B06006,1349,4.18,1.99,21.3,79.8,37.34,71.84
B06007,908,3.26,2.33,43.2,64.1,40.34,81.08
B06008,989,4.01,0.66,27.9,68.5,40.43,79.21
B06009,1820,3.95,2.71,21.7,99.5,32.72,64.97
B06010,1887,3.9,1.49,42.6,102.3,30.19,60.02
B06011,1093,3.8,3.96,26.1,69.3,40.05,77.56
B06012,1594,4.13,0.77,38.2,92.7,33.84,66.0
B06013,301,3.23,3.5,46.0,42.1,47.23,90.9
B06014,399,3.85,2.82,42.3,41.7,46.55,90.85
B06015,1855,4.06,0.98,31.3,104.9,31.55,61.4
B06016,1735,3.44,4.07,24.2,103.3,33.21,63.49
B06017,374,3.63,0.62,28.1,41.2,46.79,92.71
B06018,1656,3.54,0.75,47.3,96.3,34.07,62.74
B06019,1603,3.9,3.35,23.9,95.2,34.14,67.1
B06020,626,3.33,3.97,43.7,52.3,43.21,84.61
B06021,282,4.02,2.7,36.2,37.8,47.92,93.53
B06022,1082,3.89,1.67,34.0,75.8,39.06,77.78
B06023,146,3.58,2.8,27.8,37.3,48.24,98.6
B06024,710,3.59,1.68,35.8,55.9,41.91,83.74
B06025,937,3.8,0.65,26.1,66.0,40.84,82.94
B06026,179,3.64,4.3,22.2,32.8,48.52,98.71
B06027,1344,3.61,1.01,41.1,87.7,36.4,70.53
B06028,1891,3.43,4.25,48.6,107.4,31.29,59.64
B06029,227,3.42,0.77,32.6,40.3,46.98,95.54
B06030,840,3.48,4.75,27.3,66.4,41.73,83.32
B06031,701,3.82,2.0,39.8,53.8,42.84,85.7
B06032,576,3.74,2.46,34.7,54.7,45.01,88.34
B06033,1844,3.72,3.09,26.6,107.4,32.0,62.86
B06034,519,3.91,1.27,29.9,47.6,45.32,87.07
B06035,731,3.2,1.73,33.4,58.8,42.63,82.38
B06036,320,3.44,2.97,46.4,38.9,46.66,89.75
B06037,534,3.75,4.65,49.6,49.2,45.4,87.1
B06038,1178,3.53,2.0,33.2,77.2,37.23,73.36
B06039,1365,3.94,2.03,23.3,84.8,36.59,74.37
B06040,873,3.58,3.49,44.6,66.2,40.74,77.99
B06041,318,3.45,1.18,41.8,40.9,47.0,89.75
B06042,1729,4.0,3.72,20.4,101.3,31.98,67.53
B06043,1576,3.24,0.77,33.3,94.2,34.64,67.24
B06044,598,4.05,4.62,22.8,53.4,44.56,89.0
B06045,493,3.96,1.65,36.1,50.0,45.07,87.86
B06046,195,4.11,3.02,32.9,41.5,48.74,96.75
B06047,781,3.69,1.0,44.4,65.6,42.56,81.47
B06048,1343,3.36,2.04,39.9,87.0,36.18,72.67
B06049,504,3.85,1.01,49.5,50.5,44.14,84.91
B06050,949,4.05,3.77,23.8,68.9,40.38,81.69
B06051,800,3.75,4.55,33.4,62.2,41.67,83.14
B06052,1463,3.98,2.34,28.1,92.0,35.09,71.45
B06053,658,3.97,1.22,46.3,51.7,42.9,83.24
B06054,826,3.24,2.52,38.1,65.4,41.77,83.4
B06055,1931,3.94,2.47,24.0,105.1,30.58,62.6
B06056,947,3.67,2.24,35.4,67.9,39.6,77.72
B06057,612,3.97,2.02,37.9,50.1,44.47,86.35
B06058,2000,3.49,4.17,31.6,114.2,30.08,57.95
B06059,1094,4.05,3.18,36.8,73.7,39.61,77.22
B06060,1100,4.05,0.69,25.2,70.1,38.59,79.04
B06061,467,3.81,4.96,28.6,47.0,46.17,89.18
B06062,64,3.53,2.91,26.7,31.1,50.23,97.7
B06063,74,4.13,4.42,40.3,36.0,48.89,97.6
B06064,1584,3.93,2.48,31.3,94.7,34.0,65.65
B06065,338,3.29,4.65,45.9,44.1,45.75,88.11
B06066,485,3.87,4.94,27.7,52.7,46.12,88.62
B06067,1179,4.05,3.96,34.9,81.3,37.48,76.0
B06068,1539,3.66,4.83,20.7,94.3,35.05,67.95
B06069,1617,3.6,3.83,34.0,94.8,33.3,65.32
B06070,763,3.35,0.98,39.4,64.1,42.42,83.27
B06071,304,3.68,2.29,36.7,44.8,47.35,91.88
B06072,714,3.44,3.95,32.2,60.1,43.55,86.64
B06073,817,3.53,2.23,32.9,63.1,42.78,81.91
B06074,598,3.26,4.43,30.7,54.2,44.96,87.63
B06075,1846,3.62,1.44,24.1,104.7,30.96,63.72
B06076,383,4.05,4.14,35.1,41.3,46.42,90.13
B06077,741,3.92,3.22,41.9,61.1,43.46,83.45
B06078,479,3.3,1.6,49.2,47.3,46.18,88.36
B06079,1054,3.56,3.68,32.9,73.7,39.51,79.31
B06080,409,3.84,3.02,47.6,50.7,45.61,87.62
B06081,1124,3.34,0.6,47.2,71.4,38.35,75.71
B06082,162,3.56,4.7,34.6,40.3,47.62,95.54
B06083,63,3.33,4.63,27.3,29.7,48.89,99.84
B06084,777,3.65,1.82,32.4,60.2,42.36,83.48
B06085,548,3.78,1.23,35.0,53.8,43.61,86.13
B06086,1424,3.29,3.81,36.9,85.6,36.09,67.95
B06087,1462,3.91,3.32,34.8,92.2,34.92,70.96
B06088,1894,3.63,0.87,31.0,105.3,30.7,60.4
B06089,207,3.34,3.26,26.0,33.3,48.1,97.32
B06090,1594,3.88,4.06,28.5,94.9,33.25,67.17
B06091,901,3.79,0.79,35.4,62.4,40.0,78.57
B06092,494,3.67,1.63,25.8,52.3,44.29,91.17
B06093,1641,3.41,4.43,27.0,95.4,33.03,68.58
B06094,204,4.18,1.78,38.2,34.0,47.58,95.09
B06095,750,4.03,2.11,28.7,63.1,43.15,82.79
B06096,1,4.08,3.42,49.9,29.8,49.57,95.9
B06097,142,4.07,0.8,21.4,31.6,49.04,95.79
B06098,787,3.77,0.67,32.0,58.6,43.1,81.38
B06099,1062,3.31,0.67,25.8,72.6,38.56,78.71
B06100,414,3.48,1.61,42.9,43.1,46.86,89.78
B06101,1184,3.93,0.58,32.3,73.6,38.53,75.43
B06102,1609,4.06,1.7,39.6,91.2,32.96,66.23
B06103,1116,3.32,0.6,42.7,71.6,39.26,74.08
B06104,1006,3.51,2.95,21.2,68.8,39.22,80.41
B06105,1780,3.45,2.44,21.6,101.6,32.41,66.49
B06106,1616,3.23,0.63,25.2,92.7,34.53,68.53
B06107,1458,4.2,2.56,23.4,89.1,36.05,72.5
B06108,1511,3.32,1.58,45.1,92.4,34.7,65.77
B06109,1021,3.93,4.89,28.9,67.3,39.85,79.83
B06110,21,4.0,3.96,37.3,32.4,50.15,99.1
B06111,291,4.06,1.66,45.3,39.8,47.05,91.02
B06112,1540,3.61,3.5,40.6,93.1,33.97,67.15
B06113,1489,3.31,3.81,30.4,89.4,35.09,70.38
B06114,1663,4.04,4.34,24.8,91.7,32.76,66.84
B06115,134,3.97,4.04,38.8,32.9,48.63,95.72
B06116,1806,3.31,0.98,43.8,105.1,32.83,61.42
B06117,225,3.78,4.84,25.8,38.7,47.11,95.03
B06118,1863,3.35,2.5,38.1,104.7,31.14,62.09
B06119,421,4.2,0.81,29.9,50.4,46.02,90.39
B06120,923,3.65,4.84,25.3,70.3,41.77,81.26
B06121,261,3.6,0.67,41.2,40.7,46.99,94.11
B06122,125,3.59,3.08,41.3,40.0,49.02,96.08
B06123,216,4.03,4.8,23.5,40.6,48.34,97.19
B06124,31,3.62,2.84,25.5,32.3,49.29,99.57
B06125,26,4.13,1.15,41.7,35.9,48.96,97.51
B06126,500,3.67,4.22,25.2,48.0,44.28,90.78
B06127,115,3.23,3.4,39.7,31.2,49.62,95.9
B06128,195,3.95,1.97,29.1,38.5,48.46,95.33
B06129,1422,4.07,4.5,20.3,87.0,36.71,72.97
B06130,839,3.41,4.6,28.2,60.6,41.41,81.96
B06131,1981,3.62,2.88,46.5,109.1,29.5,57.55
B06132,925,3.84,4.32,39.1,68.4,40.48,79.95
B06133,39,3.93,1.8,27.6,28.4,48.69,97.91
B06134,329,3.3,3.65,36.5,43.0,45.91,91.97
B06135,580,4.03,3.4,48.9,53.7,43.76,84.02
B06136,1137,4.15,1.82,23.1,75.5,39.4,76.54
B06137,1061,4.13,2.66,40.0,72.3,40.37,74.56
B06138,257,3.62,2.07,41.0,36.1,48.32,91.62
B06139,856,3.39,3.64,23.6,60.9,41.03,84.3
B06140,624,3.92,4.71,48.8,57.7,43.06,85.26
B06141,1329,3.99,0.9,21.1,81.6,35.91,73.35
B06142,1729,3.56,4.52,42.4,94.2,33.12,64.05
B06143,1278,3.34,4.73,26.8,84.5,37.2,74.85
B06144,1306,3.34,4.29,48.1,80.9,36.6,70.3
B06145,1108,3.34,4.78,30.0,71.2,39.73,77.25
B06146,1246,4.12,4.4,23.1,78.8,38.37,73.44
B06147,1725,3.34,1.18,31.0,95.6,32.87,63.03
B06148,239,3.32,0.64,29.5,37.4,47.16,93.27
B06149,1437,3.22,4.73,30.8,85.8,36.56,71.36
B06150,1422,4.13,1.39,49.1,88.1,35.54,67.73
B06151,1327,3.47,4.45,47.6,86.6,37.0,69.32
B06152,368,4.01,1.95,26.5,47.4,45.91,94.19
B06153,170,3.59,2.79,39.4,38.6,49.14,94.1
B06154,992,4.15,2.02,41.0,72.6,40.57,76.9
B06155,1815,3.97,3.12,20.5,98.2,32.67,65.27
B06156,973,3.46,4.15,40.1,73.3,40.18,79.67
B06157,891,3.89,2.89,23.1,61.4,40.15,83.93
B06158,1718,4.13,2.24,47.6,95.8,31.88,64.21
B06159,1635,4.1,2.92,31.1,90.6,34.6,67.76
B06160,542,4.12,1.32,40.2,52.1,45.13,85.19
B06161,1050,3.72,0.57,44.9,72.0,40.21,75.94
B06162,1912,3.52,4.09,35.7,101.6,30.46,59.0
B06163,1501,4.05,1.42,32.9,93.7,35.75,67.24
B06164,1709,3.8,2.08,37.2,102.9,32.35,65.03
B06165,138,3.47,4.68,21.5,31.9,48.73,95.97
B06166,1776,3.75,0.5,29.4,96.3,31.84,64.33
B06167,1042,4.19,1.31,30.0,70.6,39.08,80.2
B06168,835,3.27,2.74,44.7,62.9,41.81,81.41
B06169,1232,3.73,4.6,39.3,79.7,37.82,74.44
B06170,923,3.41,3.95,49.0,68.8,40.45,77.62
B06171,1013,4.07,4.33,42.1,71.9,39.19,77.58
B06172,1755,3.91,1.24,27.2,100.3,33.23,66.02
B06173,403,4.18,2.85,36.7,48.9,45.65,91.87
B06174,852,3.94,2.63,30.9,67.4,42.13,82.19
B06175,1171,3.99,4.75,41.9,72.7,39.24,74.57
B06176,1871,3.25,2.51,26.5,102.3,31.31,63.52
B06177,654,3.94,0.65,25.7,51.4,43.68,86.36
B06178,1909,4.04,3.75,45.6,107.6,31.28,60.49
B06179,980,3.58,4.36,41.9,66.2,39.8,76.52
B06180,884,3.72,2.51,41.9,62.1,40.19,78.23
B06181,239,3.34,2.18,23.8,38.1,48.61,94.3
B06182,358,3.8,4.16,34.9,44.5,47.32,92.23
B06183,1328,4.04,0.51,22.4,83.8,37.06,73.47
B06184,73,3.63,2.95,26.5,33.9,48.39,97.59
B06185,1468,3.77,3.67,29.6,92.8,34.78,71.3
B06186,1755,3.65,1.93,26.5,96.4,32.15,62.69
B06187,560,3.82,1.32,26.5,50.5,43.53,86.6
B06188,788,3.72,0.82,32.9,59.7,41.28,82.73
B06189,1986,3.57,3.41,32.2,111.6,29.15,60.35
B06190,980,3.21,0.67,44.9,65.8,39.35,76.42
B06191,413,3.61,4.08,32.7,45.3,46.79,92.16
B06192,1837,3.9,1.14,38.9,107.0,32.11,59.27
B06193,1828,3.51,1.92,29.2,101.5,32.57,63.33
B06194,301,3.55,1.07,37.3,42.4,46.78,93.03
B06195,1218,3.45,1.6,22.0,78.7,37.67,74.12
B06196,63,3.65,0.51,34.4,27.7,49.52,96.61
B06197,380,3.63,4.76,41.0,42.9,45.39,89.54
B06198,929,3.89,0.51,39.9,66.8,41.41,78.84
B06199,782,3.43,4.84,34.0,60.7,42.34,83.77
B06200,1070,3.68,1.44,45.8,69.0,38.79,76.1
B06201,1889,3.7,3.86,38.1,102.9,31.26,61.1
B06202,210,3.95,1.27,34.9,42.7,48.04,94.65
B06203,1064,3.82,3.43,33.4,71.3,39.3,77.87
B06204,1744,4.18,4.65,48.6,98.8,33.17,60.83
B06205,867,3.61,2.99,46.5,64.4,41.16,79.51
B06206,834,3.78,4.91,46.0,64.7,41.16,81.8
B06207,492,4.18,1.64,28.4,46.9,44.62,91.37
B06208,1849,3.42,3.55,47.4,105.1,32.15,58.55
B06209,1747,3.98,0.74,37.9,95.6,32.94,62.29
B06210,476,3.71,2.7,29.5,45.4,45.91,91.7
B06211,50,3.77,1.41,34.7,28.5,49.46,98.47
B06212,151,3.99,1.35,32.3,38.0,48.3,96.29
B06213,1071,3.78,3.76,32.2,77.1,38.7,79.2
B06214,1709,3.75,3.29,21.6,94.6,33.27,67.35
B06215,1302,3.44,3.01,32.2,80.5,37.53,73.75
B06216,1320,3.43,1.58,38.5,81.4,37.0,70.53
B06217,1247,4.11,3.93,33.5,80.5,37.95,72.2
B06218,1935,3.31,3.02,30.2,111.6,29.89,62.46
B06219,341,3.56,4.67,25.8,45.4,46.1,93.44
B06220,385,3.44,1.45,38.6,45.2,45.69,88.62
B06221,515,3.9,2.97,23.0,48.1,44.69,90.22
B06222,518,3.22,1.89,41.5,51.0,45.53,87.38
B06223,1324,3.71,2.61,33.0,80.1,35.96,70.67
B06224,7,3.41,2.42,33.4,27.6,49.22,98.4
B06225,1193,3.49,4.95,27.6,73.8,38.97,76.66
B06226,1996,3.41,1.56,36.1,105.1,30.41,58.56
B06227,954,3.61,2.4,34.1,66.9,40.5,77.91
B06228,342,3.25,1.54,39.9,44.7,46.19,90.67
B06229,1522,3.91,2.43,40.4,94.3,35.0,68.5
B06230,1875,4.18,4.8,48.2,103.5,32.2,59.04
B06231,542,3.63,3.22,37.7,53.3,45.0,87.26
B06232,617,3.88,1.86,34.6,50.8,44.76,85.36
B06233,658,3.55,3.6,26.7,59.7,43.61,84.99
B06234,482,3.7,0.71,34.2,47.8,45.21,87.52
B06235,1983,3.43,3.35,45.1,106.2,29.3,59.03
B06236,1491,3.73,4.37,40.3,86.6,34.55,69.56
B06237,845,3.57,2.77,49.8,60.7,42.47,80.44
B06238,1559,3.37,3.53,32.5,93.5,34.56,67.45
B06239,1522,3.27,2.0,49.3,92.4,34.54,65.08
B06240,64,3.47,1.95,24.1,27.7,48.63,97.21
B06241,320,3.38,4.1,41.0,44.1,47.15,91.39
B06242,240,3.37,0.94,41.8,40.5,47.58,93.5
B06243,1434,3.75,0.69,23.5,82.7,35.84,70.37
B06244,780,3.52,3.02,29.9,64.1,42.34,83.01
B06245,840,3.33,2.82,20.1,59.7,41.69,85.33
B06246,262,3.6,4.71,28.7,38.6,46.49,94.72
B06247,462,3.73,2.24,24.3,47.4,45.05,92.52
B06248,665,4.09,3.31,24.4,61.2,43.07,85.71
B06249,1270,3.93,2.42,32.8,80.3,37.59,73.71
B06250,725,3.23,3.74,27.5,60.1,42.2,84.78
B06251,1744,3.84,2.44,31.1,102.8,33.5,63.23
B06252,636,4.19,2.15,42.0,53.3,43.36,84.16
B06253,1106,3.38,3.61,41.3,75.8,38.28,74.2
B06254,353,3.7,0.9,24.6,42.8,46.99,91.96
B06255,120,4.11,4.5,25.6,33.7,49.76,95.59
B06256,385,3.38,1.69,40.1,45.5,46.64,88.99
B06257,1,3.73,1.57,33.5,31.3,50.41,97.46
B06258,829,4.16,4.11,20.4,58.5,41.33,83.67
B06259,672,3.44,1.02,40.4,54.7,44.14,85.93
B06260,1427,3.97,4.23,28.1,91.3,36.11,71.87
B06261,993,4.01,3.28,39.7,69.1,40.75,76.36
B06262,815,3.77,4.91,27.4,65.4,42.76,85.1
B06263,1346,3.45,1.91,47.8,80.3,35.58,71.25
B06264,144,4.1,2.77,37.5,31.3,49.09,96.66
B06265,842,3.53,1.15,30.6,59.6,42.05,83.25
B06266,1835,4.08,2.28,35.5,102.6,31.82,59.92
B06267,1817,3.96,0.57,22.1,100.8,31.26,65.99
B06268,1977,4.14,2.87,38.0,108.2,29.58,57.77
B06269,1586,3.32,2.7,25.5,91.8,33.48,67.78
B06270,1870,3.33,4.99,25.9,108.4,30.58,64.46
B06271,1673,3.22,3.12,31.4,99.9,32.88,66.24
B06272,996,3.66,3.97,44.6,71.7,39.06,75.99
B06273,608,3.83,0.73,43.2,49.7,43.0,85.66
B06274,596,3.64,2.07,43.9,54.3,43.1,85.4
B06275,736,4.03,2.56,42.7,58.6,42.76,81.23
B06276,1871,3.65,3.12,37.6,103.8,31.21,59.05
B06277,654,3.58,2.03,39.8,58.3,42.51,86.25
B06278,395,4.17,2.55,32.1,41.0,45.72,90.83
B06279,1838,3.89,1.04,31.0,105.7,32.36,61.33
B06280,1089,4.03,3.26,47.2,70.6,39.47,74.5
B06281,1635,3.32,0.52,46.2,97.7,34.38,64.9
B06282,293,3.31,0.55,26.1,38.3,47.48,93.16
B06283,1410,3.64,1.89,27.6,90.6,34.98,71.38
B06284,921,3.54,3.67,44.0,69.7,39.84,78.37
B06285,1260,3.53,2.41,41.8,82.9,38.15,72.81
B06286,2,3.2,2.46,48.5,34.4,49.33,94.95
B06287,1427,3.76,4.25,37.6,82.1,35.59,69.08
B06288,1166,3.83,4.62,41.8,81.5,39.13,74.15
B06289,718,3.72,2.81,46.4,60.3,42.02,84.03
B06290,641,3.84,4.36,44.9,56.4,43.34,84.19
B06291,1603,3.82,1.48,47.3,91.2,33.36,63.19
B06292,429,3.37,0.73,49.5,48.5,45.24,89.13
B06293,1082,3.78,1.04,48.2,71.4,38.19,73.51
B06294,341,3.91,3.9,38.5,42.4,46.47,91.71
B06295,454,3.5,4.46,44.6,48.9,46.04,89.81
B06296,764,3.7,2.47,22.4,57.8,43.05,86.97
B06297,46,3.88,4.1,49.6,32.4,48.88,94.65
B06298,1578,3.46,4.7,26.8,92.5,33.45,68.64
B06299,1696,3.31,2.1,27.3,100.2,32.05,65.05
B06300,65,3.55,4.88,28.1,28.2,50.1,97.75
B06301,1626,3.37,0.54,44.1,90.2,33.73,64.79
B06302,1824,3.76,2.0,45.4,106.6,31.68,59.17
B06303,1704,3.45,3.05,42.2,101.7,33.5,61.95
B06304,1647,3.7,4.89,20.4,91.6,33.04,66.95
B06305,1930,3.89,4.76,40.1,109.8,30.36,59.21
B06306,229,3.58,2.37,48.9,38.1,47.97,90.7
B06307,1569,4.18,2.05,34.1,90.4,34.8,67.47
B06308,694,3.92,2.56,34.8,52.9,43.0,84.23
B06309,752,3.56,4.56,25.8,61.7,42.56,86.61
B06310,1424,3.23,1.74,49.8,89.2,35.53,67.85
B06311,719,3.4,1.71,24.7,60.7,42.95,85.95
B06312,327,3.53,0.71,39.1,44.0,47.46,92.71
B06313,72,3.51,1.03,48.6,34.7,49.59,94.65
B06314,705,3.71,2.24,35.5,60.0,42.09,82.34
B06315,767,3.5,4.63,44.2,59.9,42.27,80.49
B06316,511,3.25,1.33,30.9,46.9,45.17,90.14
B06317,1712,3.48,1.69,46.8,95.0,33.45,63.05
B06318,1535,3.92,1.24,22.9,88.3,34.62,68.02
B06319,64,3.7,2.94,21.1,36.4,49.06,99.1
B06320,323,3.59,3.52,33.6,41.5,47.75,92.2
B06321,1584,3.68,4.46,33.3,91.0,34.42,65.3
B06322,1006,3.71,1.88,29.8,72.2,40.12,78.54
B06323,215,4.19,4.54,30.8,33.8,48.07,93.36
B06324,255,3.88,1.44,30.8,42.4,47.85,93.84
B06325,1722,3.26,4.16,21.5,103.5,31.95,65.65
B06326,1757,3.34,2.39,21.1,101.9,32.02,63.6
B06327,1313,3.65,0.82,27.7,86.3,36.18,71.64
B06328,855,3.98,4.24,27.8,65.5,41.86,83.68
B06329,295,3.62,3.49,33.1,37.2,46.5,94.76
B06330,403,3.83,2.24,24.3,50.1,46.31,90.86
B06331,844,4.12,1.99,25.8,59.6,40.72,84.95
B06332,1402,3.95,1.73,41.1,91.0,36.66,67.69
B06333,903,4.09,2.09,39.5,61.2,40.11,80.83
B06334,1451,3.77,3.34,44.0,87.4,34.7,66.75
B06335,1464,3.45,4.96,34.1,84.4,35.04,69.67
B06336,863,4.02,1.91,48.2,62.1,40.52,80.7
B06337,1038,3.86,1.63,47.6,68.6,40.34,75.84
B06338,1398,4.08,3.0,32.6,81.9,36.39,72.46
B06339,231,3.46,4.66,34.8,43.2,46.91,94.38
B06340,1090,3.8,3.04,23.9,71.0,39.02,79.1
B06341,643,4.03,3.84,47.3,57.1,43.13,82.75
B06342,1331,3.71,3.82,41.7,88.1,36.73,72.15
B06343,704,4.04,2.12,31.5,57.6,43.62,86.43
B06344,574,4.14,4.92,30.9,50.4,44.24,87.84
B06345,69,3.28,2.12,48.0,35.9,48.4,95.25
B06346,1676,3.31,1.57,26.9,97.7,34.06,66.24
B06347,1492,3.57,4.61,27.9,85.5,34.49,71.14
B06348,897,3.89,4.55,34.1,70.2,40.08,78.88
B06349,621,3.75,0.97,22.1,53.0,43.21,89.35
B06350,159,3.37,4.3,29.1,38.5,48.84,95.82
B06351,1930,3.82,4.3,49.6,109.8,29.96,55.83
B06352,1406,3.72,4.76,22.1,84.1,36.66,74.17
B06353,937,3.67,1.62,41.5,71.6,41.46,80.31
B06354,671,4.18,4.04,31.0,56.1,42.85,87.27
B06355,1765,3.61,1.25,25.2,99.1,31.55,63.22
B06356,1620,3.89,1.26,33.7,94.6,34.46,64.42
B06357,1724,4.2,2.37,46.3,99.0,32.96,60.7
B06358,1008,3.35,2.87,23.4,69.9,39.06,81.0
B06359,678,4.13,3.8,46.1,56.2,42.66,82.89
B06360,213,4.09,2.02,44.8,42.5,47.66,90.88
B06361,457,4.0,2.91,48.9,47.9,45.44,85.58
B06362,1721,3.46,1.48,37.8,99.9,31.94,65.09
B06363,1070,3.21,4.76,41.2,73.3,38.79,74.22
B06364,1538,3.31,2.81,31.6,93.6,34.41,68.99
B06365,577,4.14,3.07,31.2,56.3,44.67,89.23
B06366,1558,3.32,2.59,39.1,90.9,34.45,67.48
B06367,191,3.32,2.8,30.4,42.3,47.65,95.41
B06368,839,3.41,0.91,35.0,66.1,41.59,80.17
B06369,1670,3.53,5.0,29.8,98.3,32.52,65.77
B06370,1520,3.99,1.2,36.7,89.4,33.88,68.18
B06371,1981,3.82,2.61,46.9,106.5,29.63,55.1
B06372,899,3.38,4.07,43.7,63.5,41.38,78.92
B06373,294,3.61,0.71,42.4,46.0,47.58,89.62
B06374,113,3.44,4.31,32.1,32.8,49.76,98.66
B06375,894,3.54,2.64,45.3,68.3,40.12,79.78
B06376,405,3.95,1.4,21.7,42.2,45.73,92.43
B06377,988,3.3,4.79,20.1,71.7,40.78,82.44
B06378,1448,3.52,3.61,30.4,86.1,36.23,70.86
B06379,189,3.6,0.66,24.3,40.7,48.77,95.53
B06380,1021,3.97,3.68,21.2,68.1,38.95,78.9
B06381,912,3.23,2.03,28.4,71.0,40.91,81.05
B06382,1344,4.15,2.96,47.1,82.3,37.51,71.4
B06383,609,3.54,3.08,22.6,54.9,44.82,89.5
B06384,1062,3.82,1.81,31.7,74.3,39.12,75.76
B06385,956,3.35,3.99,35.1,68.5,41.32,79.48
B06386,948,3.55,2.56,49.9,71.5,40.15,79.24
B06387,1778,3.45,1.84,48.5,100.2,32.82,59.27
B06388,1753,4.1,3.78,44.7,101.7,32.15,61.7
B06389,1270,3.48,3.94,24.4,85.1,37.96,73.96
B06390,1067,3.57,4.97,45.5,70.0,38.64,77.39
B06391,1073,3.53,4.45,34.3,73.1,39.89,77.56
B06392,649,3.86,4.59,47.0,51.5,43.17,82.58
B06393,1599,4.2,1.01,23.7,91.7,34.09,66.32
B06394,1470,4.11,2.64,22.9,91.2,34.73,69.13
B06395,884,3.41,4.03,20.8,62.5,42.14,82.04
B06396,892,4.18,2.63,42.2,70.6,41.91,79.03
B06397,1756,4.07,1.94,35.8,105.0,31.53,62.69
B06398,1837,3.91,0.9,20.3,99.0,31.81,62.02
B06399,1700,3.84,3.4,23.2,98.0,33.71,64.65
B06400,356,4.06,2.07,22.3,45.0,46.88,92.47
B06401,767,3.37,1.4,20.4,59.7,42.55,84.84
B06402,307,3.67,3.81,40.2,43.3,47.36,91.18
B06403,1731,3.59,1.78,25.9,96.6,33.66,65.6
B06404,1374,3.86,3.8,24.6,83.1,36.64,71.13
B06405,146,3.29,3.92,31.0,37.9,47.88,97.05
B06406,539,3.27,3.56,35.3,48.5,43.99,85.74
B06407,315,3.32,3.05,44.3,45.9,46.77,89.88
B06408,1039,3.41,3.59,39.9,71.9,39.47,75.7
B06409,1255,3.42,1.12,33.9,77.1,36.94,75.01
B06410,1593,3.79,0.93,29.7,91.1,33.46,67.91
B06411,113,3.62,2.26,43.4,34.8,48.36,93.58
B06412,128,3.68,2.98,22.5,39.6,48.69,96.64
B06413,1704,3.71,1.87,37.4,96.7,33.3,62.44
B06414,1224,3.78,1.2,49.1,77.5,36.99,72.86
B06415,1089,3.52,1.73,21.7,73.7,38.96,78.52
B06416,902,3.22,4.42,34.8,70.4,41.07,80.23
B06417,1389,4.12,2.54,39.8,87.0,36.22,70.31
B06418,687,3.32,4.12,32.0,54.8,43.54,84.96
B06419,53,3.7,1.21,32.9,29.4,49.34,96.91
B06420,1713,3.58,4.63,20.3,94.4,33.16,66.73
B06421,1409,3.53,2.96,27.8,90.6,36.87,70.73
B06422,1583,3.88,4.64,25.0,96.1,35.09,69.37
B06423,147,3.39,1.73,37.1,35.1,48.61,94.3
B06424,525,3.32,4.46,31.6,52.1,44.47,88.49
B06425,1672,3.56,1.18,29.8,93.2,33.8,65.87
B06426,209,4.13,3.8,31.1,35.3,48.72,93.09
B06427,1199,3.46,3.75,37.8,73.6,38.09,72.33
B06428,740,4.01,4.62,28.4,59.7,41.92,85.16
B06429,1761,3.52,3.6,41.8,99.3,32.2,62.64
B06430,1992,3.6,1.05,30.5,114.2,29.25,60.66
B06431,532,3.99,4.47,41.1,47.1,44.45,88.41
B06432,1897,3.94,3.99,48.1,104.0,31.47,60.52
B06433,1281,4.03,1.38,44.5,79.4,36.49,73.43
B06434,674,4.18,3.73,38.9,54.4,42.32,86.27
B06435,307,3.72,3.71,27.7,46.0,47.53,91.68
B06436,1583,3.53,2.89,42.3,95.6,34.66,67.24
B06437,1755,3.73,1.76,25.8,104.8,31.78,62.97
B06438,319,3.5,0.83,36.6,43.2,47.67,93.8
B06439,1134,3.74,2.34,22.8,77.5,37.77,77.72
B06440,1332,3.55,1.49,22.4,85.6,37.27,73.73
B06441,944,3.84,2.9,40.5,72.2,40.71,77.55
B06442,1247,3.58,1.91,26.0,84.4,36.78,73.75
B06443,937,3.7,3.28,36.2,70.0,41.49,81.16
B06444,1200,3.46,2.53,38.9,78.6,37.17,75.25
B06445,1844,3.24,1.56,44.7,103.3,31.59,60.48
B06446,649,3.2,3.96,20.3,55.3,43.62,88.26
B06447,5,3.59,4.41,39.7,30.0,48.98,96.83
B06448,1136,3.6,1.34,26.7,72.5,38.29,77.51
B06449,1736,3.59,1.43,44.6,103.9,33.02,61.63
B06450,473,3.99,0.51,48.7,50.0,44.57,86.63
B06451,1687,3.81,3.21,31.2,99.9,33.08,64.9
B06452,1648,3.45,2.85,34.6,93.9,33.04,67.5
B06453,1816,3.37,2.83,48.2,99.5,32.14,61.79
B06454,1998,3.21,1.72,38.0,108.8,29.04,56.89
B06455,1412,3.53,2.32,35.6,81.9,35.21,68.93
B06456,77,3.22,2.05,32.6,28.7,50.14,97.2
B06457,733,4.02,4.37,40.7,57.1,41.94,81.57
B06458,1602,3.98,1.55,49.8,94.6,33.28,63.38
B06459,1868,3.68,3.86,39.7,100.7,32.18,59.0
B06460,475,3.21,2.43,31.6,49.4,45.44,90.88
B06461,789,4.17,3.76,42.8,58.6,41.89,82.42
B06462,1949,3.31,2.52,37.0,104.7,31.34,58.31
B06463,1134,3.85,2.87,37.8,79.7,38.71,76.03
B06464,46,4.05,1.75,43.3,36.2,48.77,96.12
B06465,269,3.93,4.23,35.5,43.2,46.64,94.11
B06466,1656,3.33,0.52,23.2,94.4,33.95,69.08
B06467,1717,3.38,4.91,31.7,98.2,33.08,65.14
B06468,606,4.1,4.06,42.4,59.0,43.03,84.81
B06469,1486,3.87,3.97,45.8,91.2,34.48,65.95
B06470,582,3.62,0.52,26.5,48.5,44.83,87.45
B06471,84,3.93,4.62,40.8,31.2,49.83,94.08
B06472,1180,3.25,2.03,46.5,73.5,38.51,71.74
B06473,1311,4.13,4.4,47.5,85.0,37.25,71.9
B06474,309,3.81,0.99,39.1,45.2,46.02,93.22
B06475,1368,3.95,3.91,49.7,83.3,35.81,68.5
B06476,213,3.75,0.97,37.5,40.7,48.45,92.86
B06477,368,3.54,2.73,45.1,46.8,45.92,89.4
B06478,886,4.2,3.37,24.1,69.8,41.99,82.12
B06479,1537,3.42,3.21,38.3,89.7,35.17,67.47
B06480,82,3.68,3.31,47.2,33.4,49.08,93.36
B06481,192,3.6,2.48,48.5,36.9,47.53,93.75
B06482,1984,3.99,3.26,21.7,108.5,31.02,59.34
B06483,1251,4.04,2.11,41.2,84.7,36.53,73.98
B06484,1590,3.82,3.51,40.8,89.9,34.33,66.51
B06485,783,3.48,1.82,21.7,65.6,42.28,83.87
B06486,1194,3.88,2.5,32.2,78.4,37.75,73.34
B06487,1633,3.66,4.78,33.0,90.9,34.09,65.52
B06488,1333,3.86,4.33,45.0,82.2,37.45,68.34
B06489,1260,3.52,1.52,43.9,81.8,36.99,70.2
B06490,1090,3.24,2.5,47.5,70.9,39.72,73.41
B06491,1428,3.59,4.15,28.5,86.2,34.95,72.05
B06492,96,3.87,2.8,32.5,30.2,48.46,95.71
B06493,1168,3.47,3.84,37.8,72.4,38.01,73.98
B06494,1427,3.38,3.71,29.3,88.7,36.25,71.24
B06495,1314,3.59,1.47,32.2,82.5,36.71,72.7
B06496,1296,3.9,1.4,33.7,81.2,36.1,73.39
B06497,1848,3.76,4.64,45.1,107.8,32.0,58.54
B06498,1979,3.52,0.72,21.6,109.4,31.09,60.82
B06499,1623,4.06,3.54,40.4,98.1,33.76,66.58
B06500,1689,4.0,3.24,36.4,100.1,32.19,64.97
B06501,885,4.07,3.31,20.7,63.4,40.17,81.52
B06502,974,4.09,4.1,32.9,67.8,40.74,80.92
B06503,728,3.43,3.12,36.3,62.4,42.86,81.91
B06504,361,4.14,3.08,30.4,47.6,46.74,93.03
B06505,1853,3.33,0.81,44.2,109.0,31.73,61.84
B06506,1461,3.56,2.11,29.5,91.8,34.86,69.31
B06507,282,4.03,2.56,23.8,43.9,47.34,96.05
B06508,274,3.9,3.65,32.0,37.9,47.98,92.15
B06509,1642,3.54,4.56,42.8,94.6,32.98,63.8
B06510,827,4.12,3.78,34.5,65.4,42.27,81.89
B06511,1416,3.95,2.35,43.3,87.2,36.2,67.87
B06512,1076,3.64,4.66,33.9,75.4,38.45,78.36
B06513,1450,3.89,0.86,44.0,84.4,35.23,68.01
B06514,1253,4.05,2.36,22.6,84.7,37.37,77.27
B06515,209,3.6,4.29,37.4,40.0,47.71,94.71
B06516,1097,3.82,2.8,22.7,74.8,38.42,79.53
B06517,646,3.64,3.22,44.0,53.1,43.05,85.07
B06518,1157,3.22,0.62,44.9,80.6,38.95,73.51
B06519,711,3.72,2.16,43.1,62.8,42.15,81.96
B06520,1995,3.86,4.87,39.5,113.6,29.31,59.02
B06521,1061,4.15,4.77,27.1,67.5,39.49,78.83
B06522,744,3.71,1.41,42.9,62.0,43.31,81.66
B06523,516,3.77,3.65,32.4,53.2,45.6,87.05
B06524,212,3.52,4.16,26.2,41.3,48.5,94.66
B06525,1093,4.03,4.46,39.6,76.6,40.04,77.54
B06526,1602,4.08,4.64,47.3,92.6,33.36,63.7
B06527,1340,3.66,3.25,32.9,87.9,37.49,72.34
B06528,1955,3.67,1.7,34.5,107.0,31.21,60.29
B06529,1900,3.52,3.13,23.0,104.6,31.12,63.64
B06530,324,3.31,1.4,21.8,45.6,45.76,93.16
B06531,205,3.67,2.31,27.0,34.8,47.9,96.21
B06532,1028,3.88,2.69,26.5,67.4,38.83,78.3
B06533,1872,3.45,3.7,25.3,103.5,30.86,61.29
B06534,1710,3.6,2.52,40.5,98.2,33.24,62.3
B06535,1198,3.96,2.47,25.1,81.8,38.74,77.61
B06536,611,3.58,2.21,29.2,59.3,43.1,87.7
B06537,1076,3.56,3.66,49.5,74.8,40.06,74.35
B06538,1345,3.38,2.27,40.2,87.1,37.09,70.11
B06539,1493,3.26,1.63,42.1,88.5,36.02,66.3
B06540,1888,3.31,2.41,26.4,103.6,31.86,61.3
B06541,337,3.71,1.38,35.2,38.5,46.23,91.7
B06542,1019,3.29,0.92,32.1,68.8,39.43,76.92
B06543,1498,3.91,1.83,43.8,85.5,34.3,65.46
B06544,1773,4.13,1.13,33.7,97.3,31.76,61.89
B06545,364,3.24,2.74,23.1,41.5,45.47,93.01
B06546,557,4.06,2.78,34.9,53.9,44.26,86.66
B06547,225,3.77,3.88,20.6,35.8,47.0,97.59
B06548,1169,3.21,4.27,30.8,72.4,38.22,76.79
B06549,631,4.07,0.56,36.8,55.9,42.92,84.29
B06550,310,4.0,4.25,44.1,43.5,46.99,89.6
B06551,546,4.12,2.86,28.6,50.0,45.44,87.24
B06552,759,3.66,4.65,31.3,65.3,42.95,84.84
B06553,1472,4.06,3.39,38.3,91.3,34.46,68.97
B06554,964,3.27,4.56,26.3,70.3,41.11,81.5
B06555,1976,3.59,4.47,47.0,107.3,29.5,58.03
B06556,1840,3.99,1.96,33.8,108.3,31.75,63.69
B06557,1298,3.55,3.21,24.2,80.1,37.57,73.91
B06558,1696,3.88,2.49,22.1,99.7,33.17,64.79
B06559,297,3.56,2.96,46.2,40.2,46.96,89.51
B06560,9,3.31,2.72,44.9,30.3,50.45,96.99
B06561,1299,3.69,2.79,45.2,77.3,37.38,69.71
B06562,1168,3.51,2.9,42.8,74.8,38.71,75.35
B06563,1569,3.9,4.47,34.6,88.0,34.07,67.38
B06564,36,3.63,2.68,36.3,35.7,50.23,99.12
B06565,165,3.55,3.9,40.8,37.9,47.46,92.46
B06566,1058,4.0,1.69,24.4,74.8,39.32,80.19
B06567,289,3.36,3.11,28.4,46.2,46.42,94.02
B06568,743,4.17,3.86,44.2,61.0,43.14,81.02
B06569,198,4.1,1.76,34.1,40.7,48.22,95.02
B06570,460,3.58,4.22,32.3,50.6,46.03,88.3
B06571,1241,3.27,0.63,22.1,82.4,37.32,76.52
B06572,522,3.87,4.25,38.8,50.0,45.16,88.75
B06573,862,4.18,3.81,21.2,60.8,40.95,82.99
B06574,1956,4.02,1.78,44.1,109.7,30.62,58.18
B06575,1669,3.88,2.3,37.0,101.3,32.59,62.93
B06576,1553,4.18,0.76,38.7,95.9,34.16,66.31
B06577,1879,3.91,1.74,46.1,109.3,30.84,58.75
B06578,191,3.44,0.59,20.8,37.7,48.0,97.66
B06579,316,3.29,3.81,41.5,40.4,47.78,92.83
B06580,1977,3.45,3.93,39.8,106.1,29.91,58.69
B06581,81,3.6,1.37,46.2,34.7,49.54,96.51
B06582,159,3.36,2.26,37.0,34.8,47.58,94.82
B06583,613,4.02,4.01,26.9,56.7,44.28,89.36
B06584,1199,3.78,3.07,47.7,73.8,37.81,74.54
B06585,1495,3.26,3.54,40.8,85.4,35.82,67.17
B06586,968,3.86,1.83,39.1,65.9,39.92,76.79
B06587,353,3.46,4.52,45.1,48.2,46.2,88.31
B06588,211,3.49,3.46,37.3,34.5,48.0,95.15
B06589,1822,4.1,0.6,35.9,98.1,31.89,62.32
B06590,1213,3.58,0.83,39.8,78.2,37.8,73.95
B06591,1094,4.16,1.77,39.9,74.7,39.47,74.78
B06592,187,3.32,4.91,28.2,35.7,48.52,97.59
B06593,1020,3.69,3.13,27.9,67.6,40.22,77.49
B06594,588,3.69,4.63,31.8,53.9,43.27,85.24
B06595,1312,4.1,4.68,27.3,81.1,36.76,73.78
B06596,45,3.89,2.09,27.9,27.6,50.33,98.75
B06597,1249,3.22,2.55,49.3,81.3,37.93,70.2
B06598,1675,3.72,3.25,25.3,95.0,32.97,67.72
B06599,1977,3.85,2.19,44.7,111.2,29.74,57.96
B06600,342,4.11,3.33,31.2,44.7,46.33,92.91
B06601,1257,3.72,4.82,26.5,78.8,37.31,73.33
B06602,1550,3.82,1.42,22.3,88.5,35.43,67.92
B06603,202,4.15,1.71,28.7,41.5,47.48,95.92
B06604,288,3.9,2.9,43.1,43.9,47.89,90.57
B06605,1114,3.77,4.69,44.4,74.8,39.08,75.89
B06606,1762,3.97,0.8,39.2,98.1,32.74,61.89
B06607,748,4.08,0.67,39.0,58.4,43.47,84.08
B06608,234,3.8,2.17,35.1,38.3,46.93,93.52
B06609,744,3.94,3.34,45.7,58.5,42.92,81.36
B06610,1118,4.03,2.8,38.2,77.5,38.0,75.38
B06611,1758,3.65,3.03,41.6,95.6,31.53,61.32
B06612,1670,3.86,4.6,27.6,95.6,33.08,64.3
B06613,1514,4.18,1.83,29.2,95.0,34.63,68.86
B06614,570,4.02,1.58,26.6,52.3,44.11,90.08
B06615,1425,3.68,1.7,48.9,88.5,36.6,69.09
B06616,266,3.26,1.08,42.8,41.1,48.2,90.48
B06617,1138,3.78,4.77,46.4,71.9,39.27,75.31
B06618,1720,3.65,3.29,28.8,99.6,32.73,63.9
B06619,864,3.95,3.57,48.9,69.4,40.69,79.26
B06620,1340,3.98,4.02,23.2,84.7,37.4,72.28
B06621,1625,3.88,0.75,20.1,93.8,32.8,69.48
B06622,300,3.97,4.23,48.8,37.5,46.78,88.47
B06623,1865,3.46,3.53,26.3,108.8,31.68,63.65
B06624,831,3.68,3.39,24.2,63.5,42.49,83.08
B06625,1314,3.22,2.98,23.8,84.4,37.53,75.86
B06626,272,3.78,1.35,43.7,42.6,46.94,90.9
B06627,301,3.75,4.92,32.6,40.4,47.69,92.7
B06628,976,3.5,3.14,41.5,64.6,41.0,77.96
B06629,516,3.29,0.87,28.3,54.7,44.24,90.88
B06630,1222,3.26,0.77,39.5,74.8,37.19,74.58
B06631,914,3.77,4.07,22.5,70.3,40.75,82.5
B06632,112,3.93,4.75,20.2,33.1,49.09,98.47
B06633,1870,3.71,1.99,43.7,107.1,31.31,59.12
B06634,667,3.44,0.74,22.9,57.9,43.08,86.01
B06635,154,3.61,4.49,48.0,41.1,49.45,93.97
B06636,1318,3.89,5.0,24.3,79.5,35.85,75.36
B06637,772,3.87,3.57,22.8,65.2,43.03,86.52
B06638,1279,3.79,4.47,23.0,85.6,38.09,75.47
B06639,1806,3.33,4.72,34.6,104.0,32.68,62.49
B06640,1097,3.71,4.25,49.1,75.7,39.03,73.32
B06641,1520,3.27,3.94,47.7,87.9,33.94,64.8
B06642,1405,3.53,4.57,49.8,82.2,36.79,66.71
B06643,1217,3.86,3.32,36.0,78.3,36.98,72.83
B06644,712,4.08,4.43,29.1,54.2,42.41,84.88
B06645,981,3.46,4.61,42.2,72.9,40.26,77.13
B06646,1704,3.68,2.56,38.5,100.3,31.99,63.66
B06647,1044,4.0,4.41,42.4,72.1,39.44,75.78
B06648,1661,3.61,2.7,20.1,100.8,33.39,67.96
B06649,1776,3.57,4.74,21.5,97.3,33.04,63.16
B06650,1912,4.12,0.81,21.1,103.9,29.99,63.44
B06651,555,4.04,2.85,41.6,49.2,45.34,87.79
B06652,168,3.77,2.05,41.4,38.2,48.67,95.93
B06653,1546,4.16,2.82,25.8,89.0,35.22,70.1
B06654,1559,3.64,2.17,26.9,94.3,34.42,70.44
B06655,1832,3.97,0.65,41.8,104.5,32.06,59.28
B06656,791,4.06,1.75,22.6,64.0,42.68,85.63
B06657,460,4.01,3.59,26.1,49.6,44.44,90.02
B06658,148,4.1,2.09,36.2,40.1,47.98,96.04
B06659,1694,3.58,4.62,30.0,96.8,32.78,63.98
B06660,1782,3.36,2.07,37.9,97.3,32.33,61.69
B06661,717,3.3,1.43,36.5,57.0,43.27,84.78
B06662,857,3.38,4.35,48.1,65.3,40.84,81.35
B06663,480,4.15,0.78,41.3,53.6,45.42,88.26
B06664,1116,3.39,3.76,34.6,77.7,38.25,74.38
B06665,227,4.15,3.39,37.7,35.2,46.89,95.41
B06666,800,3.4,3.15,45.1,58.7,42.39,80.24
B06667,935,3.8,4.13,32.9,72.2,40.26,81.89
B06668,538,3.3,3.82,42.8,52.0,44.01,85.66
B06669,1955,3.71,3.39,45.7,105.7,30.92,58.64
B06670,1829,3.85,2.8,38.0,102.8,31.35,60.66
B06671,704,3.56,2.07,38.3,60.9,43.58,85.53
B06672,1305,3.69,4.86,48.5,84.3,37.3,71.32
B06673,1159,3.43,3.77,49.6,72.8,37.82,71.53
B06674,1247,3.49,1.51,46.4,76.8,36.75,73.79
B06675,1600,3.36,4.25,47.3,98.7,34.76,64.88
B06676,475,3.95,4.46,38.9,46.7,46.17,88.0
B06677,797,4.09,2.5,42.2,66.4,41.25,81.47
B06678,388,3.72,1.97,36.1,45.4,46.82,90.14
B06679,1103,3.47,4.98,44.9,71.6,39.42,74.02
B06680,1858,3.96,0.89,47.4,101.6,31.6,59.91
B06681,1875,4.03,3.52,21.0,102.3,30.33,63.68
B06682,1368,3.46,1.38,26.6,88.5,36.38,70.6
B06683,712,4.12,0.79,39.7,60.7,41.88,85.34
B06684,1791,3.31,3.6,32.7,105.3,32.2,62.96
B06685,807,3.36,2.14,27.2,58.0,42.44,85.52
B06686,1297,3.62,3.76,31.8,78.3,36.95,71.73
B06687,759,3.21,2.78,35.6,62.2,41.86,83.77
B06688,1226,3.85,2.49,33.5,75.9,37.59,73.81
B06689,1582,4.08,4.63,45.7,90.1,34.51,63.99
B06690,467,4.04,0.73,40.1,49.1,45.49,88.21
B06691,1656,4.1,0.83,44.5,99.7,33.11,65.04
B06692,794,4.19,0.95,24.5,64.9,42.59,85.16
B06693,1610,3.62,2.09,41.2,91.1,33.37,67.05
B06694,264,3.53,0.79,43.1,35.9,47.99,90.9
B06695,1389,3.65,4.52,46.3,84.9,37.09,67.28
B06696,1793,3.73,3.55,34.6,103.3,33.0,64.68
B06697,673,3.21,1.14,38.0,59.2,42.27,84.95
B06698,490,3.66,0.86,21.5,44.7,46.03,89.36
B06699,1199,4.0,1.26,27.8,82.0,37.59,76.13
B06700,1631,4.08,0.99,36.2,98.9,34.09,65.24
B06701,1219,3.95,4.34,28.9,77.4,37.36,76.16
B06702,1015,3.43,2.98,27.8,73.5,39.98,79.28
B06703,1527,4.19,4.38,49.4,87.1,35.33,66.4
B06704,1831,4.08,3.62,42.6,100.1,32.65,61.83
B06705,1290,3.26,0.84,26.7,78.1,36.36,73.3
B06706,1080,4.03,1.61,28.4,73.3,38.99,77.01
B06707,1587,3.39,1.47,24.9,89.5,33.51,69.7
B06708,898,3.99,3.13,38.1,65.2,41.9,80.93
B06709,771,3.7,2.62,27.4,60.0,42.22,84.6
B06710,1753,3.92,1.76,41.5,100.0,32.76,61.32
B06711,524,3.51,3.62,38.5,55.9,45.07,88.18
B06712,1332,3.99,2.23,33.9,81.4,36.67,70.18
B06713,1550,3.75,1.78,34.6,90.3,35.44,68.29
B06714,1657,3.35,2.37,20.1,99.3,33.24,69.13
B06715,619,4.04,1.44,28.2,56.2,43.13,88.91
B06716,65,4.17,2.1,26.3,36.2,48.55,100.0
B06717,1492,3.87,2.64,25.3,93.1,34.57,69.11
B06718,1743,4.13,2.04,46.1,102.8,33.49,59.98
B06719,1722,3.54,0.81,44.4,100.6,32.22,61.31
B06720,67,3.85,2.76,31.3,33.0,49.98,98.87
B06721,238,3.94,1.08,39.7,36.6,46.79,92.84
B06722,494,3.26,3.63,25.7,47.2,44.27,91.01
B06723,145,4.12,2.11,21.8,35.9,48.0,96.07
B06724,1992,3.54,0.61,48.7,109.4,30.92,58.17
B06725,208,3.63,1.81,29.6,35.3,48.55,94.72
B06726,730,3.47,0.65,35.9,63.5,41.76,81.91
B06727,566,3.46,1.39,38.0,47.9,44.64,85.7
B06728,528,3.34,1.34,24.9,46.2,44.15,88.17
B06729,824,4.2,0.59,32.9,64.9,40.8,80.83
B06730,290,4.02,0.92,45.8,37.5,46.53,91.22
B06731,1815,4.19,4.31,44.0,102.5,31.93,62.18
B06732,670,3.58,3.6,35.0,58.8,43.07,86.5
B06733,475,3.46,4.93,24.1,52.2,44.42,91.16
B06734,1572,3.95,2.89,21.9,93.8,34.98,67.56
B06735,1130,3.76,3.82,43.1,74.8,38.98,74.9
B06736,773,3.25,4.85,32.4,58.0,43.17,83.4
B06737,1019,3.93,3.77,43.0,73.3,39.01,77.64
B06738,1785,3.58,4.45,22.3,104.5,32.84,63.74
B06739,1707,3.64,4.98,39.2,96.3,33.65,62.3
B06740,507,3.28,3.2,39.2,49.3,44.83,88.74
B06741,868,3.72,4.99,20.3,62.7,41.1,81.93
B06742,1333,3.87,1.19,48.1,87.9,36.02,68.45
B06743,215,3.56,3.23,42.5,37.0,46.91,94.56
B06744,903,3.97,3.2,31.5,61.7,40.6,80.34
B06745,1225,3.44,1.68,44.8,82.9,38.4,71.7
B06746,184,3.33,4.81,40.0,37.0,47.31,95.56
B06747,238,3.22,3.5,38.9,44.2,46.67,95.07
B06748,376,3.28,4.54,29.8,48.4,45.26,92.37
B06749,347,3.44,1.94,35.8,44.1,45.65,93.2
B06750,1755,3.42,4.36,36.0,98.2,32.18,64.56
B06751,1260,3.74,2.81,23.8,78.7,38.3,75.27
B06752,1927,3.57,4.98,26.9,105.0,30.47,61.82
B06753,1947,4.19,4.5,29.5,110.2,31.22,62.2
B06754,1292,3.52,3.36,39.6,81.3,36.85,70.04
B06755,430,3.96,1.94,32.0,50.4,45.77,90.71
B06756,801,3.22,1.92,44.9,65.2,41.27,79.13
B06757,1235,3.28,4.18,32.5,82.1,38.51,75.14
B06758,1444,3.91,2.88,27.6,92.5,35.5,69.09
B06759,955,3.91,1.62,39.5,63.4,39.87,80.67
B06760,1765,3.32,2.74,34.0,100.0,31.48,64.9
B06761,312,3.69,3.28,46.4,37.7,46.85,91.59
B06762,1523,3.25,1.08,30.0,87.8,34.98,70.22
B06763,1358,3.9,3.33,47.6,88.1,36.28,69.82
B06764,1137,3.88,0.75,33.3,79.4,39.62,76.43
B06765,1245,4.16,1.95,29.6,77.8,37.7,74.56
B06766,615,3.48,4.2,28.4,51.2,43.72,85.35
B06767,111,4.13,4.64,48.6,37.9,48.19,94.18
B06768,383,3.6,0.7,22.6,47.2,45.92,94.06
B06769,1269,3.7,1.52,44.1,75.8,37.1,72.05
B06770,849,3.47,4.18,48.6,61.8,41.66,79.03
B06771,828,4.01,4.48,36.7,63.4,42.57,82.96
B06772,492,3.36,0.64,29.1,53.6,44.39,89.73
B06773,735,3.57,4.92,26.7,58.3,42.18,86.57
B06774,459,3.64,4.71,25.5,53.3,46.11,89.89
B06775,1068,4.18,1.16,47.3,69.2,39.2,75.28
B06776,277,3.87,3.69,44.4,38.6,47.25,90.65
B06777,1540,3.64,4.0,38.4,90.7,35.07,68.35
B06778,1561,3.91,0.59,23.6,91.1,34.14,67.67
B06779,1629,3.27,3.2,38.1,90.7,33.17,64.13
B06780,826,4.18,1.55,41.6,64.6,42.13,79.45
B06781,1569,3.74,3.41,40.1,95.7,33.92,66.06
B06782,1712,3.21,4.6,20.2,100.0,33.25,68.17
B06783,754,4.08,1.88,27.0,56.5,42.92,83.18
B06784,1775,3.7,2.46,39.3,104.3,32.12,61.66
B06785,1055,3.35,3.48,31.1,70.7,40.02,79.05
B06786,1301,3.82,1.31,34.5,82.0,37.21,73.49
B06787,1926,3.78,4.37,43.3,104.3,31.69,60.31
B06788,1184,3.87,1.75,41.6,75.3,38.17,74.61
B06789,1636,3.51,2.69,29.5,90.5,34.06,65.62
B06790,949,3.62,1.6,35.1,71.3,40.52,81.2
B06791,793,3.24,4.43,30.8,59.2,41.15,85.23
B06792,249,3.29,2.45,32.5,38.3,48.5,92.2
B06793,52,3.54,4.05,30.2,28.6,50.26,99.53
B06794,1384,3.62,2.19,47.8,87.3,36.2,67.56
B06795,1632,3.67,3.33,20.6,100.1,33.01,69.34
B06796,519,4.2,4.09,35.1,47.9,43.91,86.13
B06797,3,3.32,4.13,25.7,30.4,50.51,98.65
B06798,1716,3.66,1.31,21.2,98.8,33.03,64.56
B06799,1640,4.06,1.4,48.5,92.8,34.06,61.88
B06800,678,3.45,4.14,24.5,52.5,42.62,86.93
B06801,740,3.39,4.96,40.8,61.7,42.12,81.64
B06802,365,3.82,4.08,21.0,43.9,45.69,94.5
B06803,1894,4.09,3.68,31.5,103.4,31.97,62.39
B06804,1090,3.27,0.53,40.3,75.5,39.49,74.86
B06805,1322,3.64,4.35,28.9,81.2,36.46,73.36
B06806,571,4.14,4.1,20.4,55.1,43.9,90.55
B06807,239,3.46,4.23,36.1,35.0,48.19,92.7
B06808,1568,3.61,4.87,42.5,94.2,33.97,65.72
B06809,1317,3.75,2.73,39.9,79.6,37.13,73.03
B06810,372,4.02,3.98,22.4,45.0,46.36,94.15
B06811,154,3.75,1.8,28.2,38.1,48.18,97.52
B06812,733,3.23,1.18,34.5,64.2,43.14,82.93
B06813,1118,3.52,1.23,31.5,79.7,38.89,77.32
B06814,460,3.96,3.05,39.7,49.6,44.49,89.61
B06815,1117,3.66,3.48,34.8,73.9,39.75,74.28
B06816,1902,3.52,3.94,29.6,108.3,30.8,59.79
B06817,1994,3.76,2.87,21.5,114.6,29.16,59.55
B06818,1391,3.56,1.23,47.0,82.2,36.35,67.43
B06819,1306,3.21,3.87,47.5,80.5,37.74,71.86
B06820,514,3.9,1.56,30.8,51.9,44.5,89.92
B06821,854,3.27,1.47,27.1,64.1,42.45,82.58
B06822,682,3.8,1.91,28.5,52.6,43.47,87.08
B06823,878,3.56,2.58,27.2,66.0,40.7,80.53
B06824,1809,3.25,4.08,38.4,100.2,32.42,60.58
B06825,1836,3.26,3.58,33.4,103.2,32.29,61.82
B06826,59,3.24,0.75,46.6,32.7,48.49,94.17
B06827,1211,3.57,1.6,32.0,80.5,38.59,74.9
B06828,1097,3.62,4.79,30.8,70.9,38.57,77.38
B06829,1993,4.15,1.87,39.7,111.6,30.77,57.74
B06830,456,3.47,3.12,20.2,46.3,45.58,90.61
B06831,647,3.82,0.7,28.5,56.1,43.18,87.77
B06832,235,3.3,0.92,43.0,36.2,48.34,91.45
B06833,1925,3.56,0.65,25.4,107.6,31.47,62.07
B06834,1811,3.93,2.73,45.0,97.7,32.89,60.54
B06835,131,3.72,1.93,22.1,38.0,48.85,99.33
B06836,1130,4.14,2.52,33.2,74.7,38.08,76.61
B06837,1373,3.39,2.91,34.3,89.6,37.05,69.28
B06838,711,3.41,0.55,38.0,59.2,43.28,83.77
B06839,100,4.01,4.33,29.4,38.4,49.12,97.13
B06840,1929,4.13,4.49,44.8,111.8,30.78,58.23
B06841,38,3.72,0.72,37.7,30.5,49.45,98.67
B06842,951,3.22,3.75,47.9,64.1,40.71,78.84
B06843,1426,3.78,1.75,46.1,89.8,35.79,70.23
B06844,1111,3.91,4.89,21.3,78.1,38.82,77.67
B06845,325,3.34,2.06,21.7,40.8,46.17,93.44
B06846,929,3.71,2.14,48.4,65.6,40.13,79.16
B06847,490,3.38,4.28,35.7,51.0,45.28,89.92
B06848,1,3.67,2.63,40.7,34.8,49.51,97.46
B06849,1451,4.0,2.07,31.5,87.1,34.56,71.31
B06850,353,3.88,3.45,32.7,47.7,45.87,93.74
B06851,384,4.16,4.08,42.7,41.0,46.6,87.99
B06852,264,3.48,4.87,48.6,42.9,47.21,90.5
B06853,1232,3.36,4.15,28.5,74.5,37.26,76.26
B06854,1085,3.59,4.73,36.1,69.1,39.34,76.48
B06855,193,3.83,0.86,22.6,35.9,48.42,96.26
B06856,1244,3.54,0.56,48.6,83.4,37.45,69.6
B06857,616,4.18,2.92,29.1,58.0,44.37,85.29
B06858,1513,3.89,4.3,44.2,90.0,35.21,65.98
B06859,283,3.44,3.91,30.7,45.9,47.92,95.31
B06860,1088,3.28,3.67,35.2,69.9,38.93,77.39
B06861,84,4.05,2.12,28.9,35.4,48.66,99.46
B06862,1097,3.73,3.44,30.8,73.1,40.02,77.55
B06863,1848,3.21,2.87,41.9,100.8,32.52,59.0
B06864,1474,3.21,1.34,33.9,86.8,34.31,67.43
B06865,138,4.12,1.1,23.1,38.0,48.03,99.22
B06866,1534,4.06,4.43,42.3,94.9,33.67,67.49
B06867,1941,3.82,2.2,34.0,112.0,30.33,58.25
B06868,1928,3.68,2.04,27.4,104.9,29.74,60.2
B06869,1778,3.93,0.59,43.0,96.3,33.08,60.65
B06870,328,3.92,2.77,26.4,39.6,46.92,92.34
B06871,1161,3.48,3.32,30.2,74.4,38.81,74.45
B06872,1813,3.47,0.83,44.6,104.7,32.05,59.12
B06873,469,3.39,3.32,49.8,47.0,45.16,88.39
B06874,1280,3.39,3.67,40.8,78.7,36.87,70.54
B06875,949,3.85,2.44,49.9,70.9,41.29,78.74
B06876,1997,3.5,1.3,32.4,112.7,30.46,59.63
B06877,643,4.17,0.52,44.3,59.1,43.68,86.13
B06878,203,3.24,4.25,27.0,41.6,47.96,94.39
B06879,710,3.76,5.0,20.5,57.6,43.54,84.77
B06880,143,3.4,2.33,36.1,37.3,49.07,95.34
B06881,318,4.13,0.86,30.9,42.7,46.73,91.68
B06882,1377,3.69,4.41,34.1,83.6,35.92,69.65
B06883,1688,3.82,2.33,26.3,92.8,32.83,66.39
B06884,1360,3.39,4.3,38.9,81.3,35.9,71.61
B06885,270,3.91,2.34,36.6,42.6,48.11,94.44
B06886,696,3.66,1.62,20.9,62.8,43.9,88.4
B06887,451,4.09,4.81,29.6,47.4,46.17,90.66
B06888,835,4.15,2.92,44.7,65.1,41.94,81.68
B06889,709,3.5,2.53,38.6,60.3,43.82,83.44
B06890,74,3.89,1.81,37.5,34.9,49.68,95.46
B06891,1932,3.7,0.6,42.8,110.7,29.82,60.3
B06892,1808,3.38,4.07,32.7,106.8,31.93,63.3
B06893,1873,3.44,3.09,45.1,104.2,30.8,58.81
B06894,1154,4.13,2.75,31.0,73.1,37.83,76.42
B06895,1257,3.3,1.63,48.4,81.5,37.26,73.09
B06896,191,3.25,2.84,38.6,34.4,47.68,92.6
B06897,1284,3.4,2.13,24.2,85.3,37.08,76.14
B06898,1446,3.87,1.7,44.7,91.0,34.97,68.56
B06899,1870,3.39,3.01,27.1,102.7,31.44,61.61
B06900,1159,3.36,4.24,25.5,77.7,38.31,75.04
B06901,1397,3.64,3.42,43.7,87.4,35.98,70.64
B06902,956,3.93,2.79,41.3,69.8,39.48,78.51
B06903,139,4.05,1.78,22.5,37.4,49.53,98.45
B06904,920,3.26,1.62,21.1,68.8,40.18,83.73
B06905,1174,4.12,3.8,29.2,72.5,37.94,73.89
B06906,906,3.32,2.7,48.0,71.0,41.7,79.9
B06907,1142,3.46,1.99,22.3,75.7,37.75,77.22
B06908,1439,3.6,1.99,46.7,90.8,35.25,67.7
B06909,880,3.51,2.43,49.4,69.8,40.33,77.43
B06910,1431,3.96,4.42,24.3,87.4,35.81,70.11
B06911,1496,3.41,0.83,38.1,91.2,35.55,69.05
B06912,1101,4.05,4.52,36.4,70.0,38.47,75.96
B06913,1978,3.29,1.73,43.0,112.3,31.03,58.67
B06914,1644,3.25,4.46,43.5,99.6,32.87,63.55
B06915,1561,4.18,1.63,31.6,90.6,34.98,67.68
B06916,1333,4.04,3.53,49.6,81.4,36.29,71.09
B06917,1311,3.58,2.27,37.6,78.8,37.88,73.26
B06918,1339,4.06,3.02,38.3,88.2,36.05,71.63
B06919,784,3.28,0.95,21.6,65.7,41.23,83.39
B06920,1194,3.51,2.01,48.5,75.9,37.43,73.27
B06921,1117,4.03,3.65,48.3,70.5,38.45,76.15
B06922,517,3.56,3.14,48.6,54.5,45.63,85.48
B06923,1838,3.82,1.4,45.2,105.7,30.67,61.89
B06924,64,3.92,1.26,23.3,32.6,49.9,97.06
B06925,1878,3.51,1.54,43.4,100.2,30.39,60.53
B06926,1208,3.42,1.63,41.6,75.9,38.37,73.89
B06927,287,3.56,4.84,22.5,46.0,48.04,95.6
B06928,470,3.31,0.76,36.4,51.3,44.37,88.98
B06929,1109,3.91,2.52,33.2,69.8,38.99,75.64
B06930,1163,3.71,2.4,36.1,75.4,38.57,77.06
B06931,1616,4.14,1.31,32.1,96.9,33.94,67.89
B06932,1905,3.95,3.79,49.8,103.8,31.43,57.91
B06933,1286,3.41,3.47,43.4,84.9,36.71,70.98
B06934,1061,4.0,2.15,29.6,70.2,38.47,76.55
B06935,199,3.48,3.4,31.4,37.2,47.29,96.91
B06936,1063,3.73,3.14,47.6,76.4,38.41,75.53
B06937,1627,3.29,4.08,47.0,95.9,33.32,63.84
B06938,414,3.55,0.78,41.7,51.5,45.51,88.58
B06939,379,3.48,1.33,42.2,44.8,45.48,88.05
B06940,169,3.52,0.7,39.5,39.2,49.12,95.5
B06941,774,3.46,2.7,39.5,57.7,42.87,83.6
B06942,1680,3.9,1.9,24.5,99.5,32.93,67.23
B06943,650,3.58,4.77,31.1,57.9,42.79,85.08
B06944,935,3.86,2.77,46.3,69.1,40.17,76.7
B06945,801,4.05,4.65,26.9,65.8,41.26,84.54
B06946,1608,3.49,2.95,21.3,96.8,34.9,68.47
B06947,685,4.03,2.91,37.1,54.3,42.41,85.72
B06948,785,3.81,2.31,22.9,63.6,41.19,83.59
B06949,128,4.03,4.95,27.5,38.2,48.38,97.25
B06950,1483,3.79,0.96,29.4,87.6,35.57,70.15
B06951,608,3.44,2.84,27.2,56.3,43.83,87.64
B06952,1945,4.11,1.98,31.8,105.3,29.92,58.74
B06953,423,3.62,1.86,38.7,47.8,46.18,89.17
B06954,1563,4.13,1.46,39.5,91.1,34.9,64.9
B06955,911,3.85,1.87,45.8,68.9,40.93,79.21
B06956,833,3.67,0.55,22.0,60.6,41.74,82.61
B06957,1508,3.23,4.39,43.8,87.1,34.45,67.45
B06958,1570,3.39,3.07,27.0,89.3,34.44,69.41
B06959,1744,4.12,4.56,45.3,101.5,33.46,61.49
B06960,1553,3.56,1.26,23.4,90.8,33.61,67.37
B06961,1488,4.03,2.72,44.1,92.6,36.05,66.74
B06962,1858,3.81,0.64,33.8,101.4,31.21,62.5
B06963,1638,3.91,0.88,31.4,92.4,32.82,65.58
B06964,764,3.49,4.18,29.9,63.0,42.6,82.0
B06965,1137,3.22,0.78,36.3,78.0,38.26,73.83
B06966,490,3.57,4.44,31.8,53.9,44.83,89.63
B06967,1812,4.15,4.61,28.2,99.9,31.16,64.44
B06968,1381,3.69,2.48,29.3,88.7,37.04,72.81
B06969,874,3.94,4.19,45.8,64.2,41.62,80.84
B06970,293,3.89,1.13,20.6,41.1,47.47,96.69
B06971,1386,3.86,2.21,32.3,88.3,35.6,72.17
B06972,705,4.16,2.84,33.7,59.0,43.77,85.71
B06973,1614,3.46,4.62,27.6,94.6,33.6,65.93
B06974,1788,3.42,4.49,27.1,100.7,31.2,64.15
B06975,157,4.09,2.0,49.3,39.0,49.38,93.23
B06976,1277,3.8,1.83,45.7,85.3,36.53,70.48
B06977,1145,3.75,0.6,24.6,75.0,38.44,78.9
B06978,1528,4.1,1.34,47.3,88.8,34.08,65.02
B06979,1212,3.52,2.65,33.9,80.9,37.29,74.37
B06980,1215,3.42,3.67,32.5,82.7,38.58,74.82
B06981,668,3.67,2.48,36.8,52.4,43.08,86.39
B06982,670,3.29,2.16,23.7,57.3,43.5,87.18
B06983,1360,4.07,4.71,20.2,80.1,35.67,71.89
B06984,507,4.1,4.23,48.1,46.3,45.81,84.75
B06985,1126,3.58,3.88,24.5,70.9,38.76,78.76
B06986,1508,4.12,0.95,20.7,86.7,35.85,69.61
B06987,254,4.07,3.75,33.9,45.1,47.96,95.34
B06988,881,3.49,3.54,30.5,64.7,41.47,79.59
B06989,1976,4.1,2.83,49.1,112.2,29.63,55.28
B06990,1707,3.29,3.11,36.2,99.0,32.35,65.72
B06991,1327,3.87,3.9,25.2,79.7,36.04,72.36
B06992,750,4.03,0.73,35.3,58.9,42.42,82.67
B06993,57,4.06,1.2,33.8,34.9,49.38,98.96
B06994,398,3.24,4.45,25.3,45.8,46.52,91.45
B06995,1817,4.01,2.09,39.1,106.1,32.22,61.41
B06996,697,4.04,1.24,22.5,56.1,42.41,84.98
B06997,1848,3.93,4.62,44.5,107.3,31.2,60.04
B06998,1109,3.46,1.36,39.2,77.3,38.06,73.84
B06999,322,3.84,4.01,25.2,42.2,46.65,91.55
B07000,1768,3.36,4.99,36.8,98.1,31.75,63.47
B07001,231,4.11,0.73,27.9,39.8,47.14,93.0
B07002,31,3.34,1.6,41.8,28.2,49.64,97.51
B07003,338,4.04,2.32,39.1,43.3,47.6,90.14
B07004,1904,4.01,3.93,43.6,106.9,31.17,58.83
B07005,637,3.8,4.53,43.3,51.1,44.15,84.5
B07006,712,3.76,2.93,25.4,60.6,42.11,85.82
B07007,1790,3.64,3.85,25.2,102.9,32.26,64.14
B07008,1806,4.11,2.12,26.5,98.1,31.39,64.58
B07009,105,4.02,4.71,23.1,38.9,49.42,100.0
B07010,1647,4.06,1.93,42.1,96.0,32.71,64.73
B07011,1276,4.05,4.74,45.5,83.4,36.98,72.29
B07012,311,4.09,2.81,48.2,45.6,46.84,88.72
B07013,692,3.32,4.81,40.7,58.9,43.31,83.83
B07014,341,3.37,1.6,33.4,45.1,47.37,92.36
B07015,1761,3.47,2.78,37.8,100.1,32.01,62.65
B07016,817,3.76,4.6,32.0,65.4,41.15,83.76
B07017,211,3.81,1.14,40.3,36.3,46.91,92.41
B07018,996,3.77,3.62,20.2,72.7,39.83,80.59
B07019,1772,3.49,4.66,47.5,100.1,32.63,59.57
B07020,406,4.12,1.9,27.8,48.8,45.3,92.27
B07021,1532,4.1,3.11,30.1,87.7,34.95,70.3
B07022,476,3.41,0.5,46.1,53.4,45.59,86.45
B07023,515,4.09,2.7,46.9,49.7,45.74,86.96
B07024,278,3.43,3.48,28.0,41.6,46.34,92.76
B07025,861,3.26,2.9,30.4,68.7,41.43,82.67
B07026,633,3.75,3.53,40.0,51.5,43.08,84.52
B07027,1729,3.86,2.39,31.7,95.8,33.2,63.7
B07028,1204,4.11,3.71,38.3,76.7,37.39,73.7
B07029,586,3.93,0.79,42.8,52.2,44.6,83.81
B07030,1777,3.26,2.56,24.8,102.2,32.89,62.82
B07031,417,3.45,1.13,29.3,46.9,45.8,89.44
B07032,394,3.72,4.24,24.0,48.8,46.7,92.9
B07033,1518,3.7,2.71,25.2,90.7,34.35,70.49
B07034,213,4.08,3.28,41.1,43.3,48.83,93.62
B07035,933,3.7,3.37,43.8,71.6,41.22,79.9
B07036,1562,3.56,4.0,20.1,91.3,34.39,71.31
B07037,825,3.68,2.11,20.1,66.4,42.14,84.75
B07038,1119,3.33,4.83,30.8,73.1,38.97,74.83
B07039,605,4.0,4.91,40.5,52.3,43.06,84.42
B07040,21,3.4,3.71,31.0,31.8,49.97,97.2
B07041,320,3.49,3.02,47.7,47.7,47.78,91.83
B07042,1470,3.39,3.62,39.9,86.9,36.11,68.38
B07043,659,3.99,2.63,40.3,56.4,42.8,85.31
B07044,973,3.45,2.79,43.1,71.3,40.09,79.79
B07045,367,3.99,3.0,47.9,43.2,46.85,90.21
B07046,1956,3.54,1.43,45.3,109.9,31.33,56.73
B07047,1294,3.57,2.92,39.8,84.4,36.9,70.02
B07048,88,3.94,4.43,37.9,29.7,49.18,97.07
B07049,660,3.2,3.09,47.9,53.7,42.94,84.72
B07050,1133,3.36,2.56,37.8,77.3,38.29,75.54
B07051,1253,3.37,2.96,48.4,81.6,38.02,71.72
B07052,342,3.87,3.64,49.7,43.5,46.18,90.66
B07053,1917,4.17,3.72,21.9,107.0,31.17,61.2
B07054,1115,4.06,3.84,40.5,75.1,38.89,75.57
B07055,1602,3.99,2.84,39.1,92.8,34.56,67.17
B07056,1701,4.18,2.17,43.2,100.3,32.19,62.91
B07057,273,3.93,0.9,33.6,41.9,47.49,94.04
B07058,1316,3.68,1.51,27.4,80.4,36.25,73.03
B07059,1362,3.47,4.26,47.4,82.6,35.82,69.94
B07060,1806,3.53,0.79,20.6,105.9,31.44,62.72
B07061,802,3.64,2.33,20.6,61.8,42.79,86.2
B07062,1101,3.36,3.45,28.6,77.4,38.34,78.26
B07063,1745,3.28,2.51,28.1,102.2,32.27,63.8
B07064,710,3.58,4.61,21.1,63.0,42.65,85.18
B07065,672,3.89,0.63,43.4,57.2,42.34,85.6
B07066,348,3.66,1.8,25.8,39.9,46.08,93.3
B07067,653,3.33,2.68,22.8,60.2,43.36,85.29
B07068,1892,3.28,0.82,40.7,101.1,30.41,58.32
B07069,70,3.58,3.59,20.9,31.9,48.39,99.46
B07070,1251,3.98,4.7,44.5,81.9,37.17,72.77
B07071,241,3.37,1.61,47.5,39.8,47.19,90.66
B07072,1980,3.99,4.97,28.3,107.7,30.39,58.98
B07073,1020,4.02,4.76,41.2,75.5,39.43,76.13
B07074,1153,3.8,3.96,28.7,76.7,39.22,74.92
B07075,621,3.69,3.48,34.6,56.5,44.47,85.97
B07076,892,3.32,0.58,48.3,64.1,40.4,78.57
B07077,1618,4.18,1.31,48.0,94.9,34.0,65.66
B07078,1200,3.93,1.85,33.5,79.8,37.32,74.83
B07079,1604,4.0,3.89,49.0,92.4,33.06,66.09
B07080,68,3.36,0.97,27.4,30.5,48.82,97.13
B07081,1006,3.33,1.36,34.3,67.1,39.47,78.38
B07082,1452,3.74,4.79,27.2,91.2,36.39,69.24
B07083,904,4.14,2.75,38.9,66.2,40.76,81.3
B07084,1370,3.56,3.93,39.6,82.4,35.53,69.75
B07085,242,3.55,4.49,37.5,43.8,47.96,93.47
B07086,1132,3.74,2.3,25.6,75.4,38.04,76.65
B07087,693,4.03,2.18,25.7,56.4,43.87,85.14
B07088,499,3.6,2.07,21.6,53.0,45.51,91.36
B07089,1183,3.5,1.89,44.8,82.3,37.24,73.42
B07090,344,3.76,3.37,29.7,39.3,46.4,92.42
B07091,407,3.88,3.0,38.5,44.5,46.64,91.72
B07092,1425,3.61,2.07,21.8,84.8,34.87,70.63
B07093,1863,3.81,3.11,34.6,107.3,31.9,59.71
B07094,1310,3.8,2.28,36.0,78.5,36.55,71.74
B07095,183,3.77,2.32,27.2,32.9,47.68,94.67
B07096,477,3.48,1.49,30.8,46.5,45.05,90.52
B07097,661,3.36,2.17,20.8,58.4,42.98,87.31
B07098,1026,3.34,2.9,22.3,75.1,40.51,79.14
B07099,1416,3.35,3.69,37.9,84.4,35.21,68.56
B07100,680,3.48,2.51,25.7,52.6,42.54,85.72
B07101,338,4.0,4.95,45.8,47.3,45.8,91.69
B07102,1912,3.77,4.26,34.8,105.4,30.95,60.51
B07103,1714,3.2,2.99,30.2,96.7,32.08,63.59
B07104,865,3.2,3.67,42.2,64.3,41.95,79.63
B07105,1192,3.44,4.27,27.2,75.9,37.67,76.76
B07106,666,4.18,2.53,21.2,52.2,43.82,87.21
B07107,1099,3.64,3.95,29.6,75.6,38.72,75.82
B07108,614,3.49,3.95,35.6,57.5,44.6,84.6
B07109,1367,3.89,1.99,40.0,82.4,36.73,72.09
B07110,1561,3.7,0.83,39.3,91.9,33.74,67.79
B07111,1632,4.17,1.24,43.9,93.1,33.23,65.13
B07112,1767,4.15,2.08,36.1,96.9,32.68,63.07
B07113,436,3.6,3.73,38.0,45.5,45.57,88.96
B07114,1533,4.18,4.32,49.1,96.2,34.56,64.78
B07115,1521,3.74,3.72,43.0,91.3,35.7,66.48
B07116,1015,3.94,1.16,26.1,71.4,39.5,79.81
B07117,522,3.58,1.4,20.6,48.4,45.08,90.84
B07118,1029,3.76,4.09,38.7,75.8,39.4,75.61
B07119,21,4.11,3.54,36.7,25.9,49.73,97.5
B07120,1303,3.95,2.85,20.8,85.1,37.38,74.44
B07121,1256,3.25,3.6,28.8,79.1,37.16,76.02
B07122,1020,3.87,4.94,42.8,68.3,39.86,76.31
B07123,1283,4.05,2.97,23.8,82.9,37.63,73.44
B07124,1814,4.05,1.52,28.5,104.5,31.54,64.06
B07125,1692,3.38,2.11,23.8,100.9,32.74,66.75
B07126,931,3.79,0.92,47.4,69.0,40.11,78.2
B07127,1837,3.87,1.16,24.0,104.2,30.87,62.85
B07128,584,4.01,1.76,49.3,55.8,43.5,83.51
B07129,706,4.12,1.11,48.0,57.5,42.96,81.41
B07130,457,3.89,2.69,47.5,48.8,45.67,85.54
B07131,1574,3.63,4.7,39.1,96.1,35.21,68.27
B07132,870,3.64,1.54,35.4,65.9,40.98,82.2
B07133,1275,3.68,3.09,47.0,84.4,36.5,70.76
B07134,790,3.99,1.06,25.3,65.8,41.76,82.71
B07135,1372,3.63,0.56,38.9,85.9,35.77,68.82
B07136,302,3.7,3.42,22.7,39.4,47.49,92.96
B07137,1492,3.47,0.66,44.9,93.2,34.94,68.9
B07138,924,4.07,2.13,43.4,65.4,40.55,79.36
B07139,1877,3.5,1.64,28.3,106.1,30.32,63.37
B07140,1739,3.92,3.6,47.4,96.9,32.64,63.63
B07141,764,3.56,2.89,28.3,57.5,42.96,83.35
B07142,740,3.49,1.33,27.6,57.9,42.0,85.33
B07143,545,4.11,0.8,35.9,50.6,44.99,87.67
B07144,219,4.01,2.55,34.6,36.1,47.22,93.79
B07145,1814,3.58,3.5,45.7,106.7,30.97,58.68
B07146,283,3.87,4.53,44.0,46.1,46.28,92.04
B07147,1132,3.33,1.77,28.7,77.3,39.27,77.75
B07148,904,3.22,2.05,39.7,68.3,41.69,81.41
B07149,1011,4.17,4.11,32.5,72.0,39.3,78.68
B07150,1759,3.27,1.93,39.3,102.7,32.23,63.8
B07151,71,3.92,3.33,46.9,31.7,49.94,93.54
B07152,228,3.22,4.32,26.1,40.2,47.46,93.36
B07153,1743,4.1,4.81,50.0,97.8,33.01,61.61
B07154,1917,3.6,3.25,41.9,107.7,30.86,61.12
B07155,366,3.99,4.74,36.9,44.0,45.72,91.45
B07156,1940,3.82,1.55,27.5,107.7,30.45,60.2
B07157,1754,4.03,4.76,29.9,96.0,33.34,65.62
B07158,1720,3.28,1.59,33.5,95.7,32.45,65.67
B07159,920,4.13,0.74,31.3,65.2,39.89,79.64
B07160,1439,3.72,1.38,31.9,89.3,35.45,68.71
B07161,1855,3.26,1.08,27.4,100.5,32.03,63.94
B07162,1028,3.52,2.99,45.5,69.2,39.98,77.45
B07163,959,3.34,4.83,46.5,66.2,41.06,77.98
B07164,90,4.05,4.06,42.9,34.8,48.47,93.91
B07165,415,3.6,3.61,44.0,51.4,46.67,90.36
B07166,225,3.73,1.7,22.2,41.4,48.22,95.47
B07167,1866,4.05,3.05,27.4,106.3,30.69,63.05
B07168,1335,3.27,1.01,49.8,78.6,37.39,71.57
B07169,1191,3.71,4.05,49.5,77.4,39.07,74.42
B07170,646,3.51,3.74,22.2,57.9,43.73,87.63
B07171,1934,3.47,2.43,35.3,111.0,30.26,57.87
B07172,1038,3.99,4.37,34.9,66.8,40.06,77.9
B07173,1500,3.5,4.36,42.6,92.4,34.98,66.89
B07174,1383,3.62,3.49,44.5,87.1,36.91,71.22
B07175,149,4.17,0.5,31.9,32.7,48.22,95.05
B07176,6,4.15,1.89,27.9,27.1,50.03,99.82
B07177,1649,3.5,0.93,26.3,91.0,33.28,66.45
B07178,770,3.46,4.97,44.3,65.7,41.61,80.55
B07179,1236,3.65,1.64,43.2,84.4,38.13,73.01
B07180,154,3.47,1.71,38.9,41.0,49.01,96.81
B07181,230,4.04,1.52,49.9,37.3,47.94,90.49
B07182,34,4.05,1.03,34.3,34.5,49.27,96.82
B07183,1721,3.96,3.1,24.5,100.0,33.09,65.27
B07184,1428,3.75,4.92,45.3,84.9,35.13,67.31
B07185,1668,4.05,0.97,28.8,101.5,32.83,64.9
B07186,1591,3.97,0.74,32.2,92.3,33.25,66.77
B07187,732,3.37,0.57,40.6,58.6,43.41,81.57
B07188,1159,4.11,2.72,26.2,72.1,37.72,75.56
B07189,1563,3.4,3.91,45.9,92.8,33.98,63.72
B07190,1145,3.63,3.66,45.5,70.9,38.62,74.97
B07191,1351,4.04,1.97,42.7,88.2,36.75,72.07
B07192,1384,4.11,4.04,47.2,86.4,35.73,67.04
B07193,672,3.93,4.45,21.9,51.9,43.59,86.57
B07194,384,3.39,3.07,26.5,43.9,45.52,90.96
B07195,1816,3.23,4.33,29.5,97.6,31.69,63.43
B07196,529,3.35,0.66,46.4,55.6,44.13,85.49
B07197,688,4.13,4.11,30.5,54.4,43.11,84.35
B07198,1565,4.09,4.8,46.0,96.6,33.92,67.3
B07199,1219,3.81,4.58,42.3,76.8,38.57,74.87
B07200,1116,3.34,0.61,32.1,72.4,38.03,76.45
B07201,1354,3.91,0.96,38.2,88.8,36.09,70.55
B07202,828,4.14,3.52,41.1,62.5,42.54,79.72
B07203,913,4.08,1.88,24.7,63.6,40.98,83.24
B07204,1331,3.62,1.23,44.0,82.7,36.43,71.91
B07205,446,3.36,4.71,20.1,51.0,44.81,90.05
B07206,1462,3.97,1.89,46.2,83.6,34.86,67.76
B07207,1224,3.98,3.65,23.9,77.6,37.79,74.78
B07208,278,3.35,4.96,43.4,44.4,48.17,90.91
B07209,518,3.85,3.39,41.9,55.2,43.92,86.22
B07210,1796,3.45,0.98,48.7,105.4,31.32,61.89
B07211,1007,3.54,1.85,22.3,70.2,39.67,81.16
B07212,1309,3.8,3.32,48.9,78.0,37.63,71.79
B07213,190,3.55,1.0,38.0,42.1,47.11,95.92
B07214,374,4.13,1.62,46.3,40.2,46.57,88.72
B07215,1348,3.71,1.1,38.9,88.8,37.02,69.4
B07216,593,3.85,4.13,30.5,52.7,44.73,86.27
B07217,728,4.19,2.13,43.0,60.0,43.03,83.52
B07218,1413,3.78,1.13,45.1,88.7,36.8,67.23
B07219,138,3.39,2.59,22.4,39.1,47.66,99.55
B07220,1314,4.02,4.04,47.9,81.3,37.58,70.35
B07221,217,3.61,0.57,24.5,43.6,48.72,94.76
B07222,1293,3.2,3.85,29.4,76.7,36.78,74.9
B07223,1051,3.88,0.58,49.2,74.2,40.17,74.08
B07224,1284,3.42,3.31,29.3,79.0,37.96,72.63
B07225,661,3.32,3.72,20.4,55.9,42.73,89.32
B07226,1196,3.51,2.36,39.5,74.4,37.28,75.11
B07227,1670,3.98,2.7,39.8,98.2,33.78,64.2
B07228,1105,3.26,1.98,36.5,79.0,39.14,75.61
B07229,1602,3.54,4.56,48.0,91.7,34.21,65.9
B07230,458,3.52,2.23,42.5,45.6,44.75,89.08
B07231,599,3.55,4.66,41.9,55.2,43.46,87.11
B07232,909,3.41,1.93,49.4,69.2,40.47,80.15
B07233,1464,3.31,3.49,46.2,89.9,34.71,65.58
B07234,253,3.45,2.08,43.6,44.0,46.83,90.71
B07235,1844,4.2,1.15,45.4,103.6,32.02,58.34
B07236,1938,3.31,2.06,26.4,103.1,30.42,62.64
B07237,1255,3.99,3.24,38.9,81.8,37.63,71.6
B07238,99,3.83,1.3,48.7,34.2,49.58,93.87
B07239,899,3.68,4.05,30.5,66.6,40.46,82.85
B07240,1075,3.75,3.98,42.4,69.2,38.67,76.38
B07241,1295,3.61,1.61,23.5,77.7,38.03,74.23
B07242,1902,4.09,0.67,44.3,110.7,31.45,58.38
B07243,1402,3.9,1.66,28.3,84.3,36.95,69.78
B07244,334,3.91,2.23,31.2,38.7,47.64,91.81
B07245,213,3.44,1.02,26.6,40.0,48.53,96.6
B07246,241,4.19,3.33,36.2,44.2,48.29,94.91
B07247,1705,3.25,4.49,44.5,93.3,32.04,61.46
B07248,208,3.58,0.94,27.2,39.7,48.61,96.35
B07249,674,3.85,3.53,21.7,54.3,44.22,88.61
B07250,1392,3.75,2.43,39.3,89.2,35.41,69.52
B07251,1704,3.21,1.3,30.8,103.0,33.28,66.7
B07252,397,4.05,1.49,24.7,45.6,46.48,91.77
B07253,537,3.56,1.84,31.0,50.4,44.46,89.9
B07254,40,4.11,4.18,33.7,30.9,49.96,98.2
B07255,1373,3.51,1.12,23.3,88.0,36.54,71.3
B07256,1174,3.71,3.94,28.4,79.6,39.03,76.92
B07257,36,3.85,2.88,36.4,30.1,49.13,95.59
B07258,1804,4.04,1.31,44.8,99.1,31.02,60.48
B07259,909,3.67,4.05,33.3,68.1,41.83,81.82
B07260,121,3.72,1.56,25.2,34.2,49.72,97.62
B07261,1408,3.27,1.98,36.2,85.6,34.98,71.55
B07262,1145,3.84,1.45,44.7,74.8,37.56,74.65
B07263,1295,3.96,2.45,26.3,83.4,36.76,73.91
B07264,799,4.1,4.86,29.9,57.1,42.02,84.73
B07265,947,4.04,1.57,42.8,71.3,40.34,77.2
B07266,432,3.89,0.99,39.3,49.4,45.37,89.94
B07267,329,3.32,3.12,31.2,44.4,46.35,92.62
B07268,918,4.0,4.59,33.9,65.8,40.98,80.84
B07269,26,3.51,3.92,33.1,30.0,49.22,98.73
B07270,1261,3.88,3.48,39.0,76.7,37.25,72.53
B07271,1877,3.43,0.62,35.9,107.9,30.8,59.97
B07272,681,3.63,3.84,37.4,57.2,42.92,86.06
B07273,486,3.86,2.81,34.7,51.0,45.02,87.66
B07274,1102,3.26,2.26,25.5,78.4,38.04,76.08
B07275,1052,3.51,4.29,21.4,69.9,39.64,80.94
B07276,778,3.66,2.28,31.4,65.6,42.38,84.05
B07277,263,3.43,4.71,31.7,37.2,47.82,93.18
B07278,626,3.87,3.42,44.4,56.8,43.52,82.59
B07279,495,4.18,1.78,37.0,53.4,44.81,86.39
B07280,1208,4.06,2.5,24.4,76.7,37.33,74.35
B07281,1484,3.77,4.27,22.7,93.8,34.2,70.7
B07282,1756,3.86,0.57,45.3,95.6,32.96,59.92
B07283,284,4.09,4.03,35.9,38.3,46.31,94.2
B07284,123,4.0,0.82,29.5,38.6,48.23,96.28
B07285,402,3.89,1.65,21.4,49.8,46.97,91.44
B07286,997,4.16,3.76,28.0,67.4,40.68,78.68
B07287,1784,3.94,2.67,33.6,106.3,32.55,62.57
B07288,313,3.98,3.6,28.9,43.2,46.33,93.37
B07289,1993,3.58,3.73,42.8,108.9,29.47,57.86
B07290,1166,3.93,3.26,48.9,77.7,37.96,73.49
B07291,504,3.55,3.09,38.8,46.7,44.72,88.53
B07292,1116,4.12,4.21,49.6,76.1,39.74,73.79
B07293,472,3.91,2.92,29.1,53.4,46.21,91.03
B07294,79,3.53,1.56,40.2,34.4,49.99,95.18
B07295,806,3.63,3.02,35.1,59.7,42.68,83.57
B07296,1430,3.62,1.37,21.2,83.6,35.49,72.46
B07297,1526,3.3,1.51,45.1,89.7,34.04,67.84
B07298,1931,3.25,1.98,31.4,109.5,31.69,59.76
B07299,1071,4.15,3.35,40.0,71.0,40.23,77.49
B07300,1555,3.55,4.93,37.7,92.5,35.44,66.0
B07301,918,4.2,0.69,22.5,65.5,41.62,82.04
B07302,381,4.05,3.86,22.4,44.4,45.57,93.98
B07303,4,4.11,2.51,48.5,28.3,49.93,95.68
B07304,549,3.82,1.99,20.2,54.2,43.88,89.41
B07305,498,4.13,0.92,24.0,49.4,45.14,91.75
B07306,98,3.97,4.27,24.6,31.4,49.1,98.04
B07307,1682,3.86,2.61,21.8,97.5,33.21,67.29
B07308,497,3.45,0.63,40.9,54.2,44.08,87.18
B07309,782,3.8,4.66,46.0,59.9,42.72,80.09
B07310,765,4.0,3.07,43.4,61.9,42.67,80.86
B07311,1805,3.51,2.43,25.0,104.2,31.17,65.69
B07312,1696,3.67,4.34,40.1,98.4,32.83,61.84
B07313,1232,3.92,4.43,42.4,78.5,38.66,74.02
B07314,1793,3.49,1.1,43.5,96.9,31.65,63.09
B07315,849,4.13,2.65,36.1,67.5,42.19,80.16
B07316,1204,3.84,2.72,24.8,79.5,37.91,76.39
B07317,13,3.62,1.96,43.6,30.8,50.09,95.97
B07318,1071,3.24,2.13,41.5,73.4,39.04,74.65
B07319,1577,3.33,4.42,22.0,93.7,35.1,67.68
B07320,88,4.2,2.1,31.8,35.7,49.39,97.34
B07321,1742,3.51,4.44,37.5,97.8,33.4,62.3
B07322,1066,3.21,0.69,32.1,69.4,38.42,77.24
B07323,847,3.23,3.38,23.9,66.1,40.57,82.15
B07324,1211,4.19,3.89,46.5,76.2,37.72,71.71
B07325,1448,3.64,1.47,48.0,90.9,35.56,65.71
B07326,1983,4.1,3.77,28.8,113.0,29.92,59.98
B07327,535,4.0,4.06,32.2,53.4,44.08,87.71
B07328,1766,3.57,1.57,46.4,100.0,33.13,61.42
B07329,92,3.43,4.97,46.1,35.3,48.24,94.37
B07330,1028,3.95,1.78,30.0,75.8,39.17,77.5
B07331,1042,3.51,1.75,48.6,71.5,39.73,76.28
B07332,598,4.14,4.36,20.5,50.2,44.25,89.91
B07333,1467,3.41,3.49,39.3,92.4,35.84,70.38
B07334,746,3.39,4.76,33.8,60.2,41.64,83.03
B07335,1807,3.7,0.52,30.5,101.9,32.52,63.14
B07336,260,3.76,1.64,32.0,41.4,48.08,94.5
B07337,1027,4.1,4.82,44.4,69.7,40.13,78.35
B07338,1555,3.8,2.47,21.3,89.0,33.73,69.33
B07339,1336,3.45,1.27,30.6,87.7,35.79,71.31
B07340,350,3.38,1.44,38.4,45.4,47.16,89.99
B07341,1112,3.75,4.97,41.8,74.5,39.86,73.58
B07342,1066,3.67,2.74,22.3,76.4,39.81,80.88
B07343,456,4.14,4.12,23.9,47.3,45.65,89.94
B07344,914,3.8,0.51,41.4,65.0,40.3,78.33
B07345,754,3.62,2.51,39.1,57.2,42.95,82.69
B07346,1950,4.04,2.81,46.7,110.6,29.9,56.48
B07347,121,3.7,4.97,46.9,36.5,49.71,95.85
B07348,1388,3.49,4.25,22.1,80.6,35.24,73.87
B07349,1470,4.06,0.53,26.1,85.7,35.89,72.32
B07350,1962,3.7,3.26,24.1,104.3,31.13,62.85
B07351,1360,3.8,4.31,41.4,85.6,36.13,68.97
B07352,1524,3.97,2.4,36.1,87.6,33.9,67.18
B07353,1548,4.01,4.17,45.4,88.4,34.5,65.24
B07354,1891,3.44,4.31,40.8,104.8,31.18,60.48
B07355,1930,4.1,4.07,40.2,111.7,30.91,60.91
B07356,1480,3.62,3.97,40.5,89.2,34.44,67.42
B07357,1532,3.49,3.38,21.2,92.6,34.38,69.09
B07358,1628,3.26,1.97,42.1,96.0,34.2,65.68
B07359,359,3.84,0.76,36.4,46.2,45.73,91.63
B07360,1789,3.29,3.71,37.7,105.7,32.84,63.81
B07361,451,3.51,1.43,25.3,46.3,46.18,92.07
B07362,831,3.89,4.36,35.5,58.4,41.87,83.13
B07363,851,3.33,3.12,39.5,60.6,40.78,81.8
B07364,1388,4.09,3.75,24.9,82.6,36.67,72.43
B07365,1765,4.01,1.89,40.4,95.6,33.06,62.42
B07366,982,3.81,4.19,23.5,69.9,40.29,79.79
B07367,1514,3.88,2.82,20.5,95.5,35.55,68.65
B07368,1232,4.19,3.48,38.5,78.9,37.45,71.77
B07369,348,4.15,4.08,23.4,42.8,47.42,93.23
B07370,334,4.08,0.96,37.6,46.0,47.22,91.63
B07371,1774,3.6,2.8,46.2,96.4,33.17,60.13
B07372,1426,3.33,1.99,49.2,82.4,34.93,68.1
B07373,1202,4.07,0.79,40.7,74.0,37.14,73.34
B07374,733,3.5,0.51,42.9,60.4,43.04,81.15
B07375,472,3.45,4.4,22.9,48.1,45.92,91.31
B07376,856,3.99,3.77,24.8,63.1,41.12,84.44
B07377,78,3.9,2.16,46.8,33.7,49.36,94.21
B07378,1275,3.29,4.47,31.0,85.7,36.85,73.21
B07379,1779,3.87,4.37,49.1,98.3,31.22,58.84
B07380,894,3.74,1.56,32.4,63.3,40.69,79.49
B07381,162,3.53,1.24,43.0,32.2,48.32,93.53
B07382,1587,3.83,2.72,35.9,95.1,34.89,65.65
B07383,1190,3.8,2.51,32.2,82.2,37.51,74.7
B07384,668,3.75,1.9,35.5,58.7,44.07,84.82
B07385,725,3.7,3.52,35.3,56.7,43.16,84.47
B07386,716,3.49,2.22,44.9,63.6,43.67,84.12
B07387,714,4.19,3.92,49.1,63.2,42.02,82.44
B07388,1255,4.02,0.73,49.2,80.8,37.81,70.28
B07389,951,3.86,3.22,31.9,66.8,40.32,78.35
B07390,257,4.12,2.69,23.4,37.9,47.54,93.83
B07391,1214,4.18,1.02,43.7,75.6,38.51,71.05
B07392,168,3.58,2.13,33.3,34.4,48.63,94.04
B07393,1481,3.92,3.31,32.8,87.4,36.04,67.7
B07394,1961,3.61,1.9,38.2,106.1,31.12,57.01
B07395,236,3.49,2.55,43.9,36.2,46.65,91.58
B07396,901,3.73,3.75,45.8,68.2,41.12,79.29
B07397,1559,3.41,4.41,28.9,97.2,34.96,69.39
B07398,1390,4.17,0.72,38.0,88.8,35.43,69.14
B07399,1152,3.27,0.96,45.3,76.1,38.42,75.36
B07400,1227,4.11,4.17,32.6,77.8,37.03,76.22
B07401,88,3.65,1.44,24.7,36.5,49.37,96.62
B07402,380,3.68,2.38,43.0,41.6,46.15,88.36
B07403,431,3.96,2.92,27.6,47.7,45.38,89.7
B07404,1574,3.76,4.85,28.8,91.9,34.02,66.8
B07405,1487,3.96,1.46,35.2,90.5,34.38,66.84
B07406,1142,4.05,3.49,41.7,78.3,39.14,76.08
B07407,1784,4.06,4.77,47.4,101.6,32.75,61.63
B07408,783,3.84,3.43,25.2,58.4,42.25,85.81
B07409,818,3.25,0.79,33.5,59.7,40.85,80.76
B07410,628,3.66,4.34,22.0,53.5,43.19,87.71
B07411,2000,3.65,1.51,38.8,112.5,30.12,58.48
B07412,1669,3.33,3.33,44.7,93.5,32.58,65.13
B07413,355,3.81,3.56,47.4,46.1,45.54,90.02
B07414,1121,3.44,3.09,46.6,74.8,38.08,75.51
B07415,1870,4.13,3.28,47.4,101.2,31.27,59.96
B07416,1886,4.04,4.66,24.1,105.8,30.67,64.12
B07417,1678,3.67,4.23,40.5,96.3,33.02,63.22
B07418,144,4.18,2.55,37.3,38.6,48.82,93.35
B07419,736,3.92,4.33,26.6,60.7,43.19,87.02
B07420,887,3.46,2.02,30.2,66.0,41.55,81.42
B07421,250,3.81,3.2,39.7,36.2,46.54,92.79
B07422,769,3.43,3.53,20.5,61.4,41.53,83.43
B07423,527,3.34,2.32,21.8,54.3,44.44,90.74
B07424,1670,3.63,2.79,49.2,92.4,33.27,63.25
B07425,1887,3.5,0.94,33.0,108.4,30.71,61.45
B07426,1727,3.82,4.45,31.6,95.3,31.76,66.02
B07427,1307,4.05,3.74,24.3,78.8,37.5,72.33
B07428,815,3.43,1.86,29.9,66.7,41.46,84.53
B07429,1370,3.84,3.32,36.2,82.0,35.64,71.38
B07430,1214,3.55,1.98,39.6,77.4,37.02,72.36
B07431,1272,3.31,3.38,24.9,83.5,36.98,75.53
B07432,473,3.88,0.71,47.5,44.9,44.43,85.75
B07433,1072,3.51,2.19,27.9,73.6,38.93,79.86
B07434,767,3.56,2.98,48.3,64.3,43.19,79.41
B07435,187,3.27,4.84,40.5,40.1,47.59,93.79
B07436,149,3.86,4.72,49.2,39.2,48.57,93.13
B07437,204,3.58,1.87,39.8,40.4,47.22,94.95
B07438,489,3.4,2.46,29.8,54.1,44.33,91.31
B07439,1642,3.24,2.92,36.0,90.9,34.1,67.32
B07440,75,4.05,3.73,34.4,33.3,49.31,96.18
B07441,1799,4.06,1.43,21.1,100.0,32.54,66.04
B07442,432,3.23,1.32,37.9,43.4,45.6,88.26
B07443,1113,4.0,0.82,49.5,74.9,38.35,73.53
B07444,1665,3.47,4.09,28.7,97.6,33.18,66.21
B07445,1743,3.77,1.66,40.9,103.3,31.83,64.42
B07446,1728,3.85,1.98,28.4,101.1,33.19,65.73
B07447,1319,3.38,2.11,37.4,84.4,37.45,72.26
B07448,224,3.57,2.74,20.9,37.4,47.78,94.23
B07449,1165,3.29,1.71,26.8,74.6,38.97,77.93
B07450,1848,4.05,2.39,22.4,105.5,30.84,64.29
B07451,1024,3.3,0.6,29.6,66.8,39.74,78.82
B07452,623,3.63,3.79,38.3,51.5,42.94,83.73
B07453,1765,3.73,4.27,29.4,101.6,31.35,62.44
B07454,66,4.14,4.84,21.3,30.7,49.96,99.45
B07455,757,3.78,2.02,33.6,57.2,43.2,85.0
B07456,994,4.0,2.98,24.9,71.1,40.15,79.47
B07457,1382,3.42,3.18,29.2,82.6,35.44,71.18
B07458,425,3.42,3.03,48.6,51.0,44.95,89.36
B07459,209,4.12,4.78,40.1,38.1,48.12,91.8
B07460,651,3.51,0.84,32.7,59.5,42.84,84.13
B07461,356,4.0,1.54,36.0,46.8,47.32,90.63
B07462,1890,3.37,4.79,25.6,106.0,31.15,62.61
B07463,1172,3.42,2.82,41.6,80.6,38.57,72.95
B07464,921,3.49,4.84,33.4,71.4,41.55,81.78
B07465,1075,3.34,3.96,35.1,73.0,39.46,75.65
B07466,693,3.22,0.9,28.8,54.2,43.73,85.53
B07467,1396,3.95,1.66,31.4,84.4,36.16,72.88
B07468,1457,4.16,1.42,21.8,87.3,34.75,71.94
B07469,680,4.03,4.94,47.1,60.7,43.73,82.75
B07470,1484,4.14,4.51,28.9,89.3,34.41,68.83
B07471,408,3.8,4.39,40.1,49.6,45.01,91.07
B07472,120,4.06,2.82,36.8,31.7,48.58,94.82
B07473,697,3.35,4.7,37.8,55.9,43.22,84.81
B07474,1549,3.84,2.73,31.6,96.0,33.79,67.83
B07475,461,3.52,4.15,39.0,47.0,45.25,90.28
B07476,168,3.63,3.32,35.8,38.3,47.75,95.87
B07477,1726,3.34,3.35,21.1,98.2,31.9,65.69
B07478,351,3.77,2.12,22.8,45.2,46.45,92.73
B07479,1693,3.31,2.31,41.0,95.8,32.45,65.01
B07480,877,3.33,0.89,23.9,65.2,41.59,81.97
B07481,882,4.09,3.63,39.8,67.1,40.83,81.22
B07482,1363,3.34,2.79,29.1,82.0,35.77,73.58
B07483,1811,4.19,2.24,31.8,100.6,32.22,62.03
B07484,1323,3.61,2.03,37.3,80.3,35.87,71.49
B07485,1357,3.32,1.99,34.4,88.3,37.04,69.97
B07486,1264,3.45,2.87,45.0,78.5,38.24,69.86
B07487,1465,3.48,4.21,47.3,87.5,34.35,65.77
B07488,692,3.78,3.39,35.6,53.4,43.02,84.91
B07489,1198,3.52,0.94,47.2,82.4,38.35,72.76
B07490,979,4.19,1.64,34.6,67.8,39.49,79.94
B07491,1372,3.9,4.57,20.5,87.2,36.26,71.53
B07492,760,4.12,1.05,44.8,65.3,41.48,81.27
B07493,235,3.82,1.32,24.3,39.6,47.57,96.08
B07494,1941,3.31,2.81,26.8,105.1,31.51,61.14
B07495,1850,3.68,2.3,38.6,99.4,31.08,61.57
B07496,1529,3.44,4.09,38.5,88.9,35.55,69.19
B07497,1244,3.25,2.65,35.9,81.6,37.12,75.27
B07498,1783,4.12,2.0,41.2,98.6,31.42,63.15
B07499,1417,3.84,4.03,23.6,83.4,36.81,70.12
B07500,1683,3.28,4.43,27.2,99.9,33.63,67.75
B07501,1612,4.16,1.56,49.7,92.3,34.69,65.43
B07502,242,4.09,1.5,37.7,40.2,47.72,94.39
B07503,1194,4.1,4.37,33.9,77.9,38.98,73.58
B07504,1866,3.25,4.86,33.2,105.4,30.64,59.88
B07505,1222,3.65,4.88,33.6,81.0,37.19,74.64
B07506,260,3.4,2.28,45.0,37.8,48.34,89.92
B07507,1657,4.17,2.0,23.9,99.3,32.62,67.29
B07508,920,4.16,2.94,24.3,71.1,40.36,80.63
B07509,1279,3.49,3.76,36.9,85.2,36.22,71.93
B07510,996,3.66,1.51,34.1,71.5,39.7,77.47
B07511,1615,3.39,1.1,36.0,89.9,34.38,67.32
B07512,1411,3.72,1.71,34.2,83.8,36.64,71.46
B07513,546,3.58,4.13,20.7,47.0,45.0,91.41
B07514,1171,3.76,2.81,37.9,80.8,37.66,74.8
B07515,46,3.53,3.18,34.0,28.0,49.1,97.31
B07516,938,3.93,2.13,37.6,67.8,40.7,77.74
B07517,877,3.24,4.27,33.5,63.8,40.98,81.04
B07518,633,3.87,4.1,27.0,53.5,44.37,87.0
B07519,1956,3.36,4.37,48.4,106.8,31.33,57.79
B07520,1510,4.16,3.03,45.3,85.9,33.95,66.12
B07521,287,4.11,2.22,37.2,40.4,46.47,92.27
B07522,2,3.35,2.85,20.6,26.1,50.58,100.0
B07523,698,3.98,4.16,32.3,60.1,43.81,85.91
B07524,1136,3.21,2.74,29.2,72.1,38.41,78.35
B07525,1317,4.03,5.0,24.5,87.2,35.86,73.6
B07526,1915,3.68,4.42,25.9,108.0,29.91,60.99
B07527,1116,4.19,1.42,49.5,73.5,38.96,74.97
B07528,216,3.74,4.07,28.2,43.1,47.79,96.9
B07529,1323,4.14,3.28,39.0,84.7,37.06,69.98
B07530,1281,3.45,3.56,25.2,76.4,37.74,73.02
B07531,209,3.91,1.48,38.0,33.6,48.42,92.74
B07532,894,4.11,2.07,29.6,67.6,40.99,81.63
B07533,1168,3.89,1.56,46.5,73.4,37.99,72.63
B07534,1696,3.72,3.88,30.0,101.2,33.47,64.26
B07535,345,3.7,1.12,29.9,39.2,47.14,92.28
B07536,395,3.41,4.3,39.2,50.8,46.24,90.73
B07537,1603,3.8,4.0,21.9,91.9,34.13,68.42
B07538,200,3.85,3.64,22.6,39.5,47.06,97.71
B07539,68,4.16,4.56,48.9,30.8,50.2,96.44
B07540,1029,3.55,1.76,24.1,68.9,40.32,80.23
B07541,174,3.69,2.01,48.0,34.4,48.17,92.06
B07542,1228,3.92,4.1,34.6,82.4,37.6,75.21
B07543,697,3.98,4.46,33.6,58.6,43.1,86.73
B07544,1820,3.53,1.57,45.0,101.1,31.11,60.66
B07545,1412,3.9,1.34,41.4,91.2,35.73,70.92
B07546,1458,3.36,1.9,29.8,85.7,34.98,71.78
B07547,1111,3.86,1.95,48.8,71.4,39.72,75.52
B07548,613,4.16,1.96,26.3,58.1,43.92,87.28
B07549,1173,3.35,2.13,21.3,78.4,37.37,75.86
B07550,1229,3.41,3.88,20.0,82.6,38.5,74.57
B07551,1088,3.46,0.87,35.0,73.2,39.63,75.17
B07552,395,3.2,3.59,40.0,42.1,45.38,88.54
B07553,712,3.26,1.36,43.3,55.7,43.15,82.8
B07554,916,4.16,4.24,23.1,70.8,40.07,82.79
B07555,79,4.15,2.95,28.4,36.6,48.73,99.23
B07556,1744,3.62,3.82,24.4,96.2,33.45,66.39
B07557,317,4.1,3.22,33.5,39.4,47.41,93.81
B07558,893,3.39,1.92,20.4,64.5,42.05,84.78
B07559,925,3.52,1.83,44.0,70.7,41.29,77.89
B07560,672,3.87,2.99,35.2,55.9,42.5,83.06
B07561,1063,3.69,1.23,25.9,74.0,40.11,79.51
B07562,257,3.36,3.56,30.0,43.0,48.1,95.57
B07563,63,4.0,1.96,34.9,37.1,50.14,98.2
B07564,360,3.83,1.03,33.6,42.2,45.58,90.88
B07565,259,3.39,4.76,29.1,38.0,48.09,92.61
B07566,1246,3.8,2.07,34.3,84.3,36.63,75.63
B07567,418,4.05,0.96,35.0,44.5,46.69,89.48
B07568,691,4.02,1.97,20.9,56.6,42.66,87.11
B07569,853,3.91,0.59,47.2,60.1,41.4,78.87
B07570,1116,4.15,2.79,22.1,70.0,38.52,77.67
B07571,312,3.93,3.21,31.5,43.2,46.97,93.72
B07572,909,3.57,3.13,47.9,68.2,40.25,78.76
B07573,1046,4.18,3.2,49.1,71.8,39.95,77.11
B07574,1285,4.09,0.86,46.8,80.6,37.5,72.93
B07575,767,3.43,2.6,32.4,62.0,42.06,82.29
B07576,1747,3.74,3.6,25.9,100.7,32.89,64.37
B07577,1679,3.78,2.28,33.9,98.2,32.88,64.07
B07578,1418,3.62,4.77,34.4,89.2,36.05,70.12
B07579,1786,3.31,1.98,45.3,99.4,31.77,60.96
B07580,447,3.75,3.69,47.5,52.3,45.5,86.54
B07581,234,3.22,2.89,30.4,36.3,47.88,95.25
B07582,666,3.32,3.0,24.5,57.4,42.61,87.27
B07583,1133,4.15,4.15,35.3,71.1,39.37,76.01
B07584,163,4.03,2.65,37.6,38.3,49.28,93.62
B07585,30,3.25,4.05,20.6,32.4,49.95,100.0
B07586,1331,4.14,1.07,32.3,85.6,35.83,72.5
B07587,1183,3.33,4.38,49.7,81.7,38.37,73.18
B07588,952,3.33,3.34,20.6,70.4,41.23,81.57
B07589,334,3.71,2.75,49.1,45.9,46.72,88.34
B07590,1344,3.29,4.93,22.9,80.3,36.43,73.91
B07591,203,3.92,4.88,35.6,42.9,47.28,93.33
B07592,1593,3.83,3.54,49.9,91.6,34.22,64.93
B07593,1283,3.86,0.55,38.8,82.0,36.21,72.55
B07594,1102,3.7,1.29,37.1,75.6,39.74,76.7
B07595,1111,3.81,1.67,22.2,78.4,39.22,78.07
B07596,50,3.63,1.1,29.4,28.5,49.88,98.35
B07597,789,3.76,3.89,36.9,62.7,42.54,83.95
B07598,1155,3.63,0.83,30.4,75.8,37.57,75.38
B07599,1263,3.98,4.15,42.0,77.6,36.64,74.16
B07600,239,3.21,1.16,49.2,40.6,48.1,93.48
B07601,150,3.37,2.78,37.7,38.4,49.36,95.93
B07602,519,3.81,3.75,22.9,50.0,45.09,89.81
B07603,1047,4.14,1.93,33.0,69.4,38.62,75.87
B07604,1354,4.02,4.75,32.5,81.5,36.58,70.54
B07605,815,4.18,1.62,48.9,60.7,42.8,78.88
B07606,49,3.64,1.31,41.9,28.8,49.77,96.38
B07607,1117,3.76,4.63,48.6,73.2,38.01,73.2
B07608,1695,3.57,0.74,34.1,101.4,32.59,66.47
B07609,1266,3.45,4.99,39.0,77.9,36.97,73.96
B07610,1172,3.39,3.66,21.9,80.2,37.85,77.05
B07611,1097,3.31,2.93,44.6,74.1,39.45,75.68
B07612,1851,4.15,1.15,29.1,108.8,30.96,64.08
B07613,938,3.61,1.35,29.0,65.1,39.95,79.73
B07614,1647,4.18,4.16,36.8,90.9,32.54,65.76
B07615,1335,4.07,3.06,36.7,83.7,37.09,72.12
B07616,1579,3.9,4.31,42.6,93.3,34.09,64.93
B07617,1592,3.22,1.31,45.3,93.6,33.83,65.17
B07618,485,3.7,1.35,20.7,51.4,44.59,92.47
B07619,1581,3.7,0.93,26.7,94.3,33.52,68.93
B07620,1932,3.31,3.39,37.7,107.8,31.41,59.62
B07621,227,3.42,2.58,42.3,37.0,47.95,91.08
B07622,493,3.71,0.71,46.3,46.9,44.66,85.37
B07623,1769,3.45,2.33,34.5,100.0,33.02,64.8
B07624,1294,3.37,0.65,23.8,79.0,36.95,74.05
B07625,1428,3.58,0.75,31.5,88.1,35.16,70.55
B07626,1408,3.58,1.66,39.8,87.9,36.86,67.74
B07627,1371,3.48,0.68,35.2,89.5,36.37,69.77
B07628,382,3.95,4.28,36.0,44.4,46.2,89.73
B07629,150,4.09,0.96,49.3,31.9,48.91,92.47
B07630,1843,3.93,3.6,20.1,99.9,31.18,62.01
B07631,641,3.55,3.8,22.7,54.5,43.29,88.19
B07632,49,3.64,1.58,38.9,36.1,50.47,97.56
B07633,1617,4.14,1.8,24.6,97.6,33.04,65.89
B07634,1078,3.32,4.12,37.0,73.9,39.07,78.23
B07635,525,3.36,3.25,46.2,48.5,44.72,86.17
B07636,1873,3.7,2.67,34.0,104.8,30.46,60.73
B07637,1225,3.24,1.25,23.5,77.7,37.59,73.95
B07638,695,3.52,1.23,31.7,55.6,43.86,83.9
B07639,1689,3.23,2.24,42.0,97.9,32.4,62.74
B07640,742,3.86,3.88,39.8,59.1,43.36,82.74
B07641,1223,4.2,3.78,40.0,74.6,38.36,74.8
B07642,781,4.07,2.35,29.5,58.5,41.51,82.97
B07643,1138,3.58,4.49,38.7,80.4,39.57,74.78
B07644,445,3.46,0.64,34.5,44.6,46.05,91.03
B07645,1531,3.4,1.54,21.0,89.2,35.5,70.89
B07646,588,4.12,0.9,41.3,50.6,43.51,86.7
B07647,1016,3.93,1.37,29.6,66.8,40.62,80.12
B07648,856,3.8,4.74,48.9,65.7,41.88,80.65
B07649,1922,3.22,2.57,23.4,104.2,31.21,61.02
B07650,493,3.44,0.53,34.2,49.0,45.94,90.73
B07651,799,3.71,2.53,38.1,63.1,41.21,80.85
B07652,797,3.64,3.5,36.4,57.3,42.61,82.91
B07653,144,3.57,1.69,44.0,39.7,47.89,95.08
B07654,1992,4.07,1.79,43.2,112.0,29.95,55.8
B07655,1428,4.2,3.22,49.7,88.6,35.07,69.38
B07656,1879,3.4,2.56,48.2,108.5,31.9,60.04
B07657,1729,3.63,1.91,23.9,102.2,32.99,66.25
B07658,1050,3.59,2.99,39.1,68.4,39.48,78.29
B07659,640,4.14,3.73,36.8,54.1,43.86,86.33
B07660,904,3.94,4.8,20.8,68.8,41.34,80.91
B07661,1613,4.03,1.15,31.8,97.2,34.79,68.31
B07662,1226,3.27,4.98,42.6,74.6,38.72,72.76
B07663,1982,4.04,0.65,31.5,113.6,30.39,58.18
B07664,1168,3.25,3.77,43.5,79.3,39.05,73.6
B07665,410,3.24,3.98,30.7,44.1,46.28,91.77
B07666,1974,3.79,1.41,33.4,111.5,30.04,57.96
B07667,478,3.67,3.13,22.7,45.8,44.82,88.85
B07668,724,3.76,2.0,22.2,60.9,42.13,85.12
B07669,1256,4.01,4.25,47.3,76.2,37.78,70.11
B07670,179,3.36,0.92,49.6,34.0,49.13,92.03
B07671,101,3.49,2.32,41.1,33.5,49.12,97.46
B07672,1645,3.67,1.58,22.9,93.7,33.85,69.37
B07673,1119,3.59,3.83,44.4,71.3,39.22,74.95
B07674,399,3.35,3.36,20.7,47.4,46.83,92.57
B07675,193,3.29,1.31,33.3,37.8,47.71,96.55
B07676,1474,4.02,1.78,38.3,88.2,34.52,70.13
B07677,1320,3.34,3.15,28.6,84.3,36.65,73.28
B07678,804,3.76,3.19,23.6,66.8,41.6,85.37
B07679,1383,3.32,4.63,27.6,83.4,36.01,71.04
B07680,1191,3.3,4.34,41.3,75.7,37.1,71.96
B07681,440,3.43,1.5,39.8,47.4,45.21,87.04
B07682,1820,3.41,2.34,46.7,104.9,31.98,60.15
B07683,1421,3.81,2.83,35.4,91.7,36.79,70.56
B07684,1243,4.08,3.65,32.2,79.2,38.13,72.19
B07685,576,4.03,2.77,43.0,55.4,43.82,84.02
B07686,1319,3.53,3.94,47.8,81.2,37.25,70.58
B07687,896,3.49,0.77,42.0,67.9,41.44,79.57
B07688,3,4.01,2.27,47.8,32.1,50.35,95.51
B07689,1084,3.23,1.18,39.8,69.9,38.79,74.58
B07690,1096,3.91,3.23,25.1,75.8,38.82,79.46
B07691,835,3.21,1.55,34.9,63.0,41.2,81.95
B07692,785,4.0,1.04,26.5,64.1,42.08,85.09
B07693,1796,3.27,1.19,41.3,102.7,31.35,61.14
B07694,640,3.49,4.25,23.2,51.9,43.98,85.9
B07695,1245,3.65,4.61,28.4,77.6,38.03,74.92
B07696,1679,4.17,2.53,32.4,94.2,34.06,63.79
B07697,162,3.23,2.71,24.1,34.3,48.88,95.16
B07698,282,3.21,1.14,32.8,46.0,48.0,93.74
B07699,1268,3.21,2.15,35.0,77.4,37.72,74.22
B07700,1085,3.34,4.31,27.6,71.3,38.23,77.91
B07701,898,3.57,2.85,47.5,70.3,40.95,78.96
B07702,220,3.43,3.79,39.1,35.3,48.17,92.16
B07703,704,3.73,3.56,23.0,53.9,43.0,87.97
B07704,596,3.4,4.78,27.8,48.9,43.38,86.8
B07705,1067,3.45,4.64,31.6,77.5,39.37,75.86
B07706,1126,3.74,0.71,45.3,74.6,39.44,74.75
B07707,1709,3.98,3.38,29.2,95.4,33.81,66.92
B07708,600,3.7,4.97,20.7,53.8,43.2,87.85
B07709,1847,3.53,1.89,38.9,102.3,32.44,60.82
B07710,814,3.8,1.82,30.1,59.8,42.17,83.69
B07711,1586,3.97,2.25,32.5,98.1,34.16,68.89
B07712,1742,3.75,2.61,35.3,97.4,32.93,64.45
B07713,1255,3.23,0.99,25.6,77.0,37.99,76.41
B07714,968,3.46,2.92,36.0,68.0,40.12,77.15
B07715,812,3.28,1.18,43.9,60.3,42.74,82.49
B07716,405,3.29,2.17,27.9,44.5,45.33,90.85
B07717,415,3.42,2.75,28.0,45.3,46.14,91.82
B07718,767,3.71,0.86,29.5,61.1,41.75,85.79
B07719,1722,3.57,3.5,36.1,96.1,33.27,62.37
B07720,356,3.21,1.0,25.4,42.3,46.75,94.73
B07721,364,3.9,4.53,43.2,47.6,46.82,88.81
B07722,305,4.06,0.75,43.4,44.8,47.6,91.83
B07723,129,3.57,2.66,40.6,38.9,48.99,96.2
B07724,1397,3.83,2.2,27.7,82.7,36.03,70.94
B07725,525,4.03,4.79,20.3,46.2,44.5,88.64
B07726,1116,3.62,4.11,27.6,72.6,37.95,77.67
B07727,1721,4.01,3.04,29.1,101.7,31.97,65.57
B07728,1136,3.23,1.63,47.6,71.4,38.07,73.84
B07729,998,3.25,4.89,41.2,65.6,39.48,78.2
B07730,633,3.48,3.54,25.3,52.6,44.15,87.12
B07731,904,3.98,4.86,26.8,64.0,40.73,80.59
B07732,467,4.15,1.46,49.2,45.3,44.56,88.19
B07733,1961,3.52,4.62,45.9,111.9,29.76,58.07
B07734,144,4.1,3.24,41.1,40.1,48.78,94.38
B07735,231,3.25,3.52,32.5,38.8,47.57,93.84
B07736,311,3.77,0.9,26.1,41.7,46.21,93.25
B07737,928,3.64,2.54,37.2,62.6,40.08,79.36
B07738,1684,3.41,3.21,27.1,101.7,33.54,65.96
B07739,1978,3.63,4.45,27.3,109.3,29.39,59.87
B07740,705,3.83,1.53,29.7,58.2,42.07,85.0
B07741,376,4.0,3.75,28.7,48.9,45.58,92.67
B07742,1086,3.68,4.93,39.7,68.7,39.18,76.0
B07743,1163,3.72,2.79,28.7,73.1,39.25,76.23
B07744,1569,3.28,2.11,46.3,89.7,33.98,65.09
B07745,554,3.32,4.91,42.6,56.0,44.36,85.88
B07746,1896,3.75,4.74,26.5,104.5,30.47,62.57
B07747,425,3.63,4.49,42.9,46.6,45.45,88.03
B07748,830,4.15,3.53,32.1,59.4,41.49,82.43
B07749,580,4.04,4.35,41.2,51.4,45.12,86.93
B07750,744,3.91,1.65,26.3,63.4,43.33,85.4
B07751,1244,3.22,3.96,47.3,82.4,37.42,71.64
B07752,27,3.94,1.48,21.2,34.5,49.19,99.32
B07753,689,3.74,1.02,47.8,55.1,42.4,82.94
B07754,481,4.11,2.45,32.2,48.2,45.89,88.97
B07755,1673,3.91,1.94,21.3,96.7,34.07,67.69
B07756,1735,3.21,3.62,22.2,96.4,32.91,65.54
B07757,139,3.28,4.32,21.7,31.0,48.66,98.09
B07758,1704,3.79,1.84,46.7,93.8,33.47,62.18
B07759,545,3.62,3.13,42.4,54.3,45.44,84.59
B07760,1255,3.64,3.31,38.5,83.9,37.55,74.05
B07761,1286,4.03,2.24,44.2,85.2,37.04,72.64
B07762,113,3.31,1.88,40.1,31.6,48.33,93.83
B07763,1542,3.91,1.64,28.6,96.6,35.39,67.59
B07764,900,3.76,4.27,25.5,63.5,40.78,82.28
B07765,1634,3.52,1.44,25.3,98.9,34.43,68.72
B07766,1198,3.47,0.69,48.6,80.4,39.01,73.82
B07767,1867,3.74,3.69,36.4,100.2,31.01,62.77
B07768,21,3.91,4.28,30.2,33.7,50.28,99.0
B07769,555,3.64,1.95,28.5,53.6,44.6,90.21
B07770,1072,3.94,2.75,41.4,77.8,40.01,76.58
B07771,573,3.79,1.65,39.4,57.7,44.09,84.82
B07772,385,3.57,3.79,41.1,42.5,45.32,89.16
B07773,1880,3.47,0.51,49.6,110.0,32.04,60.01
B07774,1165,3.32,4.97,37.6,72.1,37.87,73.89
B07775,1243,3.96,3.35,34.5,78.9,36.92,73.3
B07776,781,3.24,0.88,25.3,66.2,41.99,83.62
B07777,920,3.42,4.88,34.2,71.1,40.83,80.46
B07778,199,3.2,2.91,45.1,39.3,47.41,93.83
B07779,1826,3.37,2.98,25.3,101.5,31.04,62.38
B07780,1182,3.27,1.21,37.8,76.2,37.38,76.42
B07781,881,3.78,2.63,36.9,67.0,40.95,79.71
B07782,1681,3.83,2.38,48.0,98.0,32.79,61.66
B07783,1346,3.57,1.16,35.2,81.6,36.54,70.3
B07784,1489,4.04,4.34,24.9,94.3,34.93,70.09
B07785,1415,3.81,2.03,22.6,88.0,36.68,70.23
B07786,733,3.58,1.91,23.3,62.9,41.69,84.83
B07787,1223,3.91,1.63,21.3,75.3,37.95,74.49
B07788,1912,3.56,0.95,33.0,107.3,31.71,60.17
B07789,989,3.95,4.24,33.8,66.4,40.91,80.85
B07790,1240,3.62,0.68,28.2,83.1,37.63,75.11
B07791,163,4.02,1.26,45.4,40.4,48.47,95.49
B07792,1833,3.87,3.32,28.3,107.5,32.01,63.87
B07793,1749,3.71,4.42,36.9,98.7,33.35,61.98
B07794,1777,4.13,4.66,25.4,101.1,33.07,66.02
B07795,344,4.09,1.75,46.1,39.7,47.07,91.19
B07796,819,3.21,2.08,26.2,65.6,41.35,83.77
B07797,1355,3.27,0.89,21.0,88.3,36.23,72.04
B07798,1960,4.11,1.03,29.5,109.6,30.71,60.54
B07799,436,3.71,2.44,27.8,50.2,46.17,91.81
B07800,1649,3.57,3.84,40.0,95.1,32.84,66.41
B07801,1431,4.04,2.77,35.3,87.2,35.41,69.57
B07802,1316,3.79,1.74,42.7,85.1,36.07,71.12
B07803,1967,4.15,2.25,33.6,104.9,31.25,58.8
B07804,509,4.06,1.93,23.3,55.0,45.76,88.85
B07805,840,3.79,0.87,33.3,65.5,42.32,80.77
B07806,1484,3.22,1.56,39.8,93.0,35.66,66.42
B07807,1283,3.85,2.66,23.7,86.2,37.06,73.93
B07808,730,3.71,1.29,24.7,54.9,43.21,87.27
B07809,1700,3.66,1.79,38.9,102.0,33.84,65.37
B07810,1802,3.46,4.94,30.1,104.6,31.27,63.78
B07811,1903,3.69,1.3,47.7,107.5,31.05,56.95
B07812,1897,4.2,4.92,30.0,107.8,31.8,59.7
B07813,1419,3.98,3.89,47.9,90.3,35.38,67.76
B07814,614,3.99,3.05,20.9,51.7,43.23,88.42
B07815,9,4.08,3.37,24.1,28.8,50.73,100.0
B07816,537,4.09,4.28,27.1,54.8,45.11,90.21
B07817,374,3.7,2.15,27.4,45.0,47.1,92.63
B07818,1178,3.62,3.18,34.1,81.2,38.85,73.21
B07819,1368,4.0,4.99,49.9,82.0,36.8,70.13
B07820,1161,4.1,4.43,31.8,78.7,37.57,74.55
B07821,1302,3.99,1.86,38.2,80.7,37.17,72.68
B07822,1669,3.44,4.78,48.1,97.3,33.31,64.67
B07823,1242,3.68,3.99,31.3,76.3,37.23,76.12
B07824,100,3.28,4.53,28.3,35.2,48.02,97.09
B07825,1145,3.92,2.36,33.4,73.4,37.57,76.89
B07826,1831,3.72,4.16,41.0,99.0,30.96,61.32
B07827,1372,3.86,4.66,42.6,89.8,36.97,69.8
B07828,961,3.84,2.46,46.3,64.8,41.18,77.25
B07829,1732,3.88,4.41,45.9,95.9,32.01,60.55
B07830,1767,3.58,3.43,23.0,97.3,32.0,66.4
B07831,108,3.64,4.56,33.9,29.6,49.86,98.34
B07832,417,3.93,4.97,23.4,47.8,45.23,91.24
B07833,1351,3.39,4.78,30.4,84.1,36.69,70.39
B07834,639,3.8,1.65,26.7,52.6,43.14,86.73
B07835,1709,3.44,3.52,30.6,95.0,33.81,65.72
B07836,1129,4.19,2.18,27.8,76.1,39.24,78.55
B07837,1716,3.96,1.84,45.5,95.3,33.59,61.18
B07838,825,3.86,2.53,33.4,63.3,42.68,82.61
B07839,1895,3.89,3.68,34.5,103.4,30.74,60.11
B07840,27,3.41,1.81,49.2,26.4,49.84,97.67
B07841,796,4.07,3.93,47.6,59.2,41.37,80.72
B07842,177,3.37,2.8,36.6,40.7,49.15,95.14
B07843,1476,3.29,2.08,39.6,92.6,34.35,69.15
B07844,83,3.4,0.98,41.4,36.6,49.55,94.58
B07845,1536,3.22,4.62,35.5,89.5,35.28,66.54
B07846,807,4.03,0.7,20.8,62.0,41.49,84.18
B07847,106,3.35,3.92,31.0,29.5,49.14,96.35
B07848,1106,3.24,3.79,20.7,73.4,39.42,77.55
B07849,1069,3.71,0.68,32.6,75.9,39.78,78.86
B07850,1264,4.15,2.19,45.9,76.8,36.56,70.12
B07851,1944,3.43,4.76,26.5,108.4,29.71,60.6
B07852,557,3.39,3.53,28.6,55.3,44.94,89.08
B07853,548,3.4,4.81,34.5,48.5,45.12,87.81
B07854,1383,3.22,1.62,20.1,81.9,36.09,74.66
B07855,1945,3.22,4.91,45.3,103.4,30.39,57.56
B07856,310,3.73,4.09,20.5,44.6,46.19,96.45
B07857,1172,3.9,1.65,36.2,71.9,37.36,76.07
B07858,871,3.38,1.03,38.9,65.2,41.36,80.32
B07859,190,3.95,3.64,42.7,36.1,48.78,92.21
B07860,776,3.62,2.35,20.9,62.6,42.07,83.63
B07861,816,4.15,1.64,38.1,61.8,42.74,81.63
B07862,1424,3.95,0.57,41.6,90.6,35.66,67.8
B07863,1753,3.54,2.8,23.2,96.1,31.71,64.12
B07864,889,4.05,4.07,44.3,66.4,41.79,81.12
B07865,1393,3.55,4.45,36.1,82.9,35.08,68.98
B07866,1864,3.38,1.02,37.5,100.7,32.17,60.56
B07867,115,3.47,4.57,28.2,36.5,49.13,95.24
B07868,486,4.04,2.73,35.1,51.0,44.99,89.31
B07869,1492,3.89,2.17,42.1,89.6,35.66,66.79
B07870,1327,3.5,3.8,32.1,87.9,35.78,71.28
B07871,465,3.63,0.78,49.1,51.1,44.45,88.74
B07872,349,3.73,2.19,45.7,43.4,46.79,91.21
B07873,1466,3.9,4.42,24.1,92.7,35.22,71.05
B07874,586,4.07,3.82,48.0,49.3,45.09,84.45
B07875,1437,4.12,1.2,29.0,90.1,34.72,70.93
B07876,1136,4.05,4.57,21.9,79.4,37.96,77.09
B07877,1357,4.14,1.75,41.3,87.5,37.36,69.99
B07878,178,3.84,3.84,24.6,37.3,47.26,96.85
B07879,583,3.42,3.52,34.5,51.4,43.7,85.55
B07880,1754,4.04,3.24,21.2,102.7,32.14,63.88
B07881,1516,3.28,3.19,22.9,87.2,34.7,69.48
B07882,544,3.24,4.46,46.2,47.7,44.88,85.5
B07883,1272,3.57,0.86,46.1,81.6,37.0,71.03
B07884,686,3.48,4.2,28.2,62.4,43.78,85.0
B07885,663,3.34,3.89,49.4,54.4,44.29,84.03
B07886,716,3.61,4.96,33.1,56.4,43.09,85.27
B07887,373,3.42,0.69,20.1,48.1,45.68,92.69
B07888,918,3.64,3.09,40.9,71.0,40.96,79.65
B07889,40,3.68,4.58,27.2,28.7,50.12,98.84
B07890,290,3.86,1.83,36.2,38.9,47.71,94.04
B07891,315,3.23,4.19,27.4,38.5,46.03,91.52
B07892,1886,4.15,0.71,37.7,104.0,31.95,58.47
B07893,29,3.5,2.05,47.6,33.9,49.76,96.03
B07894,1121,4.01,4.19,38.6,79.3,39.74,76.76
B07895,1101,4.09,3.82,45.4,76.9,38.3,73.88
B07896,1037,3.91,3.95,30.3,68.3,39.79,78.04
B07897,149,3.38,1.58,42.8,36.3,49.0,96.14
B07898,570,3.96,0.92,37.1,50.0,44.88,85.44
B07899,798,3.47,0.9,48.3,61.1,42.58,80.01
B07900,857,3.96,1.73,22.1,69.0,42.07,84.45
B07901,860,3.59,1.15,29.2,60.4,41.2,80.23
B07902,32,4.1,2.88,24.3,27.6,49.77,97.49
B07903,953,4.02,1.74,44.2,67.1,41.11,78.08
B07904,846,3.72,1.27,29.0,63.6,42.03,81.07
B07905,187,3.44,3.52,21.1,39.9,47.15,97.8
B07906,832,4.13,0.9,32.0,67.9,40.88,83.48
B07907,1235,3.41,1.15,41.2,75.6,37.79,72.22
B07908,1123,4.18,3.84,27.9,70.8,38.73,75.28
B07909,1464,3.84,4.75,21.3,88.2,35.53,72.89
B07910,378,3.97,2.11,36.8,44.6,45.92,89.34
B07911,1849,4.14,1.64,26.9,107.3,30.61,63.11
B07912,513,4.15,4.53,31.5,51.6,45.12,86.82
B07913,1819,3.24,4.48,33.0,104.9,31.19,62.86
B07914,1216,3.89,1.55,27.1,80.1,38.42,76.87
B07915,804,3.9,3.69,40.2,58.1,42.06,79.88
B07916,274,3.8,3.76,20.2,36.3,46.61,93.64
B07917,107,3.93,0.64,39.9,37.8,48.48,97.1
B07918,910,3.74,2.1,34.6,65.7,40.73,80.47
B07919,1494,3.36,4.52,41.5,86.9,35.4,66.99
B07920,324,3.54,1.87,47.6,47.2,45.93,90.5
B07921,1490,3.62,2.26,22.9,88.4,35.9,68.63
B07922,887,3.81,0.99,27.1,69.4,40.39,80.3
B07923,1796,4.12,2.32,45.0,105.5,31.46,59.18
B07924,384,3.69,4.03,27.0,46.1,45.59,90.22
B07925,1271,3.27,1.14,23.6,84.8,37.62,73.07
B07926,780,3.61,1.26,39.3,61.7,41.33,82.68
B07927,1430,4.12,3.92,42.1,83.8,35.91,67.54
B07928,1642,4.15,4.27,41.6,100.0,33.28,63.94
B07929,344,3.74,2.39,20.1,42.0,45.74,92.17
B07930,773,4.17,2.57,40.6,56.1,41.39,82.57
B07931,264,4.18,2.27,46.2,43.7,47.41,92.19
B07932,589,3.94,1.24,20.5,53.0,44.33,89.65
B07933,800,3.45,3.77,37.6,62.6,42.69,83.32
B07934,1775,3.61,2.89,22.9,97.0,32.63,66.02
B07935,1557,3.64,1.84,22.7,89.3,33.74,69.04
B07936,864,3.94,3.86,23.5,68.4,40.55,81.35
B07937,1214,3.89,4.07,40.6,81.5,36.92,75.06
B07938,589,4.0,0.86,41.0,56.1,44.61,87.52
B07939,1396,3.8,4.02,32.1,89.7,36.56,69.08
B07940,223,4.15,4.66,26.3,41.7,46.98,95.48
B07941,1810,3.43,3.16,41.0,105.8,32.04,60.19
B07942,662,3.56,1.31,33.0,60.7,43.5,87.2
B07943,760,3.5,4.52,26.6,62.9,41.62,83.41
B07944,1474,3.82,3.56,28.2,84.3,36.18,71.14
B07945,999,3.58,4.57,22.3,70.0,39.19,79.52
B07946,1059,3.42,4.53,42.7,69.7,38.55,75.06
B07947,646,3.46,0.76,25.6,60.7,42.63,85.74
B07948,1462,3.76,4.54,49.8,89.3,35.39,68.58
B07949,1890,3.48,2.7,25.3,104.3,30.31,60.43
B07950,1341,3.71,0.81,41.7,87.4,37.48,69.64
B07951,1148,3.42,1.06,44.8,74.5,39.45,73.85
B07952,1660,3.83,2.64,40.9,99.8,34.04,65.15
B07953,46,4.0,2.21,26.1,27.9,49.72,100.0
B07954,1937,3.66,3.16,47.4,109.9,30.53,57.6
B07955,566,3.93,4.26,42.9,52.0,44.49,84.22
B07956,1791,4.14,2.47,26.2,102.3,32.6,65.97
B07957,646,3.4,0.51,44.6,52.3,44.09,84.92
B07958,1962,3.88,4.75,38.9,105.1,29.83,57.08
B07959,704,3.95,3.05,40.2,54.6,43.09,83.19
B07960,863,4.16,4.64,42.6,63.1,41.56,81.14
B07961,1574,3.33,1.6,30.8,91.8,35.03,67.98
B07962,116,4.02,1.34,43.2,32.5,48.11,95.92
B07963,204,3.75,4.47,32.6,37.3,47.84,94.05
B07964,985,4.08,0.76,22.0,72.3,39.16,79.24
B07965,34,4.02,2.65,34.2,32.8,48.91,99.54
B07966,322,3.75,0.8,38.0,46.0,47.76,90.24
B07967,1403,3.84,2.91,38.3,83.5,35.41,71.18
B07968,1327,3.35,3.92,39.1,80.2,37.42,73.29
B07969,1487,4.18,2.12,29.7,92.6,34.78,70.28
B07970,1750,3.87,0.92,42.4,102.1,32.36,60.47
B07971,378,3.37,2.98,32.1,45.4,46.43,92.98
B07972,1497,3.5,4.25,38.8,85.4,34.98,69.86
B07973,597,4.1,1.49,23.6,58.6,43.96,89.35
B07974,1120,3.77,2.3,32.5,70.3,39.14,76.68
B07975,1813,3.53,2.99,20.7,100.3,32.15,63.16
B07976,1106,3.26,0.76,42.3,74.0,38.83,75.87
B07977,388,3.33,3.97,31.7,46.8,45.17,90.18
B07978,1333,3.66,2.27,42.2,82.1,36.21,70.59
B07979,1787,3.3,0.69,46.7,98.2,31.68,62.61
B07980,868,3.71,4.75,41.8,65.2,40.53,78.98
B07981,493,3.83,3.26,33.1,49.5,45.85,88.57
B07982,1798,4.14,2.36,26.9,101.3,32.9,62.21
B07983,467,3.32,3.72,39.0,51.0,45.38,88.89
B07984,384,3.31,1.76,34.6,41.9,46.5,91.24
B07985,718,3.42,3.3,44.9,55.1,42.07,84.09
B07986,1037,3.48,0.51,48.5,72.4,40.25,76.63
B07987,1966,3.75,1.63,36.7,103.8,30.71,57.07
B07988,28,4.02,2.16,49.2,27.9,50.47,96.54
B07989,125,4.02,0.71,30.3,37.1,48.27,98.26
B07990,721,3.85,2.04,24.0,62.5,43.26,86.19
B07991,594,3.24,1.18,39.9,49.5,45.03,87.04
B07992,988,3.81,1.76,22.0,66.3,39.78,80.38
B07993,231,4.17,2.9,47.2,38.2,46.93,93.52
B07994,48,3.67,1.39,36.3,31.6,50.44,96.4
B07995,1452,3.64,2.41,36.4,84.7,36.45,70.61
B07996,1639,3.81,2.31,42.0,90.7,33.93,65.44
B07997,1379,3.61,3.5,49.1,87.8,36.05,68.77
B07998,317,3.22,3.53,24.5,38.0,47.2,94.61
B07999,901,3.28,2.22,34.3,69.3,40.91,80.71
B08000,527,3.92,1.13,47.6,51.4,45.57,84.56
B08001,274,4.09,3.37,43.2,39.5,48.06,93.78
B08002,1739,3.72,4.16,36.5,103.1,32.25,64.63
B08003,564,4.19,1.86,36.7,55.1,43.39,85.82
B08004,1196,3.87,0.73,37.1,79.3,38.92,74.46
B08005,818,4.15,0.56,30.6,64.0,41.61,82.51
B08006,638,3.91,1.71,28.0,56.0,43.98,87.77
B08007,1125,4.02,4.99,42.9,75.0,39.38,74.13
B08008,1381,3.98,3.2,37.4,85.3,36.59,70.44
B08009,237,3.3,1.38,28.1,42.5,47.04,95.68
B08010,211,3.72,4.26,34.3,34.8,47.47,93.44
B08011,1958,3.79,1.11,21.8,110.5,30.6,60.1
B08012,1485,3.43,3.49,40.9,91.0,34.47,66.04
B08013,1290,3.31,2.11,37.2,86.3,37.77,72.13
B08014,618,3.98,3.9,23.7,56.1,43.78,89.11
B08015,983,3.63,2.1,21.2,66.1,39.56,80.26
B08016,1535,4.03,0.98,27.9,87.7,35.48,68.5
B08017,1560,3.41,0.5,44.3,95.4,34.58,67.17
B08018,300,4.12,4.06,40.8,43.4,46.88,89.71
B08019,1734,3.6,1.18,46.1,102.1,33.51,60.77
B08020,117,3.49,1.42,23.0,37.4,47.93,96.56
B08021,1201,4.14,1.63,40.5,81.0,37.26,75.48
B08022,1155,4.15,0.67,28.5,79.9,39.13,78.34
B08023,23,3.89,4.38,31.0,32.7,50.76,97.96
B08024,1758,3.2,4.2,22.8,100.3,32.72,64.5
B08025,1117,3.77,2.56,47.7,79.2,38.48,75.66
B08026,919,3.69,0.91,20.0,70.9,40.08,80.57
B08027,474,3.28,2.53,21.9,49.2,44.85,91.02
B08028,1375,3.67,3.08,35.7,82.8,35.67,69.66
B08029,1489,3.88,1.96,42.8,89.1,34.5,67.6
B08030,1738,3.93,4.34,23.0,99.2,32.46,63.95
B08031,1596,4.13,3.21,35.3,93.9,33.46,66.86
B08032,215,3.5,0.65,39.7,42.5,47.48,93.8
B08033,1609,3.76,2.55,30.1,95.8,34.01,68.23
B08034,1470,3.78,4.18,48.3,90.2,36.22,65.39
B08035,1263,3.33,0.75,41.0,76.3,38.12,72.6
B08036,1229,3.36,1.61,26.6,79.6,38.16,74.73
B08037,1904,3.33,2.9,26.2,109.1,30.97,60.8
B08038,931,3.32,0.78,29.7,62.3,41.0,79.87
B08039,1768,3.74,2.81,45.7,100.4,32.81,62.41
B08040,395,4.19,2.5,49.0,50.6,46.43,87.6
B08041,87,3.63,2.42,45.7,29.7,49.27,95.37
B08042,290,3.55,1.03,29.4,46.3,46.53,92.92
B08043,64,3.7,2.29,43.9,35.6,49.76,96.02
B08044,119,3.44,1.8,42.1,36.0,49.31,93.26
B08045,859,3.92,4.77,38.0,60.8,40.75,80.23
B08046,361,3.43,2.72,31.0,48.8,46.09,92.71
B08047,9,3.54,3.74,27.7,33.2,49.2,99.46
B08048,888,3.56,2.39,26.6,61.3,40.37,82.32
B08049,1776,3.6,2.12,35.6,97.5,32.68,64.04
B08050,519,3.58,4.62,27.9,46.5,45.22,89.07
B08051,736,4.0,0.99,46.2,59.7,42.43,80.31
B08052,1272,3.75,2.56,47.4,76.9,36.55,71.7
B08053,814,3.9,4.35,35.2,61.2,42.47,80.54
B08054,1650,3.85,2.56,44.6,98.8,33.39,65.09
B08055,1945,3.6,4.2,43.9,112.3,30.28,59.1
B08056,1099,3.47,1.27,32.6,72.6,38.89,75.69
B08057,84,3.83,4.7,36.4,31.2,49.05,94.8
B08058,665,3.59,3.86,20.7,55.0,43.85,88.39
B08059,480,3.65,2.03,45.1,51.3,44.99,86.95
B08060,1155,4.08,1.64,33.3,79.6,37.72,77.63
B08061,55,3.67,2.28,42.8,34.0,49.64,95.2
B08062,441,3.85,0.59,32.1,49.3,45.27,89.56
B08063,1953,3.63,2.86,34.9,103.6,30.66,58.76
B08064,1424,3.72,0.91,48.0,88.0,36.4,69.06
B08065,1995,3.71,3.75,36.9,107.6,29.99,58.58
B08066,1531,3.71,2.6,40.4,94.8,34.42,66.33
B08067,1840,4.0,4.85,48.7,104.7,31.41,58.73
B08068,1573,4.13,3.42,42.2,89.9,34.49,64.58
B08069,99,3.38,4.42,27.4,36.6,48.75,99.05
B08070,213,3.24,2.94,25.7,39.8,48.12,95.85
B08071,1533,3.83,3.61,36.8,87.6,34.7,67.68
B08072,1622,3.9,3.17,35.4,90.7,34.77,67.67
B08073,1037,4.07,2.98,24.4,69.6,38.77,80.28
B08074,1544,3.51,4.79,37.3,92.4,34.2,65.68
B08075,1615,3.78,2.54,48.1,96.9,33.07,63.25
B08076,84,4.18,4.59,33.6,36.5,48.39,98.09
B08077,833,3.97,3.59,42.5,62.4,42.32,79.86
B08078,5,3.92,0.96,40.9,29.2,50.06,97.16
B08079,151,4.13,3.58,40.3,35.6,48.05,94.65
B08080,878,3.28,3.34,26.1,63.5,40.49,81.24
B08081,756,3.82,0.85,30.2,57.5,41.47,83.86
B08082,513,3.54,3.02,20.3,54.7,44.3,88.79
B08083,1756,3.86,1.23,28.9,102.9,33.12,62.49
B08084,902,3.24,4.19,44.6,69.1,40.98,80.92
B08085,1463,3.53,1.87,33.7,92.7,34.66,67.61
B08086,957,3.23,1.48,39.0,68.1,41.21,77.43
B08087,18,3.36,1.9,20.9,26.9,50.7,100.0
B08088,913,3.27,2.05,46.6,67.6,40.68,77.41
B08089,132,3.78,3.91,41.2,38.1,48.74,93.51
B08090,684,3.35,3.55,21.4,58.9,43.29,85.74
B08091,1219,3.85,2.82,41.6,82.7,36.88,72.52
B08092,973,4.16,0.91,27.6,68.6,40.62,81.01
B08093,1985,3.78,0.79,41.6,108.0,31.04,57.87
B08094,1710,4.15,3.1,24.3,100.2,33.11,67.45
B08095,1753,3.66,1.83,41.9,100.1,32.54,63.95
B08096,1430,4.18,1.42,35.2,86.7,36.61,69.31
B08097,498,4.09,2.26,22.9,46.7,44.8,88.65
B08098,1725,4.02,3.7,38.3,100.5,32.5,61.81
B08099,1666,3.57,4.2,49.4,96.7,32.46,61.94
B08100,1664,3.94,1.73,31.8,101.0,32.8,65.93
B08101,1791,3.67,3.77,21.5,100.6,32.92,62.97
B08102,309,3.89,2.45,30.9,38.4,46.07,92.21
B08103,491,4.0,4.31,46.6,44.7,44.19,86.36
B08104,1264,3.86,3.47,24.3,76.7,37.79,75.31
B08105,232,4.18,1.83,28.0,36.6,48.49,94.23
B08106,19,3.79,2.24,26.4,31.2,50.19,98.41
B08107,185,3.9,2.36,25.8,38.8,47.8,97.57
B08108,229,3.94,4.71,37.0,38.5,48.17,95.06
B08109,1559,3.85,3.78,39.7,93.7,35.33,65.47
B08110,331,3.4,3.77,33.3,39.7,46.94,91.49
B08111,1123,3.43,4.28,46.8,76.5,37.9,73.82
B08112,723,3.36,0.71,45.8,55.1,43.52,83.0
B08113,991,3.83,1.12,45.0,73.4,40.01,79.14
B08114,591,3.54,0.75,30.8,52.8,44.67,87.21
B08115,498,3.33,4.13,44.7,50.3,44.94,86.18
B08116,99,3.64,3.21,36.6,37.0,48.91,95.01
B08117,1901,3.66,1.22,30.7,109.1,31.78,62.42
B08118,1510,4.16,1.96,42.0,90.6,35.24,68.5
B08119,1589,3.38,3.87,43.7,96.8,33.48,63.71
B08120,1484,4.03,3.95,20.8,93.4,34.77,69.27
B08121,617,4.09,4.17,26.3,55.6,44.58,88.72
B08122,337,3.37,3.84,33.5,40.5,45.95,92.56
B08123,1662,4.19,3.81,24.7,100.3,34.13,66.73
B08124,320,4.19,2.05,48.4,38.0,46.23,89.84
B08125,382,3.86,2.11,20.5,40.3,45.82,93.19
B08126,918,3.44,0.82,31.5,63.7,41.8,80.17
B08127,1605,4.13,1.31,40.4,96.1,33.15,66.86
B08128,1178,3.59,2.63,25.5,78.1,38.41,76.99
B08129,1159,3.71,4.74,26.9,77.4,39.05,78.51
B08130,440,3.47,3.98,34.0,50.3,46.14,88.82
B08131,14,3.79,2.41,24.9,33.8,48.97,100.0
B08132,1825,4.1,4.71,49.0,98.6,30.95,59.86
B08133,1233,4.07,3.47,24.0,83.8,38.19,73.72
B08134,1246,3.93,4.84,39.8,75.8,38.24,74.75
B08135,1697,4.06,1.04,47.2,95.1,33.77,63.32
B08136,1669,4.15,0.95,23.2,101.7,32.35,68.25
B08137,1281,3.69,0.88,27.3,83.5,37.84,72.27
B08138,1970,3.65,2.19,47.3,107.2,30.24,55.63
B08139,1686,3.83,2.84,36.2,97.0,32.16,62.61
B08140,767,3.71,4.83,26.6,63.3,41.84,84.69
B08141,229,3.74,4.24,24.4,40.9,48.04,94.62
B08142,650,3.83,2.81,28.1,58.3,44.04,85.21
B08143,1368,3.6,3.29,43.3,85.5,36.23,70.11
B08144,1395,4.01,3.74,40.0,86.2,35.34,70.57
B08145,210,3.42,1.48,45.0,34.2,48.17,92.73
B08146,1503,3.91,4.54,28.0,88.7,35.34,68.59
B08147,1456,4.05,0.61,41.0,91.8,35.73,66.89
B08148,635,3.42,2.63,27.6,59.3,44.03,85.99
B08149,1623,3.74,4.12,35.8,92.5,33.93,65.45
B08150,527,3.95,2.1,40.8,55.1,44.97,87.34
B08151,1775,3.29,4.17,21.1,102.8,31.39,64.34
B08152,141,3.56,4.65,46.5,30.7,49.0,95.31
B08153,669,3.55,1.45,30.5,59.5,43.25,84.73
B08154,1092,4.17,0.57,29.2,72.1,38.89,77.61
B08155,1369,4.09,3.02,28.9,84.3,36.29,72.26
B08156,71,3.79,2.61,42.8,37.2,48.93,97.23
B08157,374,3.87,1.21,32.5,46.7,45.56,92.89
B08158,260,4.01,1.73,21.4,36.3,47.63,95.73
B08159,1841,3.48,3.23,33.9,107.2,31.51,62.77
B08160,250,3.62,3.58,21.0,39.2,48.21,94.8
B08161,1413,3.56,4.28,25.1,83.0,36.1,72.54
B08162,178,4.1,0.86,24.0,38.3,48.3,94.65
B08163,1356,3.54,4.44,37.4,86.4,36.79,72.51
B08164,240,4.15,1.28,41.4,43.8,48.53,93.87
B08165,325,4.13,2.87,44.2,46.9,46.41,92.0
B08166,1783,3.7,4.99,36.3,105.2,32.76,62.64
B08167,1496,3.81,2.99,34.7,87.4,34.3,67.18
B08168,623,3.27,4.22,40.4,51.5,43.44,84.12
B08169,963,4.17,0.51,27.9,66.0,40.01,81.47
B08170,593,3.64,3.76,41.0,57.8,43.2,86.51
B08171,127,3.51,2.24,23.3,35.6,48.72,99.66
B08172,321,3.48,1.57,41.5,41.5,46.22,91.74
B08173,1031,3.5,0.82,21.2,71.3,40.05,78.66
B08174,788,3.92,2.89,26.5,60.5,41.85,85.7
B08175,160,3.34,0.59,24.2,40.3,49.19,98.28
B08176,898,3.81,3.31,33.3,69.1,41.37,81.71
B08177,1202,3.93,4.09,22.6,77.5,38.66,77.51
B08178,328,3.8,4.79,20.1,38.7,46.11,95.36
B08179,1280,3.22,1.27,22.9,84.5,36.98,76.48
B08180,178,3.71,1.12,32.6,35.4,47.38,95.65
B08181,974,3.22,1.93,38.6,70.7,41.04,77.86
B08182,764,3.33,3.02,45.7,57.9,42.05,81.22
B08183,1540,3.65,3.82,25.1,87.3,34.75,69.86
B08184,1369,3.49,2.22,32.7,82.4,36.76,71.8
B08185,18,3.29,1.19,30.1,28.4,50.66,98.32
B08186,86,3.41,1.9,33.8,31.3,49.98,95.19
B08187,1879,3.28,4.99,31.5,103.0,30.96,59.5
B08188,353,3.67,4.95,33.6,41.4,47.31,92.92
B08189,1357,3.33,0.67,25.8,87.1,37.15,70.76
B08190,298,3.8,1.78,30.0,43.7,47.3,91.92
B08191,468,3.62,1.37,22.4,46.6,44.95,90.62
B08192,213,3.97,1.68,48.1,34.4,47.26,91.54
B08193,1375,3.85,2.65,23.2,88.6,36.53,73.37
B08194,1621,3.29,2.13,31.8,95.3,34.12,68.03
B08195,1340,3.56,4.25,37.2,80.7,36.58,70.76
B08196,8,3.87,1.15,38.1,29.0,49.21,99.62
B08197,1161,3.65,1.89,48.1,76.0,38.28,72.36
B08198,1582,3.7,2.87,48.5,98.1,34.27,63.57
B08199,110,3.99,2.97,43.0,31.6,48.77,93.45
B08200,1775,3.2,1.99,31.2,105.3,31.31,65.17
B08201,591,3.55,0.84,37.2,56.1,43.73,84.66
B08202,1841,3.33,2.38,40.7,99.3,31.69,59.74
B08203,1742,3.6,0.54,29.9,97.3,32.5,65.3
B08204,503,4.07,4.3,36.0,50.0,44.95,88.95
B08205,784,3.45,2.76,35.6,58.8,43.14,84.46
B08206,1644,3.38,0.87,35.7,91.4,32.84,65.75
B08207,1846,3.39,4.38,32.3,100.6,31.61,63.84
B08208,859,4.0,2.53,34.0,64.8,42.33,83.33
B08209,1496,3.41,2.94,47.4,87.9,35.58,65.48
B08210,750,3.21,4.07,34.1,58.8,42.45,82.54
B08211,1417,3.54,2.99,49.7,84.2,36.47,66.79
B08212,16,4.03,2.58,42.2,27.2,50.38,98.98
B08213,1829,3.64,2.63,22.6,98.8,32.33,64.25
B08214,1640,3.88,3.52,45.7,97.5,34.37,65.33
B08215,1032,3.38,1.68,49.5,72.5,39.46,76.47
B08216,325,3.2,1.48,38.4,41.1,47.19,92.78
B08217,1346,4.09,0.8,33.5,82.2,35.72,71.42
B08218,654,3.85,4.87,40.7,54.1,43.89,83.47
B08219,1693,3.73,3.02,25.2,101.3,32.28,67.85
B08220,445,4.03,4.91,30.2,46.9,45.99,91.62
B08221,1013,4.12,3.81,24.1,74.7,40.15,81.16
B08222,789,3.81,4.2,21.3,61.7,41.26,85.64
B08223,85,3.94,3.97,27.9,36.9,49.67,95.89
B08224,1294,3.58,3.15,24.2,86.0,37.62,73.59
B08225,786,3.84,4.8,27.1,63.7,42.07,85.96
B08226,111,4.03,3.54,38.4,33.3,47.98,95.91
B08227,492,3.7,1.51,45.3,48.0,44.84,85.28
B08228,1762,3.64,4.08,41.9,96.7,32.47,62.43
B08229,377,3.65,1.44,24.3,44.0,45.45,93.99
B08230,1945,4.2,3.06,38.0,112.0,30.5,60.96
B08231,1891,3.88,2.61,40.1,103.2,30.47,59.61
B08232,245,3.52,3.26,35.9,39.5,48.21,95.21
B08233,1817,4.02,4.51,41.8,100.9,31.87,62.16
B08234,215,3.25,1.24,47.1,35.4,46.95,92.53
B08235,984,3.68,1.31,40.2,74.3,39.83,77.62
B08236,585,3.42,2.12,47.6,55.6,44.46,83.43
B08237,1741,4.09,3.78,30.3,100.1,33.37,65.11
B08238,590,3.29,1.57,27.9,51.6,43.73,88.77
B08239,1811,3.67,4.28,32.2,100.2,32.79,63.94
B08240,1962,4.06,1.67,43.1,108.5,30.3,59.29
B08241,1875,3.33,3.02,24.7,100.5,30.92,63.88
B08242,1422,3.59,2.29,34.8,82.4,35.03,70.95
B08243,430,3.54,0.62,31.5,48.1,45.34,91.74
B08244,1277,4.03,0.94,32.4,76.9,38.03,74.37
B08245,856,3.71,4.71,38.6,60.0,40.49,82.05
B08246,1149,3.41,2.17,40.2,75.3,39.47,73.01
B08247,364,4.2,4.07,20.1,45.7,45.97,92.89
B08248,932,3.94,1.76,47.9,69.0,40.73,79.01
B08249,1705,3.64,4.83,43.5,102.4,33.93,64.2
B08250,1849,3.95,4.78,38.8,106.2,31.75,59.12
B08251,417,4.0,2.38,34.9,44.0,45.11,89.22
B08252,772,4.19,1.34,21.4,60.1,42.3,85.72
B08253,931,3.91,1.38,49.0,62.6,40.29,78.95
B08254,1667,3.31,1.58,37.5,101.1,33.28,65.33
B08255,364,3.67,4.59,43.6,47.2,45.64,89.53
B08256,810,3.6,1.4,45.4,61.8,41.22,78.78
B08257,1388,3.27,3.83,20.3,88.2,37.03,72.17
B08258,1529,3.47,3.14,20.6,94.6,34.31,69.65
B08259,1670,3.29,4.97,26.3,97.8,32.69,66.18
B08260,1184,3.21,4.45,30.8,79.2,37.91,76.7
B08261,1513,3.51,3.25,37.3,85.5,33.95,68.0
B08262,960,3.31,3.67,37.7,65.4,40.15,80.39
B08263,1322,3.89,4.73,20.2,81.0,36.74,75.87
B08264,350,3.65,3.14,35.8,39.6,46.72,92.96
B08265,1358,4.1,3.61,34.6,81.5,36.04,72.96
B08266,320,3.63,2.06,25.3,46.6,46.35,91.82
B08267,1256,3.62,1.47,42.7,76.2,37.62,71.37
B08268,1595,3.7,1.51,24.7,96.0,34.65,66.55
B08269,1461,3.69,2.18,47.5,92.6,36.23,69.29
B08270,681,3.24,4.85,28.0,58.4,43.34,85.29
B08271,286,3.54,1.29,30.3,43.5,47.32,93.1
B08272,254,3.5,1.44,47.7,39.9,48.08,92.62
B08273,1042,3.54,3.34,39.4,68.4,39.21,76.04
B08274,232,3.24,2.25,42.7,35.1,47.13,94.27
B08275,1153,3.98,3.27,33.7,74.0,39.28,74.19
B08276,98,3.88,0.82,43.6,34.6,48.02,96.5
B08277,602,4.13,2.7,22.7,51.9,44.27,87.07
B08278,1997,4.0,0.76,21.4,108.7,29.57,61.95
B08279,1877,3.73,2.34,43.0,101.0,31.95,59.86
B08280,1692,3.31,0.52,36.0,100.2,32.31,62.72
B08281,1783,3.35,3.5,20.5,100.6,32.26,63.13
B08282,140,4.13,2.44,28.5,30.9,48.24,94.71
B08283,179,3.55,3.48,39.0,38.0,48.18,93.86
B08284,1276,3.63,3.71,32.6,78.9,36.61,73.69
B08285,164,3.68,0.9,47.0,39.9,49.03,93.32
B08286,1219,4.15,2.16,21.5,76.0,38.06,74.25
B08287,1130,3.8,2.88,45.4,70.3,39.39,72.65
B08288,879,3.64,3.63,34.8,64.3,41.62,81.9
B08289,454,3.99,4.56,31.6,45.2,46.05,89.09
B08290,1531,4.14,1.57,43.0,87.1,33.95,66.14
B08291,1232,3.55,3.82,27.6,79.5,37.8,74.53
B08292,804,3.22,1.36,20.3,66.4,41.19,84.68
B08293,1030,3.8,3.38,33.8,72.3,38.95,78.87
B08294,330,3.89,1.94,33.9,42.1,46.98,92.01
B08295,1971,3.74,3.49,41.6,112.3,30.65,56.12
B08296,234,4.18,2.2,32.7,43.2,47.21,94.15
B08297,1355,3.86,4.91,32.0,86.6,37.34,70.4
B08298,527,3.44,1.38,49.4,48.9,44.73,87.13
B08299,103,3.41,0.83,48.9,34.4,49.28,95.77
B08300,81,3.89,1.85,40.6,29.9,48.74,96.6
B08301,272,3.26,2.89,41.5,41.8,46.93,90.99
B08302,12,3.5,2.47,49.9,30.4,50.67,97.3
B08303,746,3.4,2.45,46.6,56.4,42.21,79.91
B08304,575,4.04,1.09,30.8,49.2,44.24,88.82
B08305,623,3.74,4.13,38.7,56.9,43.84,87.31
B08306,1775,3.69,1.44,47.1,98.1,31.82,59.65
B08307,700,4.03,4.33,42.2,59.0,42.95,81.77
B08308,1688,3.32,1.01,44.1,99.6,32.97,61.66
B08309,348,3.66,1.32,37.6,41.7,46.75,93.09
B08310,1683,3.39,4.13,32.5,93.9,33.27,63.67
B08311,1562,3.49,2.23,25.7,87.9,34.79,66.97
B08312,1328,3.34,2.41,30.3,86.1,36.08,74.41
B08313,1652,3.36,4.2,32.9,99.2,32.67,67.39
B08314,927,3.3,1.13,37.0,63.1,41.65,80.96
B08315,1556,4.12,3.51,23.6,95.5,34.1,70.56
B08316,78,3.61,1.34,27.7,35.7,49.2,98.15
B08317,1760,3.27,3.86,39.4,103.7,31.91,62.74
B08318,1737,3.89,4.66,22.1,94.8,32.6,65.23
B08319,594,3.4,3.64,27.7,53.9,44.66,85.94
B08320,1449,3.65,2.99,20.9,92.4,35.73,73.18
B08321,423,3.55,4.33,31.8,43.0,45.17,90.71
B08322,1216,3.98,1.37,27.0,80.1,38.53,74.15
B08323,1639,3.93,3.2,28.4,97.1,32.91,68.24
B08324,1861,4.09,2.11,27.4,100.8,31.59,61.81
B08325,1951,3.48,4.63,36.0,103.1,29.91,58.56
B08326,0,4.05,0.91,37.4,30.1,50.94,98.4
B08327,1764,3.81,2.81,48.4,102.1,31.59,61.13
B08328,849,3.83,0.74,25.1,67.0,40.61,82.21
B08329,16,4.03,0.88,25.3,26.8,49.24,97.86
B08330,385,3.96,2.54,35.2,47.3,45.71,90.51
B08331,944,3.7,3.06,49.4,67.6,41.13,76.92
B08332,350,3.34,2.13,47.4,43.8,45.88,88.04
B08333,1413,3.87,4.86,43.9,88.8,36.09,69.67
B08334,48,3.74,2.92,39.7,31.5,48.97,96.16
B08335,768,3.25,3.33,33.5,58.0,41.4,84.42
B08336,1836,3.23,1.4,30.3,99.7,31.09,63.1
B08337,924,4.03,3.53,37.5,69.9,41.08,79.9
B08338,1287,3.41,4.8,48.2,76.6,37.4,72.41
B08339,451,3.75,2.46,46.3,43.4,46.38,88.5
B08340,1604,3.89,2.19,25.9,91.2,33.58,69.26
B08341,323,4.06,3.59,47.4,39.5,46.24,91.8
B08342,132,3.65,3.61,27.0,35.6,48.01,95.56
B08343,1788,3.6,1.39,40.1,97.0,32.12,63.73
B08344,34,3.43,2.41,35.6,34.4,49.67,95.79
B08345,815,4.05,1.8,24.8,61.3,41.05,84.83
B08346,916,4.08,3.84,48.3,62.3,41.81,77.87
B08347,1290,3.55,3.26,33.3,86.0,36.21,73.22
B08348,1472,3.24,4.01,47.6,93.6,35.88,66.56
B08349,1393,3.25,2.76,35.8,85.4,36.88,70.18
B08350,1635,3.73,1.76,45.5,93.3,34.58,66.0
B08351,588,3.64,2.64,33.3,53.9,44.88,86.14
B08352,1592,4.16,1.52,47.2,95.2,33.11,64.38
B08353,919,4.02,4.62,46.4,71.8,41.23,80.41
B08354,3,4.16,2.09,30.7,26.8,50.08,100.0
B08355,167,3.94,1.75,32.4,35.5,49.17,96.35
B08356,860,3.53,4.25,25.7,65.7,41.83,83.14
B08357,792,3.21,3.88,38.3,62.7,41.2,81.86
B08358,751,3.22,4.23,26.5,59.5,41.56,83.04
B08359,595,3.75,4.62,34.1,54.4,44.51,87.97
B08360,5,3.36,3.84,43.2,29.6,50.57,96.97
B08361,934,3.78,3.98,46.9,67.6,40.3,78.92
B08362,1470,4.12,2.04,48.9,90.8,35.69,66.23
B08363,613,3.77,3.35,26.5,50.9,43.02,88.58
B08364,873,4.17,2.84,47.0,65.7,41.63,80.17
B08365,15,3.68,2.87,43.7,32.0,50.03,95.8
B08366,1732,3.31,2.41,46.3,99.0,33.04,60.29
B08367,1373,4.07,3.96,31.4,80.9,36.22,72.54
B08368,395,3.22,4.34,23.1,42.4,46.4,91.81
B08369,1776,3.28,1.98,38.9,100.7,32.74,61.85
B08370,1423,3.6,4.83,26.7,83.3,35.63,71.27
B08371,487,4.14,4.38,22.9,53.3,45.42,91.02
B08372,257,3.43,1.07,36.3,36.3,47.28,95.06
B08373,322,3.53,2.13,28.3,38.2,46.86,94.4
B08374,141,3.4,3.61,28.2,37.1,48.5,95.37
B08375,699,4.15,3.33,33.2,58.7,43.91,84.48
B08376,1247,3.6,1.9,47.3,79.2,36.59,71.85
B08377,1682,4.03,4.92,36.2,99.6,33.76,64.44
B08378,1788,3.65,0.65,40.4,98.1,32.23,60.85
B08379,1513,3.71,2.75,21.2,86.8,35.19,69.72
B08380,761,4.07,2.64,48.6,61.2,42.75,79.61
B08381,542,3.26,1.85,41.9,51.6,44.28,85.73
B08382,534,3.36,1.15,42.0,46.6,45.65,87.08
B08383,640,3.55,0.97,41.8,52.5,43.87,83.84
B08384,72,3.75,3.1,20.9,29.3,50.06,98.69
B08385,737,3.99,1.42,25.0,64.4,41.99,85.36
B08386,879,3.54,1.73,24.1,60.2,41.22,84.35
B08387,1745,4.09,1.06,34.1,96.3,33.48,61.97
B08388,1722,3.3,4.5,43.4,96.2,32.54,63.16
B08389,721,3.3,4.25,34.7,54.6,42.68,84.61
B08390,1883,3.94,2.28,44.0,105.1,30.41,60.72
B08391,566,3.99,2.76,20.3,55.5,44.22,88.66
B08392,1509,3.97,4.43,27.4,90.0,35.87,71.44
B08393,352,3.38,2.68,32.2,40.7,46.31,93.66
B08394,1019,3.85,1.03,31.0,68.3,38.86,77.51
B08395,892,3.88,4.13,35.0,65.9,41.12,82.09
B08396,1305,4.18,4.29,30.8,83.6,37.15,71.84
B08397,1445,3.46,1.97,44.2,85.4,34.96,68.71
B08398,679,3.71,1.99,48.5,57.3,43.79,84.16
B08399,1824,3.53,2.29,21.3,101.3,31.81,63.54
B08400,1091,3.33,2.32,38.6,78.2,38.9,74.84
B08401,1883,3.65,4.87,48.2,101.5,30.97,58.15
B08402,663,3.71,3.04,24.8,53.3,44.14,88.39
B08403,362,3.97,1.45,41.1,42.0,45.81,89.29
B08404,797,3.66,4.89,43.2,60.2,41.54,79.99
B08405,310,3.83,4.88,36.2,41.7,47.58,92.84
B08406,94,4.14,2.09,47.1,30.4,49.11,95.48
B08407,1603,3.25,1.59,41.4,96.2,34.28,64.06
B08408,268,3.67,2.65,28.5,42.2,47.9,92.79
B08409,1330,3.57,3.73,31.3,88.0,37.56,73.42
B08410,102,3.39,4.7,33.5,37.9,49.88,95.84
B08411,363,3.37,2.16,45.3,44.1,45.87,91.64
B08412,231,3.83,3.2,23.2,36.6,48.26,96.06
B08413,127,3.61,2.58,21.7,32.3,48.22,97.15
B08414,1853,4.07,1.92,47.6,108.8,32.04,59.17
B08415,35,4.18,1.88,22.7,32.0,49.68,98.48
B08416,1035,3.82,1.12,44.5,70.7,40.22,75.42
B08417,1883,3.24,1.12,49.9,107.3,30.17,60.49
B08418,1183,3.64,0.59,26.7,76.6,38.11,77.48
B08419,315,3.23,0.59,47.6,46.1,47.67,90.47
B08420,570,3.46,4.87,34.5,49.8,44.89,89.0
B08421,884,3.36,4.45,21.1,61.2,40.8,84.9
B08422,1692,4.14,3.7,27.5,101.3,33.39,66.98
B08423,1649,3.55,1.35,21.0,100.8,33.43,65.76
B08424,1949,3.4,3.69,43.0,106.3,30.68,58.95
B08425,1286,3.68,2.91,27.4,80.4,36.83,73.95
B08426,863,3.36,1.23,36.0,67.4,41.6,79.69
B08427,474,3.21,3.0,25.4,48.2,45.93,88.87
B08428,266,3.98,4.66,40.1,44.5,47.54,92.61
B08429,412,3.44,3.44,25.1,47.5,45.02,93.43
B08430,418,4.0,3.83,26.5,49.1,45.71,90.06
B08431,89,3.98,4.92,22.8,37.3,49.08,96.65
B08432,961,3.37,2.32,29.1,72.4,40.56,78.85
B08433,1745,4.09,2.67,45.4,96.9,32.36,62.39
B08434,499,3.51,0.59,29.9,47.3,45.79,88.95
B08435,1998,3.83,1.55,32.0,112.5,30.23,58.23
B08436,726,3.65,3.49,28.7,63.9,42.4,84.23
B08437,795,3.32,0.76,28.4,64.7,41.5,82.28
B08438,355,3.92,1.5,31.1,41.8,47.33,92.56
B08439,1390,3.42,2.44,47.2,81.9,35.26,68.1
B08440,618,4.17,0.92,41.3,58.7,43.72,85.03
B08441,1731,4.02,2.54,35.2,102.1,33.25,63.49
B08442,993,3.58,1.87,29.2,72.2,39.14,77.58
B08443,780,3.85,1.03,36.2,58.8,42.88,81.47
B08444,438,3.47,1.22,33.9,50.5,44.98,90.47
B08445,1616,3.32,4.67,30.0,91.3,33.99,65.77
B08446,1321,4.12,4.95,26.0,78.1,37.64,71.76
B08447,691,4.03,4.54,39.3,62.3,43.41,85.47
B08448,1157,3.47,0.61,47.9,74.3,37.64,74.0
B08449,1284,3.23,4.67,47.4,78.4,37.7,72.37
B08450,1360,3.42,2.75,31.3,81.1,36.03,72.44
B08451,1400,3.81,2.99,41.2,88.0,35.95,69.85
B08452,1782,3.66,2.19,24.6,100.6,32.4,66.39
B08453,1676,3.6,2.4,39.1,97.8,33.36,63.32
B08454,1948,3.43,0.69,32.6,108.7,31.0,59.01
B08455,1954,3.4,4.89,43.9,113.1,30.25,56.34
B08456,1138,4.06,1.75,40.2,79.4,38.1,75.84
B08457,598,3.65,3.92,33.9,56.7,44.61,87.17
B08458,1590,3.79,3.13,28.8,90.8,33.99,66.37
B08459,269,3.31,0.88,35.2,36.2,46.92,94.69
B08460,699,3.29,3.54,29.4,53.1,42.38,84.25
B08461,1092,3.86,3.14,30.2,71.5,38.49,78.47
B08462,1401,3.85,1.8,33.4,81.8,36.55,69.35
B08463,861,3.6,1.26,30.6,64.6,41.44,82.5
B08464,1993,3.71,1.93,39.0,108.3,30.97,56.34
B08465,1271,4.04,4.61,29.2,85.5,37.86,75.47
B08466,148,3.77,0.75,48.5,40.5,49.21,94.83
B08467,1035,4.07,4.87,37.5,73.3,40.41,75.67
B08468,457,3.62,1.78,24.8,47.4,44.84,92.16
B08469,1767,4.19,1.14,29.3,97.0,33.03,62.46
B08470,595,3.85,1.82,45.1,57.0,44.68,86.17
B08471,1596,4.07,2.94,46.9,94.1,33.69,66.25
B08472,405,4.16,4.43,22.0,44.9,45.09,94.26
B08473,530,4.12,4.6,23.7,52.5,44.91,87.9
B08474,858,3.49,4.46,27.3,69.1,40.78,82.59
B08475,188,3.23,3.54,33.1,39.9,48.42,94.04
B08476,1941,3.5,2.55,20.3,107.3,30.63,60.12
B08477,214,3.3,2.61,39.5,42.6,48.86,92.45
B08478,1950,3.58,1.6,31.8,110.6,31.46,61.7
B08479,1629,4.05,3.69,49.6,100.0,34.51,62.54
B08480,919,3.99,4.72,40.6,62.3,40.66,81.27
B08481,123,3.83,1.3,48.6,36.5,48.67,94.38
B08482,537,3.87,2.95,20.2,55.5,44.44,89.71
B08483,1240,3.34,4.15,45.9,79.5,38.44,70.7
B08484,631,4.13,2.65,39.0,59.3,43.09,84.18
B08485,6,3.36,4.24,33.4,30.6,50.13,99.58
B08486,227,3.91,2.95,33.5,44.0,47.22,92.84
B08487,650,4.17,1.39,49.4,59.0,42.64,82.26
B08488,1143,3.43,3.38,20.4,77.4,38.32,79.16
B08489,1287,3.78,2.84,41.0,76.5,38.13,71.16
B08490,1296,4.19,0.56,38.2,84.7,36.09,73.43
B08491,1641,3.46,1.93,45.7,95.2,33.9,64.05
B08492,1872,3.22,2.03,25.6,108.5,30.99,64.34
B08493,1827,3.26,2.81,30.3,106.3,31.68,63.89
B08494,1443,3.79,1.47,22.5,89.8,35.25,72.75
B08495,186,3.54,0.74,33.2,32.7,48.72,95.78
B08496,1821,3.26,0.97,27.2,98.9,32.01,62.05
B08497,1349,3.23,2.68,47.0,85.4,36.1,71.09
B08498,1455,3.58,4.43,27.2,90.4,35.78,72.08
B08499,1580,3.43,4.6,38.4,95.0,34.17,66.62
B08500,1124,3.34,4.94,28.1,78.5,38.57,76.74
B08501,1693,3.44,2.17,32.7,96.3,32.16,64.22
B08502,131,3.32,4.67,45.1,36.6,47.98,93.93
B08503,345,3.29,3.29,25.8,40.2,46.08,92.86
B08504,559,3.49,0.76,23.5,51.6,44.61,88.43
B08505,414,3.88,3.5,46.6,44.1,45.1,86.65
B08506,357,4.02,4.68,25.4,41.7,47.4,92.27
B08507,353,3.63,3.34,41.4,41.2,46.82,88.87
B08508,1023,3.31,3.77,44.3,73.7,39.53,77.22
B08509,1264,3.41,4.11,33.9,85.4,37.37,75.16
B08510,1341,3.9,2.94,40.3,83.3,36.57,70.8
B08511,156,3.39,4.24,49.3,35.6,47.56,93.34
B08512,497,4.0,1.05,35.6,52.4,45.16,90.02
B08513,1788,3.96,3.9,45.4,101.3,32.38,61.99
B08514,1550,3.72,2.84,35.8,90.8,34.45,66.24
B08515,79,3.77,0.9,37.5,30.0,49.8,96.97
B08516,234,3.95,4.37,39.7,37.2,48.15,94.3
B08517,1164,3.49,4.59,48.8,78.0,39.28,73.47
B08518,917,4.14,1.05,23.5,65.3,39.99,80.12
B08519,1999,4.2,1.85,47.5,112.9,29.41,58.07
B08520,1005,4.0,1.44,20.8,72.4,39.68,80.0
B08521,511,3.4,2.82,38.8,53.3,44.97,86.96
B08522,1580,3.78,1.19,49.9,93.1,33.84,64.05
B08523,130,3.66,0.67,24.4,37.7,47.77,98.06
B08524,1910,4.19,4.58,24.7,110.6,30.89,62.49
B08525,708,3.89,1.46,35.4,55.5,41.93,82.81
B08526,1016,3.27,3.61,40.8,73.4,40.5,78.02
B08527,1989,3.69,4.67,48.6,106.4,30.79,58.57
B08528,800,3.38,0.77,32.1,61.5,42.43,84.35
B08529,474,3.34,2.19,36.2,50.8,45.55,87.65
B08530,967,3.3,3.74,26.5,63.9,40.28,80.83
B08531,1240,3.49,1.0,35.2,82.9,37.84,72.0
B08532,405,4.13,3.9,41.7,49.0,45.12,88.14
B08533,32,3.79,3.38,41.9,28.2,50.37,96.66
B08534,198,4.01,1.74,44.9,42.0,48.55,92.53
B08535,1367,4.02,4.3,20.8,89.0,36.83,75.09
B08536,1005,3.3,4.74,44.3,65.6,40.11,77.81
B08537,697,4.08,4.95,24.5,62.2,43.89,85.32
B08538,822,3.58,2.26,41.5,60.0,42.13,83.03
B08539,1017,4.13,2.01,39.1,73.5,39.17,76.13
B08540,967,3.56,2.27,45.2,65.5,41.13,79.06
B08541,199,3.67,2.08,25.8,40.6,47.4,94.99
B08542,1228,3.8,2.76,45.2,83.7,38.49,72.04
B08543,362,3.23,1.44,37.1,46.0,46.12,89.75
B08544,558,4.13,2.65,30.7,51.9,44.71,87.36
B08545,1900,3.78,2.68,41.4,108.1,31.2,58.42
B08546,1249,4.05,4.31,35.9,81.7,38.22,72.32
B08547,1319,3.47,2.94,43.5,77.8,36.08,72.83
B08548,1029,3.56,4.71,33.1,74.9,39.44,76.62
B08549,78,3.45,0.89,26.1,29.1,49.04,99.66
B08550,1952,3.69,2.32,28.4,107.9,29.57,62.27
B08551,537,3.8,1.41,22.7,47.4,43.93,89.86
B08552,598,3.5,4.7,30.8,55.2,43.41,85.95
B08553,1163,3.94,4.25,46.5,73.8,38.97,75.39
B08554,1102,4.17,2.9,29.9,71.4,39.27,79.14
B08555,862,3.37,4.37,29.1,66.7,40.49,84.02
B08556,998,3.87,2.68,44.2,67.0,39.33,75.79
B08557,1151,3.64,3.09,44.0,71.3,39.38,73.84
B08558,1256,3.87,1.13,21.7,76.7,36.49,76.75
B08559,1732,3.77,3.71,38.1,96.8,31.99,64.35
B08560,1207,3.24,1.96,35.5,76.0,38.63,75.83
B08561,1696,3.36,1.76,25.2,98.0,33.51,64.61
B08562,1558,3.23,2.79,48.0,94.7,34.13,64.86
B08563,1353,3.39,3.03,29.7,80.4,36.46,72.22
B08564,1788,3.28,0.9,25.0,98.0,32.97,64.69
B08565,665,3.49,0.87,21.6,51.6,43.82,87.78
B08566,642,3.96,1.94,35.4,59.4,43.92,85.13
B08567,1615,3.55,4.32,45.7,92.1,34.36,63.93
B08568,1084,3.47,1.12,45.4,74.6,38.69,74.42
B08569,504,4.2,4.67,28.1,47.2,44.84,90.26
B08570,352,3.21,3.13,46.0,43.5,46.1,89.38
B08571,275,3.32,4.42,25.0,39.8,47.83,93.07
B08572,466,3.24,2.21,48.0,48.0,45.71,86.3
B08573,423,3.94,3.19,29.6,46.4,45.82,92.14
B08574,167,3.69,2.42,37.3,37.6,48.85,94.72
B08575,335,4.08,1.88,44.5,44.3,46.34,90.87
B08576,1882,3.25,3.61,26.6,106.8,31.94,63.95
B08577,167,3.55,3.92,26.9,37.4,47.96,94.72
B08578,234,4.16,4.84,46.8,35.4,47.76,90.64
B08579,56,3.79,2.85,44.5,34.4,48.88,95.85
B08580,638,4.08,2.02,22.0,51.0,43.11,88.25
B08581,4,3.46,4.56,26.1,26.2,50.35,97.88
B08582,837,3.83,2.98,43.3,61.1,42.42,79.47
B08583,1646,3.76,4.47,24.9,93.6,33.42,67.04
B08584,1277,3.78,1.14,20.0,83.0,38.08,74.94
B08585,1960,3.6,2.24,31.0,106.5,30.06,61.05
B08586,264,3.21,3.39,24.3,37.7,47.88,94.46
B08587,1150,3.56,3.85,27.9,76.6,38.65,74.77
B08588,1478,3.31,2.89,45.0,92.1,35.31,67.46
B08589,1287,4.16,4.91,23.9,79.4,38.13,74.81
B08590,1586,3.67,3.55,32.9,96.3,33.28,66.91
B08591,23,4.1,3.15,47.6,27.8,50.18,97.42
B08592,1214,3.85,3.86,25.9,78.1,37.85,73.69
B08593,511,3.9,3.37,41.5,51.4,43.91,86.32
B08594,839,3.33,2.43,37.6,63.3,41.63,83.27
B08595,1828,3.3,1.59,35.5,101.4,31.03,60.01
B08596,1626,3.65,0.53,31.4,99.6,33.55,65.47
B08597,428,3.76,1.4,25.6,44.1,46.63,92.46
B08598,154,3.61,3.14,29.0,34.8,48.07,95.36
B08599,1064,3.48,2.63,38.8,73.8,40.32,78.06
B08600,1935,3.33,0.83,32.4,107.5,30.1,60.5
B08601,457,3.67,3.83,39.3,52.7,46.14,88.62
B08602,1570,3.92,4.02,43.6,92.3,33.49,64.87
B08603,1690,4.05,3.32,23.6,94.9,33.31,66.8
B08604,1234,3.71,3.81,23.5,80.3,38.49,73.97
B08605,202,4.04,4.14,37.7,41.0,47.0,94.34
B08606,1682,3.64,1.44,43.6,96.1,32.26,65.37
B08607,1528,3.22,1.48,48.4,87.2,34.22,66.5
B08608,1677,4.01,3.61,21.3,98.3,32.49,67.87
B08609,879,3.7,4.56,41.0,62.5,40.78,80.57
B08610,1572,3.2,2.9,43.8,97.8,33.72,64.57
B08611,1490,4.04,4.87,28.5,86.0,35.54,69.32
B08612,540,3.78,3.36,35.8,54.8,44.26,86.3
B08613,164,4.04,3.1,25.4,38.5,49.31,96.15
B08614,1884,3.61,3.69,47.4,101.2,31.2,59.58
B08615,1941,3.9,4.88,27.5,102.9,30.24,61.06
B08616,1004,4.09,4.1,34.3,69.0,40.2,79.52
B08617,94,3.6,3.16,48.6,31.4,49.3,93.41
B08618,1,4.05,1.86,25.8,34.8,50.09,98.0
B08619,555,4.05,4.25,48.6,50.7,44.52,84.43
B08620,1332,3.48,1.37,35.5,83.4,36.82,69.88
B08621,606,3.34,2.62,28.1,51.9,43.14,86.16
B08622,1372,4.18,2.12,39.3,89.4,36.56,71.19
B08623,328,3.55,1.51,29.2,46.6,46.58,93.61
B08624,1182,3.42,2.31,49.0,72.5,38.12,72.13
B08625,1832,3.63,1.06,41.5,105.7,31.52,61.0
B08626,936,3.54,4.57,22.7,69.3,41.36,82.1
B08627,929,3.53,3.68,34.1,68.9,41.02,78.15
B08628,304,3.71,2.14,32.2,39.0,46.43,91.99
B08629,1790,3.99,2.5,29.3,100.5,32.52,63.11
B08630,1561,3.86,3.94,24.8,92.2,33.76,68.85
B08631,1093,3.92,2.16,26.0,78.1,38.52,78.09
B08632,1631,3.29,0.54,47.5,100.0,33.06,65.91
B08633,274,3.55,2.5,45.4,43.6,46.3,90.09
B08634,926,3.97,0.67,28.5,66.1,41.21,82.52
B08635,637,3.57,3.2,40.7,59.6,43.9,83.05
B08636,1048,3.62,4.26,46.3,75.1,39.88,75.43
B08637,1104,4.11,1.18,27.4,70.1,38.42,75.77
B08638,1291,3.77,3.56,44.1,84.2,36.41,69.64
B08639,1056,3.23,2.72,42.6,71.3,39.39,77.78
B08640,278,3.88,4.95,33.9,37.5,47.05,94.48
B08641,1953,3.43,0.53,40.2,109.8,30.56,57.72
B08642,1914,4.11,3.85,27.8,111.5,30.68,60.56
B08643,466,3.47,2.66,31.2,46.4,45.59,89.67
B08644,44,3.74,2.41,42.6,30.6,49.56,96.65
B08645,634,3.76,1.06,20.3,53.2,43.3,87.89
B08646,1834,3.84,4.9,32.2,102.2,31.27,60.74
B08647,1679,3.31,3.5,21.1,97.3,34.11,65.05
B08648,1557,3.7,2.89,28.6,88.7,35.37,69.18
B08649,304,3.48,2.95,40.6,40.6,47.13,92.72
B08650,712,4.17,0.71,29.7,61.3,43.78,84.41
B08651,1822,4.15,4.4,41.1,107.0,32.68,60.72
B08652,1216,3.4,4.78,49.7,74.2,37.49,71.05
B08653,1682,4.09,3.88,38.6,98.0,33.72,66.19
B08654,697,4.04,2.22,37.4,55.1,42.6,84.82
B08655,678,3.43,4.72,33.2,54.5,42.43,85.18
B08656,1479,3.3,3.59,27.5,88.7,35.26,71.08
B08657,1994,3.85,0.56,33.6,114.0,29.99,59.51
B08658,1818,3.25,2.9,37.0,98.2,31.39,60.81
B08659,1773,3.78,0.55,35.7,105.5,31.8,61.56
B08660,508,3.81,3.45,30.2,48.6,45.83,87.33
B08661,518,3.62,4.7,39.5,51.7,45.11,86.2
B08662,1665,3.6,1.08,37.8,98.3,33.99,64.33
B08663,847,4.05,2.92,37.5,64.3,41.02,80.9
B08664,1763,3.88,4.65,47.7,97.0,33.13,61.79
B08665,1656,3.68,0.68,40.7,91.4,34.15,65.93
B08666,365,3.44,0.76,35.8,49.0,46.78,90.77
B08667,521,3.76,2.62,32.5,47.6,44.19,89.88
B08668,272,3.91,3.84,32.9,44.0,47.94,95.23
B08669,526,3.34,1.16,30.9,46.5,44.29,86.85
B08670,1656,4.14,1.23,40.5,91.6,33.1,64.08
B08671,193,3.7,3.03,35.7,33.5,48.89,95.23
B08672,699,3.83,1.37,25.3,59.1,43.11,86.24
B08673,140,3.56,1.79,49.5,31.6,48.02,94.97
B08674,709,3.47,1.84,27.5,58.5,42.02,86.4
B08675,463,3.7,1.41,43.6,53.0,45.71,89.03
B08676,1226,3.88,0.74,34.9,82.8,37.14,74.97
B08677,1165,3.73,3.88,26.7,78.2,37.94,75.3
B08678,1214,3.89,4.6,38.3,77.0,38.72,71.93
B08679,364,3.73,4.1,45.5,48.8,46.4,89.48
B08680,1792,3.94,4.03,44.3,99.3,31.37,59.32
B08681,841,3.3,4.33,38.5,66.2,41.68,81.3
B08682,1901,4.06,2.21,28.7,102.0,31.72,60.37
B08683,1173,3.63,4.23,36.4,77.3,38.85,75.85
B08684,1320,3.63,2.1,20.8,78.3,36.75,74.79
B08685,1757,4.15,4.11,30.1,97.7,33.12,63.49
B08686,618,3.28,3.89,48.5,54.9,43.69,85.31
B08687,1833,3.59,1.61,21.6,100.3,31.36,64.02
B08688,147,3.71,1.62,48.2,33.0,48.26,92.4
B08689,1256,3.69,4.78,23.2,77.4,37.77,76.02
B08690,1481,4.0,4.9,34.7,84.5,34.8,68.01
B08691,1281,4.17,0.7,25.0,78.2,38.06,75.94
B08692,944,3.55,3.99,44.9,65.3,40.29,76.61
B08693,1989,3.79,3.07,43.9,110.6,29.87,56.22
B08694,1816,3.69,1.79,20.9,97.7,32.23,62.5
B08695,1076,3.82,1.75,27.4,74.7,39.4,76.6
B08696,1001,4.03,4.04,40.2,74.2,39.26,77.96
B08697,1257,3.47,1.54,25.3,81.0,37.25,73.73
B08698,370,4.17,1.35,32.2,40.3,45.55,90.73
B08699,555,3.99,1.44,30.0,49.2,43.46,86.16
B08700,1373,4.06,1.97,39.3,83.2,35.52,68.6
B08701,815,3.22,2.67,37.5,63.3,41.76,79.87
B08702,1296,3.49,3.2,38.2,86.0,36.12,72.47
B08703,597,3.38,2.0,31.7,55.0,43.42,87.26
B08704,229,3.78,2.74,30.2,36.6,47.36,96.28
B08705,1925,3.21,0.5,39.5,104.9,31.45,59.07
B08706,956,3.36,4.52,35.9,66.8,40.72,77.41
B08707,1951,4.06,3.12,24.5,108.7,31.42,61.62
B08708,480,3.6,1.12,23.1,50.8,46.19,91.79
B08709,365,3.42,0.89,40.6,43.1,47.13,89.02
B08710,1241,4.17,4.75,22.2,83.2,36.75,75.92
B08711,938,4.16,3.14,34.5,67.4,39.89,80.66
B08712,173,3.89,3.7,24.6,39.1,47.88,97.41
B08713,560,3.78,3.95,27.9,51.7,45.17,89.45
B08714,596,3.36,1.23,34.0,55.8,43.79,85.13
B08715,973,4.12,0.67,25.6,66.8,41.04,79.38
B08716,1280,3.75,1.8,47.6,81.1,36.58,69.59
B08717,1443,3.69,4.73,43.3,89.0,34.99,67.31
B08718,1854,3.3,3.14,21.4,102.2,32.38,61.74
B08719,1344,3.93,2.84,40.5,88.2,37.03,70.8
B08720,1283,3.48,1.36,48.7,76.4,38.16,69.56
B08721,299,3.95,2.58,27.9,42.2,46.04,93.29
B08722,1995,3.39,3.99,32.8,109.5,29.26,58.02
B08723,111,3.38,3.02,46.6,29.9,49.86,92.93
B08724,1701,3.68,3.27,28.2,99.3,33.32,65.34
B08725,208,3.57,4.07,41.8,41.6,47.09,92.53
B08726,1402,3.61,2.7,39.5,85.0,35.75,67.95
B08727,1230,3.57,1.06,42.0,82.7,38.09,74.05
B08728,1677,3.96,1.56,43.4,98.5,32.4,63.5
B08729,696,3.64,1.5,22.3,53.5,43.07,85.54
B08730,1391,3.27,4.25,49.9,90.4,35.47,67.3
B08731,1919,4.09,1.11,44.4,106.8,30.65,57.21
B08732,436,4.04,1.98,29.7,51.7,46.49,90.78
B08733,1916,4.14,1.33,41.2,111.0,31.22,58.68
B08734,1564,3.72,2.87,25.4,95.3,34.91,68.58
B08735,1617,3.55,3.37,40.4,97.2,33.52,63.67
B08736,1906,3.97,4.39,46.5,111.2,30.89,60.6
B08737,255,3.44,3.35,34.8,37.3,48.26,94.34
B08738,734,3.33,3.52,33.9,60.3,42.43,82.94
B08739,526,3.54,4.18,29.8,55.5,45.22,87.16
B08740,84,3.63,2.49,34.8,37.8,48.3,98.51
B08741,1160,4.08,2.49,34.6,75.6,37.77,76.58
B08742,1428,3.65,3.4,34.5,88.4,36.3,70.22
B08743,676,3.49,1.8,48.8,57.3,43.12,83.03
B08744,767,3.94,3.05,44.7,60.5,42.46,81.9
B08745,198,3.47,0.99,24.5,33.0,47.61,96.14
B08746,167,3.49,3.21,27.3,33.2,47.83,94.54
B08747,1101,3.22,2.0,32.3,74.1,39.01,77.6
B08748,1888,3.84,4.98,41.4,102.4,32.11,58.81
B08749,64,3.88,3.01,39.4,37.5,50.07,96.88
B08750,1991,3.65,1.39,46.2,107.0,29.93,55.82
B08751,1230,3.7,0.83,26.1,81.8,36.79,74.75
B08752,842,3.92,1.32,36.1,68.1,42.12,82.96
B08753,879,3.65,4.01,25.4,68.5,41.84,80.87
B08754,254,4.0,1.51,45.4,39.1,48.22,91.41
B08755,1687,3.86,2.8,49.4,102.3,32.14,63.68
B08756,1615,3.79,1.7,22.0,93.8,33.05,66.94
B08757,678,3.23,1.05,44.5,52.5,42.49,83.67
B08758,1926,3.82,4.29,46.4,107.1,30.98,58.26
B08759,353,3.3,4.56,27.7,47.4,45.75,90.78
B08760,371,4.14,2.86,26.3,48.4,46.59,94.23
B08761,1593,4.02,2.08,39.3,90.3,34.85,64.0
B08762,389,3.82,4.72,45.8,42.2,45.92,90.98
B08763,1081,3.72,0.7,29.5,76.9,38.25,79.25
B08764,780,3.81,4.29,25.5,61.8,41.53,84.84
B08765,568,3.99,4.75,34.6,50.1,44.01,87.1
B08766,33,3.26,0.53,46.6,34.7,50.45,94.54
B08767,286,3.94,1.27,30.6,45.8,46.87,92.36
B08768,13,3.59,2.81,25.3,33.8,50.87,98.02
B08769,20,3.74,4.92,47.3,26.8,50.03,95.07
B08770,533,3.44,2.98,43.7,48.2,44.1,87.15
B08771,852,4.03,0.66,48.5,65.3,41.61,80.94
B08772,1072,3.33,2.0,23.9,70.4,40.07,80.13
B08773,989,3.85,1.76,38.3,66.9,40.79,77.66
B08774,1001,3.96,3.28,26.6,73.9,39.37,80.32
B08775,1776,3.25,0.53,27.7,103.2,31.46,64.19
B08776,421,3.8,1.47,33.6,50.6,45.06,88.3
B08777,684,3.72,3.56,25.0,58.8,43.44,87.27
B08778,59,4.1,3.81,21.6,33.7,50.37,98.42
B08779,829,3.78,4.76,48.9,64.7,42.05,81.28
B08780,1293,4.04,2.8,28.0,78.2,36.21,72.93
B08781,1215,3.37,2.11,41.7,83.4,37.01,74.14
B08782,967,4.1,2.59,28.4,73.6,39.62,79.15
B08783,1102,3.53,4.81,33.5,72.6,38.4,75.47
B08784,1089,3.56,2.12,48.6,76.2,38.31,75.37
B08785,444,4.1,2.25,32.8,47.4,45.86,90.05
B08786,678,3.79,4.67,28.0,60.3,43.51,85.49
B08787,137,3.85,2.67,48.7,34.5,48.64,95.08
B08788,920,3.5,1.86,38.8,69.0,40.0,79.01
B08789,70,3.37,1.07,23.3,32.0,49.47,97.05
B08790,1120,3.51,4.09,25.2,74.5,39.65,78.43
B08791,964,3.93,4.15,23.0,69.2,41.06,79.7
B08792,690,3.33,2.35,38.0,59.0,44.07,85.15
B08793,741,3.77,0.6,21.9,54.8,42.97,86.37
B08794,684,4.2,2.26,22.4,59.8,43.62,87.97
B08795,679,4.16,1.45,27.6,58.3,44.2,88.0
B08796,1249,3.91,4.11,46.7,81.2,37.12,71.67
B08797,528,3.8,2.71,29.8,56.1,44.96,87.1
B08798,1543,4.08,4.3,29.2,93.7,33.9,68.48
B08799,233,3.51,2.7,29.8,42.1,47.64,95.92
B08800,1944,3.77,4.64,31.7,104.6,31.16,59.34
B08801,1291,3.22,4.26,33.3,82.5,36.81,71.35
B08802,1173,3.64,1.68,49.9,78.2,37.46,71.99
B08803,1190,3.42,2.58,45.3,80.5,37.38,72.82
B08804,1039,3.83,3.8,23.6,73.8,38.74,81.27
B08805,1811,3.71,1.18,41.9,103.8,32.32,60.63
B08806,1733,3.87,3.52,49.8,104.2,33.5,60.43
B08807,884,3.45,3.46,39.6,64.3,41.42,78.57
B08808,1845,3.35,3.88,34.4,101.5,32.17,61.41
B08809,584,3.66,1.22,22.8,49.5,43.38,86.77
B08810,1413,3.39,4.61,40.8,88.3,36.72,69.56
B08811,1283,3.76,3.73,38.8,80.9,37.25,72.45
B08812,549,4.15,2.62,40.2,52.5,45.48,87.57
B08813,1492,3.4,3.16,20.4,94.1,34.16,70.57
B08814,1313,4.13,4.1,23.1,86.4,37.19,74.19
B08815,238,4.07,0.86,49.1,41.4,48.34,91.72
B08816,246,4.19,2.2,23.5,35.8,47.0,94.17
B08817,819,3.24,0.87,27.6,62.2,41.68,81.9
B08818,547,3.38,3.0,41.3,48.4,44.69,84.85
B08819,1020,3.74,0.98,36.3,72.4,39.46,78.06
B08820,877,3.88,0.8,37.1,69.0,40.91,79.05
B08821,291,4.08,1.19,31.9,38.8,47.49,92.25
B08822,1520,3.8,3.8,29.0,86.8,35.08,70.41
B08823,1750,3.55,3.32,36.6,96.9,31.83,64.36
B08824,194,3.83,1.52,29.2,38.3,47.17,95.58
B08825,1472,3.62,1.84,34.8,88.4,34.85,69.26
B08826,1272,4.16,2.05,20.3,80.8,37.39,77.16
B08827,133,3.58,1.56,46.9,32.5,49.53,92.35
B08828,890,3.97,4.78,28.6,63.2,41.83,79.82
B08829,1606,3.2,4.12,29.7,91.6,33.07,67.26
B08830,917,4.13,1.21,44.9,62.6,41.28,78.34
B08831,1376,3.38,1.75,38.9,80.9,36.75,70.99
B08832,1919,3.78,3.52,41.0,107.6,31.1,57.39
B08833,1551,3.52,0.72,23.2,93.7,34.31,70.95
B08834,752,4.12,0.62,30.8,60.2,43.21,85.37
B08835,1307,3.86,3.82,21.9,85.7,36.47,74.41
B08836,1636,3.64,4.47,40.1,92.2,33.3,64.91
B08837,879,4.08,3.64,31.9,68.6,40.97,82.35
B08838,1923,3.61,1.17,38.1,102.3,30.54,58.8
B08839,1555,3.56,2.08,49.0,95.9,35.24,66.4
B08840,796,3.46,3.2,33.0,59.3,43.0,83.13
B08841,1410,4.09,3.3,47.6,83.6,35.75,67.46
B08842,1937,3.65,2.71,41.7,103.8,30.58,57.09
B08843,172,3.99,4.62,21.6,35.0,48.82,97.52
B08844,120,4.18,4.99,37.0,36.3,48.21,97.5
B08845,591,3.45,3.7,24.5,49.5,43.22,87.93
B08846,708,3.24,4.88,48.3,59.2,42.24,84.27
B08847,830,3.44,4.59,48.0,66.6,42.23,80.89
B08848,1644,3.27,2.01,48.7,97.1,34.36,62.81
B08849,1057,3.47,3.33,35.7,71.2,39.78,76.36
B08850,1409,3.48,3.19,22.7,83.3,35.67,73.27
B08851,1464,4.17,0.88,48.3,85.6,34.62,69.01
B08852,542,3.59,4.92,48.8,55.1,45.4,84.91
B08853,339,3.7,4.6,24.2,46.0,46.12,94.97
B08854,816,4.12,2.42,34.4,63.0,40.89,81.73
B08855,1902,3.24,0.72,35.0,110.5,31.38,60.79
B08856,1192,3.59,3.61,28.6,76.5,37.86,76.52
B08857,992,3.65,2.17,41.5,66.0,39.89,79.1
B08858,799,3.69,2.97,36.6,63.9,41.97,83.93
B08859,368,4.13,3.35,30.7,46.6,46.05,92.76
B08860,108,3.35,2.84,42.5,31.4,49.8,94.63
B08861,1377,3.65,0.59,41.5,89.3,37.09,68.59
B08862,1239,3.3,3.35,34.8,84.1,36.63,72.38
B08863,1209,3.63,1.63,41.8,80.6,37.89,72.81
B08864,341,3.32,0.76,44.2,48.5,46.06,90.99
B08865,1621,4.01,2.65,39.2,92.4,33.15,65.85
B08866,689,3.41,2.93,28.4,59.2,43.8,84.84
B08867,953,3.82,3.0,47.1,64.0,40.97,76.45
B08868,882,4.0,4.77,26.4,68.9,40.59,83.33
B08869,23,3.44,3.42,48.8,30.8,50.44,97.47
B08870,5,3.48,2.61,31.8,34.5,49.67,100.0
B08871,1338,3.52,4.83,30.2,80.7,37.04,70.57
B08872,121,3.64,2.91,36.8,33.1,48.89,96.93
B08873,679,3.61,4.02,30.7,54.0,43.77,84.95
B08874,1040,3.76,4.14,38.6,67.5,39.39,76.89
B08875,105,3.9,2.2,28.1,30.7,48.55,97.91
B08876,1750,4.02,4.07,32.8,95.3,32.29,64.38
B08877,1278,4.16,4.97,47.1,77.5,37.06,69.29
B08878,797,3.64,2.06,43.9,62.0,42.89,81.47
B08879,1432,4.04,1.84,37.6,91.0,36.33,70.31
B08880,1537,3.86,2.8,37.3,94.2,34.23,67.58
B08881,685,3.25,4.25,34.4,61.2,43.9,86.61
B08882,866,3.57,3.58,27.4,66.7,41.76,81.01
B08883,1415,3.57,4.56,44.6,86.1,35.72,67.1
B08884,721,3.91,0.98,29.8,57.1,42.65,86.82
B08885,1299,3.95,1.73,35.0,84.2,37.68,72.98
B08886,160,4.04,1.1,24.6,39.5,47.66,98.21
B08887,451,3.45,3.09,21.8,50.4,45.03,91.88
B08888,759,3.56,3.83,24.6,57.6,43.14,84.23
B08889,1083,3.26,0.83,43.3,76.6,39.58,73.96
B08890,1462,3.66,3.55,37.3,90.4,35.45,67.41
B08891,1234,3.65,0.73,40.6,79.6,38.38,73.74
B08892,502,3.42,4.11,26.2,46.7,44.93,89.34
B08893,558,3.63,2.69,49.9,47.8,44.62,86.2
B08894,1610,4.15,0.89,40.6,95.6,34.43,63.66
B08895,1860,3.68,0.63,33.8,100.5,32.12,61.67
B08896,238,3.29,2.23,26.0,42.0,47.36,94.09
B08897,1107,3.22,0.56,46.9,76.1,38.53,72.58
B08898,1505,3.77,4.18,44.8,90.6,35.54,66.04
B08899,675,3.99,3.34,45.7,58.1,43.63,83.46
B08900,697,3.85,0.75,32.4,60.2,42.5,86.8
B08901,158,4.06,1.36,33.2,39.0,47.93,96.49
B08902,1564,3.89,1.45,32.8,89.1,35.11,66.07
B08903,1723,3.28,4.49,26.6,103.7,32.15,67.13
B08904,381,3.47,2.3,20.3,44.3,45.77,94.86
B08905,725,3.83,3.33,22.8,58.9,43.29,87.81
B08906,651,3.93,3.59,36.8,59.3,43.11,83.37
B08907,1566,3.27,1.66,31.5,92.6,34.38,66.89
B08908,680,4.19,3.76,33.5,57.1,43.47,83.99
B08909,509,4.03,3.41,42.3,51.5,44.0,88.96
B08910,1293,3.42,3.8,31.1,81.5,37.89,75.16
B08911,843,4.07,1.81,26.2,61.3,40.61,82.77
B08912,113,3.64,2.09,38.6,32.8,49.09,95.06
B08913,1869,3.83,3.86,44.0,108.0,32.21,61.4
B08914,1920,3.86,3.89,32.1,110.9,30.4,60.27
B08915,1723,3.28,3.13,27.2,99.7,33.72,66.79
B08916,343,3.39,3.41,24.5,45.9,46.33,94.82
B08917,205,3.45,1.3,46.2,40.1,46.96,94.2
B08918,950,3.55,2.57,29.5,72.9,40.34,80.97
B08919,704,4.11,3.66,45.8,54.4,43.34,81.94
B08920,608,4.02,1.68,36.7,52.0,43.5,86.81
B08921,1371,4.11,0.62,30.8,79.9,36.86,72.32
B08922,284,3.39,2.19,34.5,36.9,47.52,92.87
B08923,652,3.28,0.66,43.8,54.0,43.64,82.89
B08924,1158,3.65,1.18,27.8,75.2,38.16,76.16
B08925,1518,3.36,3.05,25.2,91.8,35.58,68.14
B08926,569,3.22,1.52,41.7,49.2,44.43,84.93
B08927,1018,3.73,3.71,44.5,70.8,38.93,75.59
B08928,1980,3.31,2.16,41.4,104.9,29.91,56.24
B08929,1218,3.39,1.51,21.6,78.6,37.44,75.3
B08930,1109,3.42,2.63,33.5,69.7,39.61,76.83
B08931,550,4.1,4.96,49.0,54.8,44.65,86.79
B08932,1987,4.1,4.28,45.3,108.1,31.05,59.09
B08933,994,3.89,1.47,39.6,66.2,39.9,76.83
B08934,1745,3.32,4.3,23.4,96.8,33.02,65.45
B08935,711,3.72,3.52,34.7,61.6,43.43,84.99
B08936,1623,3.73,2.83,38.5,92.5,34.72,66.17
B08937,1767,3.37,2.04,25.3,96.0,32.54,65.08
B08938,986,3.55,0.97,49.2,69.8,39.49,77.98
B08939,1195,3.65,2.8,40.4,80.1,38.94,74.15
B08940,295,3.51,2.02,48.4,39.7,47.05,88.96
B08941,333,3.41,4.09,49.0,42.2,47.22,88.14
B08942,1105,3.86,4.81,28.4,76.3,38.72,78.45
B08943,906,3.95,0.67,47.0,64.8,41.61,78.19
B08944,1731,3.47,4.98,32.0,97.9,32.05,62.37
B08945,1830,3.78,1.79,32.8,98.3,31.31,63.82
B08946,1483,3.9,2.6,40.4,87.9,35.95,67.22
B08947,1209,3.68,2.21,37.3,83.2,37.63,72.15
B08948,301,4.02,1.28,47.9,41.4,47.35,92.37
B08949,925,3.77,1.92,24.1,63.6,41.16,80.35
B08950,1926,3.41,1.93,45.1,105.6,31.4,58.05
B08951,1057,3.31,1.96,25.9,75.4,38.98,80.71
B08952,1133,3.9,3.99,30.9,80.3,38.87,77.67
B08953,1855,3.64,3.98,28.3,103.1,30.87,61.48
B08954,205,3.51,1.15,27.5,39.5,48.13,97.24
B08955,79,3.79,2.75,33.0,36.2,49.36,96.75
B08956,321,4.01,2.39,21.1,46.1,45.89,93.71
B08957,1139,4.07,1.81,26.5,73.9,39.47,75.0
B08958,401,3.22,1.67,44.2,44.7,45.32,87.58
B08959,1213,4.08,3.81,38.7,74.7,37.27,73.63
B08960,39,3.4,2.49,32.6,36.2,49.73,98.18
B08961,137,3.51,2.26,44.8,37.6,48.72,95.0
B08962,43,3.62,3.47,32.5,32.4,49.75,96.57
B08963,1947,3.54,0.82,25.1,106.1,29.78,59.47
B08964,1232,4.02,1.1,47.4,81.7,37.06,71.41
B08965,1268,3.22,4.06,37.4,76.3,38.07,71.94
B08966,1582,3.75,1.29,38.3,93.2,34.95,68.01
B08967,1367,3.66,2.37,40.4,81.8,37.19,70.48
B08968,42,3.92,3.14,42.5,31.4,49.88,98.2
B08969,1597,3.91,1.25,29.2,95.8,34.58,69.25
B08970,1703,4.11,3.47,26.2,96.7,32.82,67.54
B08971,1619,3.39,3.46,34.9,94.5,34.25,64.91
B08972,850,4.05,3.13,44.9,60.6,41.97,78.08
B08973,1403,3.36,1.08,27.5,85.2,36.69,73.35
B08974,1599,3.45,2.05,35.4,89.5,34.42,66.89
B08975,618,3.69,2.35,37.6,57.8,44.23,85.5
B08976,1335,4.08,0.64,40.3,85.5,37.49,69.67
B08977,540,3.65,2.62,30.4,51.8,44.06,88.51
B08978,1516,3.33,2.24,41.0,92.2,35.02,69.11
B08979,1943,3.38,2.87,41.7,111.7,30.85,60.01
B08980,37,3.95,2.89,29.9,28.9,49.23,98.33
B08981,1088,3.65,2.52,29.1,72.4,39.36,76.81
B08982,768,3.55,1.25,33.1,63.6,41.4,82.73
B08983,1221,3.3,2.1,41.2,81.4,37.81,74.94
B08984,775,4.1,3.74,37.0,64.5,42.46,81.23
B08985,1350,3.85,3.86,25.2,87.4,36.11,74.84
B08986,254,3.28,3.48,33.9,35.7,46.74,94.4
B08987,1377,3.91,4.13,37.8,88.3,36.42,71.7
B08988,1559,3.44,1.37,40.7,91.8,35.28,64.99
B08989,1531,3.25,1.3,45.9,92.9,34.96,68.05
B08990,1844,3.71,3.34,29.2,104.9,30.96,63.56
B08991,1781,3.22,1.0,20.3,99.3,33.1,63.67
B08992,683,3.84,1.88,35.0,55.7,43.65,83.22
B08993,1095,4.16,4.7,40.9,78.1,38.55,74.18
B08994,1014,3.95,1.44,42.4,69.9,40.41,76.17
B08995,395,3.44,0.92,25.5,45.2,46.45,93.47
B08996,443,3.38,3.74,45.8,48.1,45.61,87.49
B08997,1,3.37,3.47,22.7,25.5,50.22,100.0
B08998,1749,3.74,2.54,38.7,101.6,32.56,62.02
B08999,1299,4.19,2.61,21.9,81.0,36.73,76.06
B09000,938,3.68,1.45,21.0,67.2,40.47,83.13
B09001,532,3.27,4.48,48.0,48.7,44.78,87.1
B09002,1126,3.65,4.95,49.2,74.0,38.21,73.78
B09003,1951,3.63,0.66,40.4,108.3,30.78,59.0
B09004,686,3.48,4.82,27.6,61.5,42.9,86.56
B09005,41,3.69,3.01,29.9,28.0,48.92,98.92
B09006,642,3.97,2.28,43.3,52.7,44.5,83.21
B09007,1685,3.79,2.38,38.4,93.2,32.56,63.02
B09008,280,4.13,2.92,41.0,46.1,47.16,93.1
B09009,997,3.55,3.26,44.7,72.5,39.38,77.17
B09010,1303,3.47,3.75,42.8,77.4,36.63,72.13
B09011,1084,3.35,1.92,24.2,77.5,39.32,78.47
B09012,484,3.35,1.4,41.0,48.3,44.53,88.56
B09013,879,3.56,4.48,21.8,68.1,40.7,83.75
B09014,275,3.96,1.6,33.4,39.4,47.42,92.01
B09015,407,3.49,2.17,23.4,43.5,45.04,91.71
B09016,1105,3.3,2.68,31.0,72.4,38.96,75.48
B09017,1975,4.06,4.12,39.2,105.5,30.07,56.64
B09018,819,4.09,3.45,20.4,66.9,41.61,82.71
B09019,96,3.53,1.32,48.5,29.5,50.01,92.73
B09020,1934,3.48,3.9,23.8,109.9,30.34,61.45
B09021,1073,3.51,4.04,23.7,69.7,39.28,79.58
B09022,480,3.76,4.21,23.5,49.2,45.89,90.38
B09023,939,3.54,3.22,30.2,70.2,40.12,79.76
B09024,303,3.99,3.89,33.9,38.4,46.59,91.08
B09025,636,3.25,1.64,47.2,55.8,44.27,84.25
B09026,1696,4.17,3.94,27.6,98.6,33.9,67.09
B09027,1485,4.12,2.57,25.9,84.6,34.34,69.83
B09028,259,3.5,4.31,35.0,39.1,46.53,91.62
B09029,856,4.02,2.47,25.1,61.0,41.84,82.99
B09030,673,4.17,0.84,43.0,57.4,42.4,85.59
B09031,190,3.27,3.39,46.3,40.0,48.98,91.67
B09032,1717,3.5,3.16,36.5,97.2,32.9,62.73
B09033,160,3.25,2.39,20.9,38.8,48.58,98.45
B09034,1562,4.18,2.78,23.7,88.6,34.05,70.73
B09035,400,4.14,3.72,37.4,43.5,46.45,91.27
B09036,1471,3.97,1.21,26.3,87.2,35.43,69.57
B09037,671,3.78,4.97,49.2,59.3,44.03,84.03
B09038,1300,4.12,4.72,33.1,86.3,36.12,73.83
B09039,447,3.3,2.37,34.4,50.7,45.24,89.08
B09040,940,4.19,4.69,22.4,65.8,40.6,80.8
B09041,1296,3.91,3.06,45.7,85.1,37.72,71.7
B09042,1115,3.67,1.3,22.8,70.0,39.05,76.48
B09043,916,3.95,4.46,28.4,70.0,41.54,79.92
B09044,1453,4.09,4.8,30.5,84.1,36.27,69.2
B09045,968,3.36,3.55,40.7,69.2,40.26,76.67
B09046,1163,3.68,4.02,37.8,76.7,38.78,75.79
B09047,673,3.6,1.92,49.2,58.8,42.52,81.19
B09048,1765,3.44,0.73,46.7,101.2,33.07,63.17
B09049,1199,3.94,3.26,35.2,75.2,38.58,74.63
B09050,1382,3.36,1.64,34.7,82.8,36.71,71.2
B09051,286,3.82,0.9,47.7,38.1,46.19,90.92
B09052,50,3.98,3.81,36.0,34.1,49.84,97.86
B09053,1225,3.71,4.93,49.5,83.5,37.88,71.23
B09054,749,3.84,2.02,35.5,58.6,42.27,82.35
B09055,1857,3.89,3.64,45.5,108.4,31.3,58.02
B09056,1551,3.4,3.77,37.6,90.6,34.02,66.52
B09057,1603,3.91,1.91,27.9,96.5,34.53,65.71
B09058,1899,3.27,0.74,29.4,108.6,30.19,63.08
B09059,1705,3.93,2.88,23.7,93.8,33.77,65.28
B09060,669,3.36,4.29,24.6,52.9,43.27,85.83
B09061,948,4.12,4.69,34.1,63.4,39.97,80.69
B09062,1484,3.21,1.16,26.1,84.5,35.32,69.81
B09063,197,3.87,1.05,34.6,36.9,48.77,95.7
B09064,86,3.55,4.07,49.2,29.5,49.42,92.92
B09065,693,3.82,0.87,35.7,58.8,43.79,83.94
B09066,459,3.72,4.63,48.6,52.8,46.16,88.4
B09067,589,3.74,2.98,29.5,55.5,44.45,86.02
B09068,667,3.69,3.36,42.1,53.9,43.95,85.87
B09069,1132,3.29,1.03,30.0,72.9,39.62,75.02
B09070,1335,3.7,3.38,35.8,86.1,36.82,69.84
B09071,1738,3.26,1.1,36.2,95.7,32.41,62.01
B09072,835,4.08,3.35,47.7,68.0,41.08,78.84
B09073,1668,3.27,2.96,33.9,94.6,33.06,66.74
B09074,1885,3.55,4.3,22.3,105.8,31.07,62.73
B09075,673,3.37,1.37,44.7,54.6,42.33,85.25
B09076,1027,3.93,2.81,26.1,70.1,40.12,79.91
B09077,1547,4.01,2.54,20.1,96.3,34.99,70.06
B09078,141,4.18,0.78,24.6,35.4,49.11,97.57
B09079,1826,3.36,0.57,43.7,103.5,32.15,59.72
B09080,1927,3.9,1.47,26.5,107.9,29.97,62.9
B09081,844,3.69,4.07,46.1,64.5,40.7,78.32
B09082,611,3.29,1.41,23.7,53.9,43.35,88.43
B09083,1433,4.02,2.73,23.5,84.8,36.12,73.06
B09084,1308,3.84,2.66,33.3,77.6,36.84,72.67
B09085,1199,3.69,2.3,47.7,80.2,38.82,73.8
B09086,484,3.69,1.42,30.9,52.1,45.27,89.68
B09087,1154,3.64,1.22,42.7,77.3,39.38,73.1
B09088,698,3.23,4.18,20.3,62.5,42.63,87.24
B09089,1090,3.46,3.68,44.6,73.8,39.81,76.63
B09090,45,4.2,3.86,33.3,28.7,49.08,99.01
B09091,1653,3.54,1.72,25.1,91.8,33.28,67.01
B09092,926,3.82,2.4,27.6,70.1,41.13,81.84
B09093,1816,3.65,3.14,43.9,98.9,31.5,60.6
B09094,681,3.55,2.72,29.9,55.7,43.07,84.86
B09095,1811,3.67,3.77,23.7,106.8,31.8,62.3
B09096,996,3.32,4.57,31.4,72.4,40.75,80.19
B09097,1016,4.12,4.18,38.0,72.9,39.46,79.69
B09098,209,3.29,4.41,41.4,43.2,47.02,94.79
B09099,1490,3.33,4.57,49.4,86.1,34.41,65.3
B09100,345,3.97,1.56,34.4,43.2,46.42,91.22
B09101,1262,3.38,4.13,33.8,83.4,36.47,73.22
B09102,620,3.87,1.5,37.1,57.7,44.29,85.91
B09103,567,3.93,1.04,38.3,52.1,43.61,84.99
B09104,164,3.42,1.1,22.1,33.8,49.3,99.11
B09105,1861,4.15,4.08,30.8,99.8,30.57,61.7
B09106,1416,3.48,2.4,30.9,83.8,35.82,71.21
B09107,1402,3.34,2.08,32.7,88.2,35.3,69.97
B09108,339,3.78,2.09,47.8,43.3,45.62,88.5
B09109,150,3.67,2.49,45.1,39.3,48.49,92.41
B09110,302,3.36,2.51,40.7,38.0,47.57,89.65
B09111,1161,4.09,1.02,25.7,77.8,38.97,74.99
B09112,3,3.87,3.77,26.3,32.0,50.87,100.0
B09113,1865,3.88,3.74,47.2,105.6,31.12,58.13
B09114,180,3.87,0.68,25.5,36.1,48.9,97.49
B09115,1887,3.45,4.39,24.5,108.0,31.47,62.52
B09116,107,3.72,1.77,20.1,37.6,48.99,97.87
B09117,1882,4.08,3.16,47.9,108.6,31.98,58.51
B09118,1875,3.78,4.17,43.6,106.1,32.14,61.62
B09119,1366,4.11,1.15,29.1,85.5,36.11,72.5
B09120,1693,3.69,3.74,26.6,95.0,33.06,67.14
B09121,22,3.89,1.04,20.8,33.5,50.11,99.78
B09122,779,3.51,3.08,47.2,63.0,42.31,79.54
B09123,1492,3.51,0.84,25.3,90.4,35.37,70.5
B09124,837,3.45,2.38,20.8,65.8,42.28,83.0
B09125,1438,3.5,4.77,41.2,86.1,35.34,67.86
B09126,800,4.18,3.8,31.1,58.3,41.89,83.85
B09127,547,4.14,1.99,28.8,55.3,44.29,86.63
B09128,1674,3.51,1.18,21.9,92.6,34.15,65.3
B09129,400,4.15,2.29,27.7,47.4,46.53,90.35
B09130,1431,3.73,0.93,28.4,90.7,36.62,69.18
B09131,1014,4.07,2.95,44.9,72.2,40.81,75.44
B09132,482,3.46,0.57,46.2,48.8,45.82,89.05
B09133,347,3.32,3.33,34.0,43.2,46.84,91.88
B09134,1925,3.55,0.9,32.0,103.2,30.64,62.11
B09135,1299,3.64,0.67,47.3,86.5,37.58,72.08
B09136,643,3.28,3.53,27.7,51.8,42.74,88.2
B09137,1561,3.78,4.96,35.2,93.2,34.01,68.37
B09138,1201,4.11,4.28,30.0,82.3,37.78,73.59
B09139,639,3.86,1.23,35.5,50.8,42.81,84.83
B09140,1636,3.79,2.24,44.7,94.1,33.92,64.35
B09141,700,3.87,3.21,33.9,55.1,43.3,82.69
B09142,1159,3.78,4.32,47.7,76.3,38.38,74.37
B09143,1789,3.5,0.89,48.2,101.5,32.49,61.46
B09144,26,3.38,3.68,39.4,27.2,48.89,95.93
B09145,1132,3.32,2.74,20.1,76.2,38.95,78.63
B09146,1494,3.52,1.51,39.8,92.0,34.3,69.09
B09147,860,3.76,2.21,40.4,60.3,40.73,81.6
B09148,62,3.72,2.45,45.8,31.8,49.17,93.65
B09149,1109,4.18,3.88,43.4,72.6,39.4,73.33
B09150,1086,3.86,1.86,46.8,75.5,39.1,73.58
B09151,806,3.9,4.7,40.0,59.3,41.27,82.57
B09152,180,4.06,3.23,38.6,33.6,47.35,94.52
B09153,1672,3.44,4.21,33.6,99.5,34.04,66.84
B09154,1950,3.66,1.26,47.0,104.3,29.85,56.85
B09155,802,3.93,3.73,22.0,66.6,42.03,84.82
B09156,1579,4.1,4.72,21.2,96.5,33.67,69.83
B09157,332,3.52,2.15,43.7,44.8,47.67,88.68
B09158,1045,3.61,4.62,22.9,72.4,39.57,80.11
B09159,424,3.3,1.54,48.5,46.8,46.07,86.89
B09160,26,3.72,2.96,37.9,35.7,49.53,96.62
B09161,1393,3.95,2.45,34.8,90.2,35.21,71.33
B09162,423,3.77,3.08,39.8,43.0,46.32,89.32
B09163,346,3.3,3.8,43.8,48.6,45.89,90.22
B09164,421,4.05,2.13,31.5,43.0,45.06,90.06
B09165,607,3.74,0.52,46.8,54.8,43.16,85.67
B09166,795,3.35,3.11,44.1,65.0,42.67,81.57
B09167,48,4.0,0.91,35.2,29.1,50.44,95.98
B09168,925,4.08,1.09,34.1,67.5,40.0,79.54
B09169,1407,3.51,3.85,25.6,82.8,36.52,71.86
B09170,613,3.46,3.89,35.8,51.0,43.31,86.56
B09171,383,3.39,3.77,42.8,44.2,46.93,87.72
B09172,190,4.13,4.78,24.5,34.5,47.14,96.72
B09173,1687,3.37,1.09,39.6,92.5,33.74,65.3
B09174,1938,4.13,1.18,39.5,102.7,30.71,59.6
B09175,523,3.62,4.88,35.2,47.3,45.58,87.92
B09176,927,3.3,4.93,28.8,62.7,41.68,82.6
B09177,1233,3.72,3.37,40.1,77.3,37.83,71.29
B09178,78,3.93,3.97,30.2,36.2,50.11,96.11
B09179,836,4.14,3.78,27.1,60.3,42.04,84.85
B09180,1094,4.01,4.91,44.1,69.8,40.0,74.52
B09181,62,4.12,4.07,40.3,36.6,50.26,97.09
B09182,1890,3.37,0.62,30.0,109.3,31.15,62.19
B09183,55,3.48,2.36,34.7,36.7,48.88,97.68
B09184,692,3.23,3.71,33.6,53.0,43.72,85.61
B09185,1737,3.33,0.55,43.6,102.9,32.53,62.23
B09186,1447,3.39,2.38,22.2,91.8,36.38,73.11
B09187,1862,3.32,1.92,27.1,103.0,32.19,61.97
B09188,406,3.24,1.25,21.5,47.5,46.34,90.61
B09189,1074,3.98,0.99,20.1,69.1,38.4,77.36
B09190,1496,3.83,4.81,42.2,89.9,35.61,68.43
B09191,949,4.15,3.6,20.3,66.5,41.3,80.28
B09192,1800,3.25,3.86,21.4,102.6,31.96,62.61
B09193,1435,3.88,0.59,37.3,91.4,36.18,68.96
B09194,1286,3.89,1.0,31.8,85.7,37.11,74.72
B09195,1136,3.48,3.82,47.7,78.3,39.11,72.79
B09196,405,3.99,2.55,30.9,49.8,45.25,91.15
B09197,1044,3.37,4.07,30.1,69.4,39.4,78.93
B09198,1883,3.74,1.61,26.7,107.1,30.89,62.05
B09199,968,3.22,0.63,48.4,69.6,39.64,75.5
B09200,1995,3.79,2.65,34.8,109.0,29.07,60.4
B09201,955,3.25,0.69,33.7,69.3,41.16,78.93
B09202,1600,3.58,4.32,39.8,94.1,33.53,65.28
B09203,1515,3.44,2.22,27.7,94.1,35.77,67.41
B09204,1721,3.63,1.78,39.5,94.8,32.82,64.42
B09205,381,4.06,3.6,38.5,42.3,46.88,90.13
B09206,1630,3.72,0.59,36.8,95.5,34.39,65.54
B09207,1040,3.74,1.76,32.6,73.5,40.53,78.51
B09208,1033,3.5,1.77,41.4,72.9,40.67,78.81
B09209,335,3.33,4.98,41.1,47.9,46.36,91.46
B09210,1328,4.01,3.83,24.1,84.0,36.81,75.42
B09211,439,3.37,2.26,40.4,44.1,46.44,87.67
B09212,1240,3.88,3.14,44.6,84.0,37.71,73.36
B09213,242,3.57,0.65,22.6,40.1,47.49,94.39
B09214,445,4.12,0.99,36.3,49.3,45.4,89.68
B09215,1010,4.14,1.58,42.2,70.9,40.84,77.01
B09216,498,4.1,2.76,33.2,51.6,45.56,90.61
B09217,1708,3.73,3.59,29.2,102.9,33.7,67.02
B09218,30,4.18,4.38,45.3,30.4,48.74,94.63
B09219,174,3.51,4.39,35.9,41.0,48.65,96.53
B09220,1385,3.63,1.74,39.9,80.5,35.67,71.02
B09221,1351,3.53,3.27,41.1,80.9,37.43,70.56
B09222,14,3.3,1.9,38.3,31.4,49.5,95.97
B09223,205,4.17,4.13,41.2,34.8,48.13,94.15
B09224,1898,3.6,1.98,27.2,109.1,31.57,61.81
B09225,754,3.35,0.75,28.7,60.4,43.26,82.69
B09226,1192,3.47,2.96,49.7,80.4,37.96,71.66
B09227,962,3.98,3.3,26.5,66.5,40.64,79.35
B09228,1853,3.69,4.8,39.8,100.8,31.2,60.18
B09229,1652,3.9,3.88,38.6,100.4,33.68,66.29
B09230,513,3.52,2.53,41.1,54.1,45.56,86.64
B09231,1643,3.77,3.99,44.8,97.4,33.53,65.06
B09232,557,3.65,1.61,33.1,53.7,43.48,88.51
B09233,203,4.06,3.95,29.3,36.9,48.41,95.9
B09234,401,4.03,1.15,42.1,42.2,45.27,88.68
B09235,457,3.4,2.48,20.9,50.9,44.66,92.61
B09236,1748,4.03,1.87,49.1,97.9,32.52,60.39
B09237,766,4.08,4.72,43.5,62.2,42.14,81.95
B09238,743,3.5,1.09,45.6,56.7,43.03,83.46
B09239,65,3.85,3.23,36.5,34.9,49.5,97.22
B09240,221,3.22,4.86,47.9,34.4,48.27,91.73
B09241,881,3.93,1.97,27.5,65.8,40.82,83.11
B09242,1358,3.94,2.49,41.5,81.6,36.54,69.67
B09243,384,3.37,1.63,27.5,43.2,45.37,91.35
B09244,1844,3.93,3.29,38.0,98.8,30.7,61.95
B09245,254,3.49,2.11,42.5,39.4,47.77,93.37
B09246,204,3.53,3.45,21.4,38.4,47.17,98.34
B09247,66,3.9,3.15,40.0,33.3,49.75,96.01
B09248,1125,4.17,4.77,43.7,72.8,39.46,76.68
B09249,478,3.83,1.99,23.7,49.4,45.09,89.74
B09250,1164,3.59,4.58,41.0,78.7,38.12,73.43
B09251,1757,3.75,2.97,38.0,104.8,33.34,61.18
B09252,638,3.71,4.65,26.7,59.7,43.58,88.37
B09253,1880,3.49,1.74,30.0,110.2,32.08,61.76
B09254,35,3.46,4.41,25.9,29.7,48.81,99.26
B09255,1543,3.45,3.27,31.8,91.3,34.7,66.64
B09256,1897,3.36,1.01,25.4,104.9,31.71,61.42
B09257,201,4.01,4.86,24.5,40.1,47.26,95.07
B09258,444,4.04,4.31,29.1,47.3,45.14,91.83
B09259,1334,3.56,0.8,46.2,86.3,37.55,70.77
B09260,924,4.19,3.71,41.8,65.4,40.93,77.23
B09261,798,3.75,0.94,25.3,61.1,42.37,83.44
B09262,771,4.09,2.85,47.1,63.4,41.64,81.24
B09263,526,3.6,4.77,30.3,47.2,44.42,87.16
B09264,1703,3.67,1.37,29.2,99.8,33.84,65.09
B09265,1171,3.24,1.7,31.3,73.9,39.25,76.96
B09266,907,3.97,3.84,22.3,61.8,40.32,83.06
B09267,1933,3.57,1.85,20.6,103.4,30.06,63.73
B09268,214,3.94,0.8,28.3,34.4,48.7,93.37
B09269,1439,3.67,1.98,42.4,84.2,35.62,68.18
B09270,1265,3.23,0.83,34.0,82.9,36.99,71.83
B09271,1368,3.77,0.65,23.2,88.7,36.37,72.27
B09272,1591,4.02,1.65,46.5,90.5,34.7,66.89
B09273,1352,4.11,2.47,27.5,80.0,36.43,73.69
B09274,1903,4.15,3.86,23.9,103.5,31.9,61.74
B09275,623,3.24,4.84,33.5,57.7,42.92,87.69
B09276,175,4.17,2.42,33.4,41.8,48.13,97.0
B09277,1386,4.06,3.49,43.8,87.9,36.08,68.29
B09278,1252,3.99,3.58,25.8,78.7,37.57,74.29
B09279,968,3.94,3.07,27.5,68.1,40.47,79.13
B09280,1522,3.27,1.91,45.1,95.6,34.74,68.35
B09281,1334,4.05,4.84,49.4,78.5,35.8,70.22
B09282,474,3.7,3.33,34.1,49.6,44.67,90.85
B09283,1409,3.91,4.21,49.0,86.5,35.12,68.04
B09284,211,3.92,3.05,43.7,42.0,48.52,92.29
B09285,1024,4.13,2.43,21.1,76.0,40.66,78.82
B09286,1228,3.81,2.59,32.8,74.2,37.12,73.65
B09287,1107,3.63,4.98,22.5,77.6,38.65,78.02
B09288,709,3.83,1.28,48.5,63.2,43.68,82.83
B09289,1500,3.87,4.27,35.0,87.9,34.09,66.72
B09290,1948,3.38,2.73,21.3,106.7,31.32,62.31
B09291,1105,3.55,3.09,41.1,77.0,39.12,73.79
B09292,1308,3.64,4.52,48.3,84.6,37.47,69.55
B09293,318,3.66,3.38,31.8,39.9,45.92,91.79
B09294,1171,3.51,3.4,48.4,77.8,38.82,73.96
B09295,334,3.7,3.11,20.5,47.0,47.09,95.17
B09296,1402,4.15,1.34,35.6,83.5,35.96,70.63
B09297,722,3.48,1.87,22.6,54.4,43.26,87.31
B09298,1459,3.46,1.82,43.1,86.9,34.46,68.35
B09299,923,3.6,1.27,40.1,63.4,41.66,78.8
B09300,1469,3.86,4.67,28.7,85.4,36.05,72.02
B09301,1040,3.4,1.9,33.6,67.7,39.15,79.63
B09302,1983,4.01,2.15,47.5,110.5,30.14,55.43
B09303,1936,4.14,3.2,40.0,112.1,30.17,59.73
B09304,1397,3.57,1.28,27.5,82.0,35.66,71.62
B09305,565,3.88,3.89,38.8,54.1,44.02,84.7
B09306,1441,4.12,1.94,25.8,87.1,35.55,72.06
B09307,1343,3.43,4.59,24.4,80.9,37.03,72.79
B09308,1268,3.97,3.3,26.4,83.0,37.43,74.33
B09309,1063,4.04,1.36,32.2,77.3,40.26,78.38
B09310,1989,3.81,4.03,30.2,113.5,30.03,59.6
B09311,1608,3.32,3.01,49.5,95.7,33.33,62.28
B09312,911,3.8,1.14,33.8,63.8,40.91,80.03
B09313,464,3.64,4.2,31.3,46.4,45.8,91.04
B09314,712,3.82,4.21,31.5,60.7,42.72,86.04
B09315,259,3.25,0.76,34.4,40.6,47.54,91.63
B09316,1751,3.76,2.73,48.2,103.6,31.79,62.22
B09317,1455,3.69,2.39,42.8,84.2,35.71,67.52
B09318,899,4.12,2.87,29.5,67.2,40.22,81.45
B09319,1099,3.47,3.3,35.1,69.9,38.98,77.46
B09320,1018,3.21,0.53,39.6,70.6,40.38,79.25
B09321,615,4.15,1.17,26.1,56.8,42.87,86.54
B09322,1281,3.88,4.65,45.3,85.3,37.7,72.71
B09323,1687,3.41,2.73,24.5,99.7,32.65,66.32
B09324,12,4.06,4.17,28.1,31.2,49.75,98.42
B09325,1778,4.15,4.38,39.2,98.5,31.38,60.77
B09326,938,3.3,2.64,29.0,62.6,40.08,82.25
B09327,1181,3.97,4.1,26.0,77.7,38.12,78.1
B09328,787,4.14,0.61,46.6,61.3,41.94,80.24
B09329,290,3.83,4.6,38.0,43.3,46.48,90.36
B09330,1165,3.39,0.95,45.3,76.4,38.53,74.61
B09331,1512,3.32,2.87,23.6,85.6,34.53,71.24
B09332,137,3.59,1.65,47.3,39.2,47.83,93.88
B09333,1736,3.7,2.87,29.6,102.0,32.2,64.11
B09334,1711,3.77,1.29,32.4,96.5,33.56,63.01
B09335,1743,3.72,2.07,23.0,98.3,31.81,65.07
B09336,206,3.94,0.57,33.0,37.5,48.84,93.01
B09337,1898,3.22,1.92,40.6,103.5,30.36,61.69
B09338,580,3.55,4.13,39.9,49.5,44.38,87.94
B09339,173,3.97,2.38,48.3,39.2,48.04,92.75
B09340,299,3.86,1.69,31.7,45.6,46.45,94.59
B09341,605,4.12,3.16,25.3,52.9,43.51,88.51
B09342,1791,3.31,1.65,31.6,105.5,32.49,62.76
B09343,1431,3.64,3.4,28.6,85.9,35.61,69.06
B09344,1493,3.62,2.1,26.9,85.9,34.79,71.27
B09345,953,3.49,2.29,38.2,70.1,39.82,77.77
B09346,1033,3.51,2.22,21.9,71.0,38.75,78.11
B09347,1005,3.63,3.47,33.8,71.2,40.25,79.51
B09348,610,3.65,3.03,31.9,54.4,43.11,85.35
B09349,1835,3.64,3.31,22.0,104.9,31.15,64.14
B09350,1281,4.08,2.93,36.9,83.9,37.03,71.71
B09351,910,3.85,4.74,37.6,67.6,41.75,81.84
B09352,1886,3.27,1.1,35.5,109.8,30.7,61.58
B09353,1309,3.54,2.3,43.9,79.5,36.97,71.63
B09354,1380,3.51,4.93,35.8,84.0,36.58,70.78
B09355,1452,3.27,3.4,28.3,86.0,36.37,71.56
B09356,1924,3.73,2.38,35.9,107.0,31.74,60.06
B09357,551,3.97,2.0,33.3,48.5,44.27,86.64
B09358,41,4.11,0.75,36.9,27.1,48.75,99.31
B09359,1769,3.65,3.96,21.3,101.4,31.88,65.62
B09360,1551,3.35,2.36,32.6,90.3,35.13,66.63
B09361,1829,3.28,0.76,47.4,107.3,30.81,61.58
B09362,1466,3.71,4.22,38.4,92.8,34.91,68.65
B09363,1839,3.39,3.76,49.0,105.0,32.32,58.37
B09364,205,3.67,2.54,48.6,40.8,48.2,93.25
B09365,1932,4.13,1.08,47.1,109.3,31.47,57.61
B09366,1047,3.98,3.87,43.0,70.9,38.65,74.44
B09367,1470,3.49,4.89,47.2,92.7,36.04,65.75
B09368,1774,3.8,3.11,30.3,96.2,32.97,62.15
B09369,766,3.32,2.14,35.1,56.8,41.54,84.02
B09370,923,3.34,4.87,21.7,64.6,40.62,80.79
B09371,316,3.47,0.83,46.4,42.9,46.5,89.46
B09372,1071,3.95,3.12,22.4,75.0,39.54,77.8
B09373,1610,4.0,1.49,28.4,93.8,33.66,68.48
B09374,1618,3.31,0.82,42.0,91.1,33.0,63.97
B09375,260,4.05,4.09,20.1,44.1,47.64,94.73
B09376,1415,3.79,2.82,38.0,91.5,36.81,68.61
B09377,22,3.93,4.82,41.3,34.2,50.49,96.69
B09378,246,3.48,4.74,40.2,41.1,46.77,91.94
B09379,837,3.76,3.82,47.1,60.9,42.55,80.7
B09380,704,3.57,4.67,35.0,56.0,42.77,82.72
B09381,17,4.16,2.38,39.1,29.3,50.04,99.37
B09382,204,3.23,4.55,22.3,37.2,46.98,95.19
B09383,1520,3.32,2.56,30.6,87.7,33.87,69.34
B09384,1397,3.87,1.02,33.9,85.6,35.52,69.22
B09385,1425,4.06,2.01,47.8,82.4,35.42,66.55
B09386,1516,3.9,2.61,22.7,93.8,35.19,71.95
B09387,1684,3.52,2.91,48.2,100.4,32.56,64.25
B09388,611,3.49,1.79,34.4,58.2,44.69,85.26
B09389,1182,3.38,3.7,27.0,74.3,39.07,74.63
B09390,1326,3.51,3.44,24.1,80.3,37.58,73.14
B09391,1671,3.48,1.47,23.8,98.7,33.41,68.14
B09392,1005,3.49,4.92,28.6,66.6,40.5,78.74
B09393,802,3.41,3.58,24.0,58.4,42.69,83.32
B09394,1052,3.35,2.11,45.9,68.0,39.52,77.12
B09395,286,4.14,0.72,26.3,43.8,46.96,94.68
B09396,1246,3.68,2.87,36.2,80.2,36.88,72.01
B09397,868,3.28,3.73,46.0,61.8,41.68,78.42
B09398,1383,3.29,3.17,35.4,85.4,37.05,71.59
B09399,812,3.51,3.73,37.1,66.9,40.97,83.16
B09400,1747,3.73,3.19,36.7,97.0,32.97,63.54
B09401,996,3.49,4.75,47.7,72.6,40.56,77.7
B09402,1024,3.32,3.98,35.6,73.6,38.93,76.52
B09403,563,4.01,1.73,21.1,48.4,43.54,90.53
B09404,1177,3.64,0.64,38.0,75.7,37.69,73.3
B09405,983,4.05,1.01,24.1,73.3,39.75,80.42
B09406,1477,3.86,2.18,37.8,93.1,34.91,67.25
B09407,1922,3.28,4.52,38.6,111.6,31.03,58.36
B09408,1320,3.75,2.38,35.0,82.1,37.02,70.9
B09409,1882,4.13,3.73,20.7,108.9,31.39,63.98
B09410,1736,3.63,1.42,35.9,95.6,33.29,64.22
B09411,1035,4.01,3.86,27.2,68.9,39.06,79.11
B09412,460,3.27,2.15,31.8,47.8,44.57,90.31
B09413,1630,3.94,0.87,32.8,100.0,33.65,65.05
B09414,95,3.88,4.62,41.2,38.0,48.5,96.07
B09415,426,3.74,3.7,26.7,44.0,46.57,89.33
B09416,1523,3.53,1.33,42.7,88.7,34.35,68.1
B09417,734,3.51,1.17,46.3,58.1,42.96,83.66
B09418,1039,3.89,4.0,28.6,74.8,39.24,76.81
B09419,1903,3.27,3.44,36.7,108.4,31.9,61.91
B09420,1527,4.04,2.5,24.5,89.8,34.63,68.8
B09421,612,3.45,2.17,38.5,54.6,43.91,83.76
B09422,1156,3.47,3.55,46.1,72.8,38.87,75.62
B09423,941,3.36,3.73,25.2,67.3,41.43,82.98
B09424,961,3.7,4.57,45.2,67.5,41.03,77.3
B09425,1594,3.41,1.43,48.8,92.0,33.24,64.45
B09426,201,3.62,2.45,38.8,33.9,47.92,93.73
B09427,954,3.96,2.46,32.8,70.2,39.8,80.11
B09428,1618,4.14,3.82,38.6,92.0,33.08,64.62
B09429,1005,3.71,1.39,27.3,70.4,39.47,77.88
B09430,910,3.27,2.25,33.9,66.7,40.19,78.92
B09431,302,3.76,2.0,37.4,43.9,46.41,90.13
B09432,1300,3.52,4.79,43.0,80.7,36.37,73.02
B09433,660,4.0,1.85,29.5,60.0,44.36,84.93
B09434,891,3.81,4.1,46.0,70.6,40.42,78.58
B09435,1543,4.08,1.24,30.3,88.1,34.59,68.93
B09436,1622,3.5,4.36,41.4,98.3,33.65,64.0
B09437,434,3.54,2.23,42.8,47.2,46.46,88.32
B09438,595,3.39,3.13,30.5,54.7,44.23,86.22
B09439,1932,4.01,1.4,25.2,103.0,29.69,59.97
B09440,1111,3.98,1.58,37.7,70.0,38.07,75.46
B09441,592,3.53,4.33,45.9,52.0,45.0,85.26
B09442,677,3.36,3.03,42.9,54.0,42.93,83.88
B09443,169,4.03,4.19,28.4,32.7,47.53,94.52
B09444,347,3.4,2.19,43.9,48.3,46.05,90.67
B09445,1030,4.09,1.04,46.6,68.6,39.6,77.79
B09446,618,3.91,4.05,31.2,54.9,44.59,86.86
B09447,1826,3.61,0.83,45.0,101.8,31.09,59.35
B09448,1323,3.67,3.15,47.8,78.2,37.08,71.75
B09449,1322,3.73,4.11,47.2,80.1,36.37,71.1
B09450,1206,4.18,1.1,46.0,82.0,38.92,73.75
B09451,1675,4.19,1.07,31.6,97.1,33.93,65.07
B09452,510,3.67,0.93,49.7,51.0,44.91,87.73
B09453,1714,3.77,1.84,22.2,95.1,33.41,64.45
B09454,1045,4.01,3.92,45.8,69.6,39.64,74.76
B09455,1577,3.42,3.18,24.9,91.5,33.75,66.67
B09456,839,3.4,2.8,20.9,63.7,41.16,82.12
B09457,484,3.38,2.52,38.5,51.0,45.1,89.78
B09458,978,3.99,4.15,26.1,73.2,39.26,79.33
B09459,1019,3.89,4.22,35.1,73.1,40.25,79.24
B09460,451,4.02,3.57,30.1,50.6,44.88,92.16
B09461,183,3.94,0.85,39.3,40.4,48.54,93.28
B09462,201,3.72,4.1,32.6,34.1,48.47,95.71
B09463,45,4.03,3.48,49.0,29.2,49.65,95.66
B09464,791,3.69,1.22,47.5,58.0,41.87,79.85
B09465,1897,3.94,4.54,38.9,107.1,31.75,61.6
B09466,1299,3.61,1.43,49.3,79.0,37.09,70.42
B09467,1404,3.44,4.38,29.9,85.0,36.21,70.3
B09468,420,3.72,3.77,41.5,46.8,45.81,89.5
B09469,1916,3.85,2.94,37.8,109.3,31.7,58.5
B09470,1580,4.0,0.7,38.0,93.8,33.25,65.52
B09471,1290,3.35,0.95,43.3,76.8,36.19,71.51
B09472,530,3.87,3.44,39.1,54.9,43.76,86.5
B09473,789,3.42,3.81,25.1,62.1,43.09,82.22
B09474,1684,3.99,3.75,28.6,96.9,33.86,65.33
B09475,1918,3.71,1.64,26.8,106.9,30.6,59.53
B09476,871,3.94,1.04,33.7,60.8,42.26,79.3
B09477,1567,4.15,4.4,24.6,97.6,35.19,66.97
B09478,908,3.94,0.74,38.3,71.0,41.79,80.31
B09479,875,3.83,4.21,23.8,61.9,40.67,81.12
B09480,144,3.38,3.6,36.0,32.2,48.05,96.81
B09481,1905,4.01,4.23,25.4,106.1,30.1,60.47
B09482,1164,3.24,1.89,41.3,77.7,37.6,76.25
B09483,1185,3.21,4.57,33.6,75.8,38.46,74.37
B09484,945,3.44,3.31,35.8,72.5,41.19,78.42
B09485,419,3.39,0.86,30.0,49.1,44.87,90.16
B09486,1524,4.12,4.26,21.1,92.5,35.32,68.76
B09487,1600,3.6,4.77,29.1,93.5,34.09,67.42
B09488,1559,4.14,4.92,31.4,95.1,34.54,69.85
B09489,1242,3.65,1.7,49.8,76.1,37.61,70.17
B09490,1846,3.52,2.81,32.2,101.3,31.86,63.3
B09491,1853,3.98,2.43,37.9,106.3,31.7,61.98
B09492,1997,3.76,0.89,24.2,106.8,29.1,59.61
B09493,1963,4.16,4.38,36.6,107.7,30.7,60.49
B09494,1305,3.83,2.75,21.1,83.5,36.51,72.84
B09495,1011,3.44,3.76,40.8,70.6,39.82,76.44
B09496,1962,3.9,4.48,25.1,103.6,29.65,60.0
B09497,1813,4.09,3.78,41.2,101.2,32.42,61.27
B09498,467,3.68,2.98,33.3,46.3,44.98,87.7
B09499,1102,3.47,4.43,45.7,72.7,38.2,73.11
B09500,20,3.61,1.62,23.5,27.9,50.04,100.0
B09501,1095,3.81,3.2,34.7,72.5,38.97,78.37
B09502,230,3.21,4.27,29.4,40.7,47.91,94.9
B09503,976,3.61,4.26,21.4,72.5,39.32,80.19
B09504,1190,3.28,0.5,27.8,79.6,38.82,77.14
B09505,1571,3.38,3.49,40.5,90.9,35.05,66.69
B09506,592,3.67,0.68,32.4,57.6,43.44,85.56
B09507,1538,4.07,2.0,29.9,89.5,35.6,67.95
B09508,480,3.57,2.37,28.8,49.8,45.41,89.17
B09509,1348,3.61,4.44,21.0,80.3,36.64,73.28
B09510,979,3.76,4.26,31.6,70.8,40.45,81.39
B09511,1914,3.64,2.06,29.1,104.2,31.24,62.06
B09512,934,3.62,2.16,20.4,63.3,40.83,80.19
B09513,507,3.26,3.64,21.0,52.1,45.11,88.88
B09514,864,3.31,3.09,42.8,63.8,40.69,79.29
B09515,670,3.67,2.43,37.2,56.9,44.3,83.75
B09516,883,3.99,0.54,38.1,70.0,41.04,80.45
B09517,860,4.12,2.33,39.9,64.6,40.82,81.17
B09518,1829,3.81,0.88,32.1,107.4,32.54,61.99
B09519,743,3.33,1.67,25.2,61.5,42.46,84.1
B09520,1565,3.69,2.6,45.7,95.5,35.14,65.13
B09521,746,4.09,4.14,27.4,63.6,43.25,83.02
B09522,1749,3.39,1.98,41.6,97.4,32.18,60.97
B09523,503,3.49,1.89,42.5,51.6,44.54,85.91
B09524,1656,4.01,4.78,48.0,99.0,32.82,63.43
B09525,1621,4.16,3.21,38.4,90.4,34.6,66.11
B09526,1723,3.37,2.58,23.6,101.9,32.14,64.89
B09527,97,3.33,3.49,37.3,37.8,48.66,96.52
B09528,1288,3.44,1.88,35.5,83.8,37.48,72.14
B09529,163,3.25,1.21,23.8,37.4,47.65,98.11
B09530,1856,3.87,2.55,22.5,104.6,31.66,63.45
B09531,1482,3.79,3.48,36.3,92.2,35.2,66.88
B09532,217,3.22,3.95,23.5,40.9,47.58,96.19
B09533,1638,3.53,1.45,30.0,93.9,33.18,64.63
B09534,597,3.83,4.19,46.1,56.9,44.87,84.74
B09535,1369,4.08,4.87,22.8,89.1,35.46,72.43
B09536,1306,3.49,3.13,41.7,83.1,37.23,71.93
B09537,1323,3.79,0.64,33.1,85.7,36.1,73.8
B09538,664,4.06,4.45,33.8,53.3,43.4,87.16
B09539,1529,3.87,3.36,25.0,87.5,34.46,67.47
B09540,651,3.61,2.19,29.0,60.2,43.26,85.65
B09541,1844,3.27,3.39,36.0,108.3,31.2,59.6
B09542,1739,3.63,1.38,23.8,101.9,32.86,66.7
B09543,923,3.35,4.33,21.5,64.4,39.92,83.6
B09544,51,4.12,0.73,42.9,31.1,50.11,96.1
B09545,1816,4.13,0.74,24.6,106.9,32.17,63.07
B09546,1996,3.78,0.79,41.8,109.5,29.15,58.3
B09547,791,3.52,3.43,22.8,62.7,41.66,85.19
B09548,1441,3.3,2.47,20.2,83.8,36.36,73.06
B09549,1773,3.93,3.95,41.2,96.1,31.83,60.4
B09550,1329,3.21,1.99,48.9,87.3,37.14,71.78
B09551,1790,3.94,4.58,33.3,102.0,31.56,61.53
B09552,1978,3.44,1.55,31.7,109.2,29.26,58.41
B09553,491,3.69,3.23,22.0,47.2,46.03,91.21
B09554,1777,3.46,3.54,37.6,103.7,31.57,62.01
B09555,1045,3.26,4.79,45.9,75.5,40.0,77.56
B09556,1577,3.62,1.76,37.7,92.7,34.14,68.51
B09557,1944,3.26,0.81,33.3,105.3,30.51,59.11
B09558,1742,4.15,1.74,34.1,99.2,31.59,63.88
B09559,1981,3.46,4.66,39.9,105.6,29.47,59.98
B09560,1914,3.53,3.13,33.6,102.8,30.85,58.48
B09561,422,3.5,3.91,24.1,50.9,45.78,91.41
B09562,1966,3.3,2.6,35.9,106.2,31.24,60.75
B09563,197,3.76,3.73,28.7,42.6,48.94,96.97
B09564,360,3.58,1.02,39.6,49.1,47.0,90.72
B09565,60,3.42,3.78,39.7,29.1,49.97,98.54
B09566,788,3.72,1.13,25.8,62.6,41.92,82.64
B09567,255,3.38,2.0,38.4,42.3,47.04,92.96
B09568,230,3.69,0.63,29.1,39.8,48.02,95.08
B09569,583,3.22,2.23,26.7,52.1,45.11,87.83
B09570,822,4.03,1.11,37.7,61.4,41.95,79.7
B09571,1133,4.13,1.19,36.9,73.6,39.48,74.87
B09572,466,3.67,4.26,21.8,49.6,44.57,90.02
B09573,1150,3.83,4.64,41.6,79.9,38.85,76.11
B09574,1225,3.6,3.27,47.8,83.6,36.86,71.23
B09575,670,3.46,3.4,47.4,57.4,42.58,83.51
B09576,604,3.75,0.76,43.9,54.6,44.86,86.09
B09577,1904,3.29,2.82,44.5,110.8,31.86,59.59
B09578,1554,3.86,4.85,33.7,88.3,34.3,69.59
B09579,1094,3.23,3.39,40.9,74.1,38.73,75.95
B09580,534,3.51,4.46,31.5,53.9,43.91,87.26
B09581,318,3.56,3.8,43.0,43.5,46.72,91.51
B09582,66,3.21,1.43,36.2,35.1,49.19,96.4
B09583,600,4.08,4.88,45.0,53.1,43.27,83.37
B09584,581,4.12,3.02,43.5,56.6,44.46,84.21
B09585,1482,3.38,2.65,29.7,86.8,35.03,70.95
B09586,883,3.85,2.54,28.4,68.3,41.34,80.99
B09587,1868,3.84,3.22,24.6,101.6,31.04,62.0
B09588,673,3.89,3.72,30.1,53.1,42.37,84.08
B09589,1875,3.84,2.62,21.1,107.8,31.57,65.07
B09590,1829,4.06,2.11,47.2,107.4,31.3,61.52
B09591,1999,3.73,0.59,40.7,111.2,30.72,59.52
B09592,791,3.63,3.02,29.1,61.7,42.65,83.41
B09593,1871,3.78,1.21,25.2,102.9,31.51,62.67
B09594,814,4.15,1.08,31.7,62.7,41.53,84.23
B09595,1856,3.4,1.3,40.1,105.8,31.86,62.25
B09596,390,3.53,2.21,39.6,45.0,45.1,89.41
B09597,881,3.58,1.68,42.6,68.5,41.24,78.88
B09598,683,3.59,3.44,49.2,60.9,44.0,84.55
B09599,1069,3.35,3.21,47.4,71.6,39.21,76.81
B09600,1866,3.76,4.23,29.9,108.8,31.94,61.49
B09601,1854,3.55,4.66,41.4,102.6,30.88,60.77
B09602,1327,3.5,1.18,35.7,84.5,37.33,72.7
B09603,594,3.91,4.58,37.6,50.4,44.51,85.23
B09604,1038,3.68,3.35,42.1,72.9,39.59,78.29
B09605,798,3.35,4.37,48.2,60.2,41.48,80.64
B09606,1949,3.72,2.09,36.8,109.3,30.77,59.35
B09607,1871,3.35,2.12,38.4,100.1,30.6,59.12
B09608,19,3.69,2.22,36.1,27.8,49.08,97.91
B09609,460,3.47,3.18,20.7,51.4,44.85,92.87
B09610,1392,3.71,2.36,37.5,85.5,36.46,71.24
B09611,1457,4.07,1.55,44.0,87.3,36.34,66.19
B09612,1588,3.34,1.47,41.4,89.6,33.19,65.27
B09613,1176,3.83,2.49,35.1,72.1,37.71,73.04
B09614,753,3.26,2.22,41.8,63.9,41.94,84.03
B09615,1659,3.52,1.39,36.7,97.5,33.53,65.37
B09616,247,3.48,2.65,22.7,37.2,46.67,96.21
B09617,1194,3.51,2.83,20.6,80.5,38.54,75.71
B09618,1300,3.94,2.89,40.5,77.3,37.29,72.28
B09619,203,3.69,0.65,30.1,33.8,48.34,96.64
B09620,355,3.96,3.24,35.9,46.7,46.23,93.11
B09621,583,3.98,4.29,34.5,48.7,44.34,85.46
B09622,1622,3.37,4.01,45.5,97.8,32.97,62.88
B09623,603,3.88,4.62,31.1,59.0,44.87,86.56
B09624,1849,4.15,3.0,38.9,99.9,31.74,59.44
B09625,303,3.64,2.49,28.1,39.4,46.4,95.2
B09626,1855,4.13,4.08,44.2,108.3,30.98,58.83
B09627,1686,3.49,2.4,49.4,100.3,33.16,62.88
B09628,1968,3.99,1.97,28.2,111.1,31.13,61.27
B09629,577,3.55,4.05,40.1,56.5,45.15,85.41
B09630,1437,4.13,4.82,47.6,92.2,36.02,65.93
B09631,1417,3.5,2.13,42.7,89.0,36.09,68.47
B09632,1400,3.68,4.67,36.4,88.8,36.49,72.15
B09633,621,3.26,2.27,27.5,59.3,43.8,87.62
B09634,1950,3.39,1.14,37.7,108.9,29.88,58.74
B09635,1893,3.38,4.8,42.0,103.4,32.0,59.99
B09636,995,4.16,2.33,47.8,69.6,40.95,77.63
B09637,1184,3.23,0.63,24.4,78.6,37.48,74.8
B09638,95,3.8,4.34,23.3,31.6,48.07,97.87
B09639,1536,3.78,3.13,31.4,95.5,35.55,68.39
B09640,1802,3.49,4.44,28.5,104.1,32.69,64.15
B09641,46,3.7,4.27,45.6,29.8,49.88,94.33
B09642,1116,3.77,4.35,48.0,75.8,39.46,75.86
B09643,1177,3.31,3.36,25.4,73.7,37.72,77.85
B09644,1372,4.15,4.12,34.6,81.7,35.99,69.98
B09645,1507,4.04,2.02,22.8,90.8,34.38,71.79
B09646,1043,3.39,4.54,41.8,72.7,40.09,77.64
B09647,1113,3.32,1.14,29.8,70.6,38.16,75.2
B09648,110,4.11,2.41,32.7,36.0,49.58,95.16
B09649,426,3.26,3.2,29.2,50.6,46.28,91.63
B09650,656,3.67,3.23,44.4,58.9,43.36,82.1
B09651,717,3.92,4.68,27.7,54.0,43.54,83.68
B09652,221,3.27,2.45,29.7,35.9,47.4,93.63
B09653,695,3.63,0.69,31.9,56.0,43.1,84.51
B09654,279,3.44,4.67,21.3,41.3,48.07,93.02
B09655,475,3.6,4.34,33.8,53.5,45.24,89.77
B09656,1089,3.87,4.2,30.1,76.1,38.17,77.7
B09657,653,3.23,3.38,20.7,52.8,44.43,86.85
B09658,787,3.5,3.4,42.4,58.1,42.49,82.09
B09659,444,3.8,0.66,21.2,46.3,44.78,90.61
B09660,78,4.13,4.77,46.0,35.0,48.8,95.68
B09661,179,3.49,0.73,25.4,37.2,48.12,97.2
B09662,491,3.83,4.08,23.1,47.2,45.88,91.36
B09663,1042,3.99,2.13,22.8,71.6,40.22,77.88
B09664,1611,4.08,0.96,32.7,92.5,34.15,65.42
B09665,823,3.3,1.98,37.1,66.5,42.19,81.35
B09666,497,3.8,4.15,49.5,53.8,44.61,85.29
B09667,1872,4.19,4.87,22.1,108.2,32.25,63.87
B09668,1329,3.44,3.65,25.3,81.9,37.15,72.53
B09669,1672,4.14,3.54,34.2,95.9,32.66,65.84
B09670,131,3.74,0.78,32.4,38.0,48.18,96.09
B09671,216,3.5,4.71,44.7,42.3,46.87,91.1
B09672,1429,4.02,4.15,32.1,82.5,35.81,72.31
B09673,607,3.72,0.79,49.5,49.4,44.27,82.9
B09674,349,3.82,0.77,39.0,46.7,46.86,90.99
B09675,707,3.4,4.25,22.2,59.9,42.2,87.27
B09676,568,3.99,3.96,45.4,57.4,44.51,84.41
B09677,1087,3.34,0.71,30.9,76.8,39.13,75.73
B09678,243,4.14,3.85,48.4,39.6,47.77,90.97
B09679,1020,3.91,1.37,38.2,75.2,39.4,78.77
B09680,1996,3.77,3.36,49.5,107.9,29.62,55.88
B09681,1877,4.15,4.62,41.5,109.7,31.04,58.18
B09682,876,3.5,0.52,23.9,69.0,41.12,81.13
B09683,1288,3.93,2.55,41.3,78.4,37.85,72.65
B09684,1157,3.27,1.03,32.7,76.4,38.51,77.22
B09685,750,3.51,1.3,35.5,58.5,42.33,83.48
B09686,1363,3.46,4.96,41.5,81.9,36.17,70.3
B09687,1346,4.18,4.02,43.2,84.7,37.0,70.1
B09688,742,3.75,1.78,47.3,55.2,42.84,83.65
B09689,655,3.98,2.49,38.8,56.9,43.54,85.73
B09690,1954,3.89,4.28,49.6,108.1,30.91,56.55
B09691,1007,4.03,4.48,35.9,74.2,40.27,79.17
B09692,1942,3.93,1.54,25.3,104.4,30.9,59.32
B09693,1361,3.88,4.87,41.8,86.0,35.82,71.67
B09694,738,3.42,2.71,43.2,62.5,41.91,81.05
B09695,1922,3.34,2.92,36.1,108.7,30.22,61.25
B09696,241,3.69,1.46,32.3,39.8,46.95,93.62
B09697,889,3.34,3.81,49.4,64.8,41.39,77.98
B09698,1262,3.67,1.01,30.9,78.9,37.44,73.59
B09699,576,3.52,4.04,32.1,56.7,44.02,87.06
B09700,1205,4.16,0.87,49.9,74.8,38.29,71.79
B09701,1385,3.88,2.59,25.2,84.0,36.65,72.88
B09702,1364,3.86,3.31,33.4,85.9,36.74,70.94
B09703,1478,3.55,1.31,37.2,86.7,34.25,68.54
B09704,1382,3.74,4.83,30.9,90.2,36.38,70.35
B09705,1334,3.64,4.87,29.6,82.1,37.34,71.72
B09706,300,3.9,0.89,37.9,42.2,47.47,92.52
B09707,305,3.28,2.35,23.9,38.6,47.69,93.17
B09708,460,4.01,3.95,42.7,49.0,45.24,86.43
B09709,802,3.92,4.82,25.3,60.8,41.83,81.97
B09710,268,3.23,1.86,44.6,43.6,47.02,89.93
B09711,448,3.47,2.5,41.4,47.4,46.29,89.24
B09712,1156,3.38,1.94,48.0,73.4,38.83,72.69
B09713,660,3.59,0.51,38.7,53.5,43.6,84.13
B09714,1914,4.16,2.14,40.5,102.2,29.98,59.79
B09715,1010,3.72,0.85,32.0,67.0,40.56,80.31
B09716,1823,3.33,1.15,21.3,105.8,31.95,63.22
B09717,1749,3.2,3.46,31.6,101.6,32.51,63.36
B09718,1268,4.09,0.93,21.0,83.2,38.2,73.3
B09719,342,3.93,3.03,24.0,42.7,46.12,92.98
B09720,1413,3.65,1.95,45.8,87.0,36.57,67.81
B09721,1787,3.44,0.84,40.3,99.2,31.54,62.35
B09722,325,3.7,1.76,25.9,40.4,47.35,93.7
B09723,711,3.52,2.81,27.5,58.4,42.72,86.69
B09724,283,3.36,1.52,40.0,40.5,47.37,90.33
B09725,1367,4.16,0.57,42.9,82.4,37.24,71.37
B09726,387,3.39,4.09,25.8,50.5,46.36,92.86
B09727,184,3.28,0.64,28.7,37.1,47.18,95.29
B09728,139,3.72,1.19,31.9,30.9,48.05,96.65
B09729,1447,3.94,3.69,29.0,90.7,36.16,69.08
B09730,1407,3.24,4.56,42.8,88.0,35.23,68.13
B09731,892,3.92,1.26,30.9,63.9,41.79,79.53
B09732,1137,3.93,4.95,47.8,74.5,38.4,75.52
B09733,694,3.43,1.08,39.7,56.2,42.12,83.3
B09734,20,3.99,4.1,37.8,27.9,49.08,99.36
B09735,368,3.24,2.4,37.6,46.3,47.03,89.95
B09736,1174,3.72,4.05,45.3,79.8,38.99,71.87
B09737,26,3.27,2.77,48.5,35.9,48.8,94.4
B09738,1727,3.59,3.57,22.8,99.9,32.5,67.69
B09739,878,3.38,4.99,20.1,67.3,41.63,82.7
B09740,199,4.04,1.17,35.2,39.8,48.84,95.85
B09741,1922,4.02,3.52,39.9,109.4,31.4,60.24
B09742,1162,3.42,1.47,32.2,80.4,38.2,74.64
B09743,966,3.62,3.86,45.9,71.1,40.03,77.03
B09744,530,3.25,1.45,33.6,47.2,44.06,86.67
B09745,1532,3.37,3.39,34.2,91.3,34.35,67.17
B09746,1322,3.69,2.07,30.4,84.6,37.13,71.4
B09747,48,3.99,3.55,43.3,33.8,50.26,94.78
B09748,1514,3.75,1.39,29.8,89.8,34.29,70.15
B09749,961,3.79,5.0,30.4,72.2,40.59,81.53
B09750,1655,3.7,4.41,26.6,100.7,34.33,65.92
B09751,865,4.1,1.84,30.6,68.4,42.09,80.37
B09752,680,4.0,0.51,44.6,56.9,43.63,83.85
B09753,1776,3.63,1.04,43.5,100.0,31.38,63.42
B09754,1678,3.6,0.72,37.0,100.5,33.69,64.84
B09755,872,4.12,3.61,37.0,65.7,41.65,79.07
B09756,1073,4.18,3.3,30.7,76.8,39.55,77.86
B09757,1448,3.61,3.87,20.3,84.7,35.82,70.12
B09758,771,3.52,1.16,35.3,64.3,41.4,81.3
B09759,1857,3.31,2.41,41.6,101.4,30.83,60.01
B09760,1477,3.56,3.28,22.8,85.9,35.98,72.06
B09761,111,4.18,2.13,31.0,30.7,48.86,98.53
B09762,645,3.32,3.66,28.0,57.6,44.32,88.4
B09763,1627,3.69,2.12,29.2,92.9,33.36,68.71
B09764,479,4.04,4.75,33.3,49.6,44.51,90.77
B09765,326,4.17,1.07,41.3,39.2,47.37,90.84
B09766,594,4.09,3.89,27.3,54.9,44.4,87.59
B09767,1815,3.77,1.94,36.4,104.2,31.64,61.33
B09768,1411,3.33,1.98,49.2,84.9,36.78,68.56
B09769,650,3.9,3.05,42.5,53.8,42.76,82.72
B09770,1415,3.27,2.89,32.0,84.7,36.34,71.5
B09771,240,3.77,1.1,40.9,40.9,46.64,93.83
B09772,1099,3.5,0.92,43.3,73.0,38.96,77.15
B09773,81,4.14,4.13,27.1,33.4,49.2,96.09
B09774,864,3.31,4.99,39.9,62.0,40.84,80.35
B09775,563,3.88,1.73,33.4,56.5,44.73,86.52
B09776,767,3.47,3.99,48.5,60.7,42.37,80.71
B09777,1128,3.74,2.82,33.0,73.6,39.37,75.98
B09778,779,3.66,2.32,23.5,60.1,41.26,85.78
B09779,105,3.27,2.98,39.0,30.3,49.81,95.87
B09780,573,3.91,1.03,30.7,52.8,43.31,87.68
B09781,474,3.62,0.76,23.7,52.5,46.22,89.82
B09782,1353,4.04,2.79,35.2,85.6,37.42,72.0
B09783,605,3.4,0.8,34.4,57.8,44.51,84.79
B09784,1022,3.25,4.73,35.3,75.8,40.54,76.79
B09785,758,3.48,4.93,31.0,57.2,41.75,85.73
B09786,750,3.73,0.98,33.8,55.7,41.64,82.23
B09787,422,3.28,4.13,40.5,42.7,45.73,89.65
B09788,947,3.61,3.66,23.8,70.6,40.8,81.38
B09789,1731,3.97,0.71,42.4,98.0,32.13,60.96
B09790,646,4.03,2.29,33.6,56.1,44.31,87.19
B09791,751,4.01,4.38,38.4,57.0,42.77,83.35
B09792,1980,4.13,3.51,49.2,109.6,30.98,57.62
B09793,950,3.87,2.41,29.5,64.2,39.64,79.71
B09794,381,3.48,3.92,47.4,40.9,47.07,88.86
B09795,145,3.65,2.88,29.0,35.9,48.38,97.73
B09796,25,3.41,1.68,29.2,27.0,50.52,97.8
B09797,86,3.72,1.48,48.0,37.5,49.74,93.07
B09798,1,3.76,4.52,35.6,28.3,50.55,99.01
B09799,1912,4.18,1.68,33.0,111.0,31.17,59.42
B09800,170,3.72,4.26,45.7,41.3,48.63,94.66
B09801,153,3.52,3.87,34.8,34.2,49.29,93.72
B09802,437,3.97,1.92,22.4,44.6,45.35,91.38
B09803,450,3.88,2.36,45.5,49.7,44.68,88.02
B09804,793,3.5,3.75,32.1,61.5,42.7,85.07
B09805,698,3.37,2.82,45.4,54.1,42.14,84.12
B09806,1095,3.65,3.72,42.5,74.2,38.51,76.85
B09807,128,3.7,2.51,32.3,31.8,48.51,97.3
B09808,1403,3.44,3.43,39.0,86.8,35.53,70.56
B09809,1325,4.02,2.34,28.3,80.5,36.88,74.21
B09810,983,3.53,4.69,42.0,68.2,40.58,77.08
B09811,1449,3.94,3.37,31.6,87.5,34.74,69.37
B09812,1006,3.23,1.89,49.5,73.1,39.25,75.89
B09813,86,3.6,3.47,26.0,32.8,49.65,96.57
B09814,1988,3.52,1.47,23.8,106.5,29.82,58.48
B09815,828,3.2,4.02,48.8,66.0,41.72,80.0
B09816,1498,3.56,0.85,26.9,88.1,35.05,67.81
B09817,1521,3.45,0.84,39.7,95.0,33.92,65.44
B09818,939,3.98,2.67,26.2,63.0,40.46,81.77
B09819,1136,3.92,3.19,35.2,76.3,38.96,76.53
B09820,696,3.63,3.42,27.0,62.6,43.72,86.02
B09821,836,3.92,3.32,34.8,61.0,42.0,80.98
B09822,1406,4.18,3.63,32.3,83.3,36.26,69.13
B09823,303,3.79,0.6,34.5,47.1,46.38,91.57
B09824,133,3.75,3.39,49.2,37.0,47.74,94.66
B09825,401,3.41,4.79,23.8,50.0,45.43,92.65
B09826,434,3.45,2.43,34.0,46.5,45.51,89.03
B09827,29,3.84,0.53,37.0,34.0,49.89,96.24
B09828,3,3.31,2.7,41.6,27.1,50.06,97.95
B09829,1613,3.95,1.13,31.5,98.1,34.42,66.79
B09830,537,3.82,4.39,27.7,49.2,44.58,89.96
B09831,198,3.55,2.04,26.5,42.1,47.69,93.99
B09832,1044,3.46,1.68,43.9,69.7,40.49,75.68
B09833,698,3.63,2.58,35.0,62.2,43.57,82.78
B09834,1629,3.76,1.69,23.4,93.4,32.73,66.8
B09835,1605,3.76,3.38,36.6,91.9,32.98,67.48
B09836,1491,4.09,1.28,21.4,92.0,34.91,72.1
B09837,149,3.68,3.91,37.2,31.4,49.3,93.38
B09838,1367,3.74,2.04,48.1,86.0,36.21,69.25
B09839,1901,4.17,4.09,40.1,103.8,30.86,58.2
B09840,1643,3.66,3.43,34.8,94.5,33.22,65.03
B09841,493,3.3,4.59,45.4,53.2,44.94,87.32
B09842,374,3.79,1.71,45.0,44.9,45.63,91.27
B09843,1276,3.35,3.14,22.4,83.0,37.45,76.05
B09844,274,3.75,3.61,38.5,39.5,47.8,92.27
B09845,1354,3.73,3.7,39.5,83.4,36.6,72.7
B09846,1663,3.87,1.0,29.1,95.5,34.35,66.77
B09847,1018,4.0,1.79,44.7,71.6,40.07,75.93
B09848,234,3.36,1.48,40.4,44.0,47.96,91.83
B09849,631,3.29,2.82,39.5,58.6,44.35,83.64
B09850,1504,3.57,3.62,33.7,89.8,34.49,68.91
B09851,1909,4.19,1.21,35.3,110.9,30.81,59.41
B09852,825,4.02,2.12,38.6,63.1,41.71,82.64
B09853,1613,3.77,4.74,39.7,89.8,33.31,66.64
B09854,1171,3.65,4.26,44.6,79.2,38.17,72.76
B09855,1186,3.61,3.12,40.4,78.3,37.61,74.09
B09856,589,3.5,0.95,46.8,54.1,44.13,86.63
B09857,1104,3.83,1.6,23.4,78.6,39.12,77.86
B09858,493,4.15,4.32,46.5,52.3,44.12,86.68
B09859,548,3.47,3.11,43.0,48.1,43.59,88.22
B09860,100,3.21,2.84,33.8,30.4,48.0,97.29
B09861,914,4.17,2.29,48.1,69.7,40.04,77.87
B09862,228,3.37,1.44,42.4,40.8,48.1,91.91
B09863,1159,3.41,4.72,43.5,75.6,37.52,72.83
B09864,400,3.43,0.78,25.2,41.9,46.99,93.01
B09865,819,3.3,3.25,47.9,60.7,42.32,79.25
B09866,461,4.12,2.8,35.5,51.4,44.61,89.11
B09867,1720,3.5,3.78,22.7,97.7,31.87,65.93
B09868,1588,3.72,2.78,22.3,96.1,33.67,69.92
B09869,1929,4.13,3.44,43.3,110.6,30.89,59.65
B09870,459,3.93,4.08,26.0,48.3,46.2,90.66
B09871,1762,3.7,2.36,39.5,96.5,32.21,61.11
B09872,114,3.32,4.55,31.3,29.9,49.24,95.06
B09873,1288,4.04,0.5,23.1,85.6,36.36,74.22
B09874,697,3.92,1.48,47.0,59.1,43.75,82.19
B09875,613,3.56,0.9,31.4,54.0,44.58,84.93
B09876,1450,3.59,1.09,44.4,90.4,35.28,69.19
B09877,1334,3.27,1.57,40.2,78.5,37.61,69.08
B09878,640,3.6,3.36,26.8,54.1,43.95,87.28
B09879,1480,3.32,4.36,22.8,86.2,34.76,68.76
B09880,801,3.83,4.52,41.2,64.7,42.68,80.6
B09881,5,3.74,3.59,29.5,26.6,49.74,98.58
B09882,550,3.35,2.83,21.8,52.7,44.88,88.29
B09883,1246,3.42,2.67,24.5,83.2,38.21,76.46
B09884,1771,3.99,4.82,32.5,103.0,31.37,62.12
B09885,997,3.94,4.8,24.6,71.4,39.7,78.24
B09886,1148,3.94,4.08,49.9,78.7,37.78,72.08
B09887,1254,3.88,3.13,28.2,83.9,38.41,74.43
B09888,1230,4.05,0.61,22.4,78.5,37.55,77.35
B09889,634,3.9,4.41,32.3,54.4,43.05,86.07
B09890,585,3.71,1.87,34.0,49.8,44.37,87.67
B09891,90,3.77,4.98,24.0,33.9,49.13,96.44
B09892,96,3.66,0.56,29.6,33.5,49.38,97.13
B09893,865,3.37,2.59,35.6,69.5,40.57,79.45
B09894,1549,3.81,0.97,45.7,90.6,34.24,67.42
B09895,1505,3.92,2.08,34.5,93.8,34.83,66.82
B09896,283,3.55,1.09,46.0,37.9,48.12,90.42
B09897,1995,3.79,1.49,28.0,106.2,29.8,58.16
B09898,239,3.92,1.19,33.7,38.2,47.79,92.0
B09899,771,3.73,2.52,33.4,62.7,42.49,84.78
B09900,172,3.56,2.11,45.2,39.2,47.86,95.33
B09901,946,3.64,3.1,23.5,65.0,41.51,81.05
B09902,1417,3.91,3.5,26.6,82.5,35.02,69.52
B09903,611,3.24,0.93,47.1,51.5,44.87,84.45
B09904,709,4.03,1.8,44.6,62.4,42.75,84.2
B09905,984,4.05,1.76,20.0,67.7,39.41,81.8
B09906,1528,3.35,4.82,30.2,91.7,35.09,69.94
B09907,1650,4.08,4.27,22.3,92.0,34.0,68.19
B09908,623,4.06,2.85,26.3,56.3,43.34,88.42
B09909,885,3.81,1.72,38.8,67.1,41.79,79.92
B09910,584,3.72,3.97,21.7,51.8,44.46,89.26
B09911,1584,3.87,4.5,47.2,94.1,33.28,63.25
B09912,573,3.36,4.73,28.5,51.2,44.68,88.27
B09913,444,3.81,4.74,24.2,52.5,46.35,91.83
B09914,1878,4.16,4.82,27.7,104.8,31.48,63.09
B09915,1580,3.27,0.99,34.4,97.1,33.51,65.62
B09916,461,3.45,4.43,48.0,50.9,44.53,87.72
B09917,1959,3.9,4.03,44.8,109.4,30.98,57.25
B09918,416,3.7,3.97,34.5,51.0,46.66,89.92
B09919,713,3.78,2.1,35.4,53.9,43.72,86.13
B09920,287,3.68,3.71,48.4,45.5,46.68,89.81
B09921,858,3.65,2.55,28.5,61.3,41.65,82.79
B09922,532,4.07,2.31,42.8,52.9,44.84,84.96
B09923,1238,3.54,3.7,42.7,75.6,37.15,71.51
B09924,1092,3.74,1.22,39.2,76.1,39.53,74.04
B09925,1972,3.8,4.78,32.1,113.2,30.39,61.36
B09926,1199,3.98,1.62,45.5,83.0,38.42,74.4
B09927,151,4.19,4.15,39.0,34.2,47.54,95.96
B09928,282,3.21,1.16,31.3,37.0,46.74,95.38
B09929,1189,3.78,2.8,42.3,73.9,37.12,74.73
B09930,911,3.68,1.77,48.9,69.5,40.87,76.27
B09931,683,3.22,2.57,45.4,58.7,43.73,84.46
B09932,1429,3.3,3.91,22.7,84.8,35.95,73.34
B09933,536,3.85,3.05,22.1,52.8,44.17,90.66
B09934,7,4.09,1.66,31.1,25.3,49.26,98.64
B09935,1208,4.12,4.49,42.4,76.9,38.19,72.03
B09936,1398,4.08,4.0,42.2,86.3,36.43,67.71
B09937,1442,4.19,2.87,43.7,83.0,35.72,68.75
B09938,708,3.3,2.08,37.6,54.6,43.79,85.61
B09939,366,3.75,0.74,34.2,42.9,47.08,89.45
B09940,450,4.15,2.86,29.2,49.4,45.05,92.06
B09941,439,3.64,2.51,36.3,47.0,45.02,90.64
B09942,753,3.62,4.41,44.4,60.2,43.18,81.82
B09943,827,3.78,2.99,25.4,61.3,42.64,82.56
B09944,16,3.26,4.22,46.5,29.2,50.56,95.25
B09945,475,4.13,0.93,39.8,52.6,44.3,87.12
B09946,201,3.82,0.58,22.0,33.9,48.28,97.09
B09947,1684,4.14,4.32,41.1,93.1,33.24,65.61
B09948,406,3.61,1.5,23.3,48.6,46.29,93.97
B09949,1372,4.17,4.43,37.4,82.5,35.56,68.77
B09950,1282,3.96,1.27,35.1,78.2,37.5,73.57
B09951,425,3.41,3.24,23.5,49.5,44.94,90.09
B09952,3,3.29,1.08,49.8,31.2,50.12,95.94
B09953,720,3.37,4.8,31.4,63.3,43.02,82.75
B09954,1258,3.22,4.73,26.0,83.7,36.67,76.45
B09955,1501,3.88,2.08,46.6,87.4,34.2,66.75
B09956,1098,3.42,2.37,35.3,73.0,38.4,74.66
B09957,586,3.35,3.24,26.4,53.5,45.01,88.22
B09958,1858,3.65,3.61,26.2,107.5,31.15,61.44
B09959,333,3.3,3.37,38.6,46.5,47.22,92.29
B09960,98,3.9,4.8,34.9,31.0,48.8,94.76
B09961,1045,3.54,4.02,46.8,71.7,39.1,76.37
B09962,982,3.45,1.93,30.9,66.4,39.88,80.99
B09963,954,3.99,4.72,31.3,71.9,39.79,81.59
B09964,1229,3.22,4.13,33.6,77.1,36.74,74.93
B09965,1600,3.85,1.69,44.1,92.6,34.0,66.3
B09966,233,4.11,0.62,47.2,41.7,48.44,93.33
B09967,1532,4.04,2.04,36.1,87.7,35.18,68.98
B09968,980,3.26,1.9,41.7,68.7,39.2,76.57
B09969,1646,3.27,3.68,25.6,99.6,33.03,65.85
B09970,116,4.19,3.72,31.1,38.7,49.58,95.99
B09971,1766,3.3,1.79,23.0,99.6,31.61,66.51
B09972,392,4.05,2.63,33.7,47.9,45.73,92.72
B09973,1556,3.58,3.92,36.5,87.6,35.22,66.17
B09974,1800,4.16,3.71,34.7,98.4,32.61,62.92
B09975,755,4.02,2.75,23.9,60.1,41.78,83.23
B09976,999,3.66,2.64,23.7,70.9,40.1,78.49
B09977,775,3.8,3.88,35.7,60.0,42.84,83.33
B09978,793,3.72,2.86,36.1,63.6,42.19,81.7
B09979,54,3.42,2.05,38.4,30.4,50.08,96.07
B09980,800,4.02,3.81,26.5,62.5,41.82,85.19
B09981,1996,4.06,3.06,38.5,108.7,29.24,59.54
B09982,741,3.24,2.37,23.5,62.1,42.48,84.25
B09983,792,3.77,0.83,21.0,63.6,41.69,83.03
B09984,759,3.44,0.96,22.6,65.3,42.78,83.33
B09985,1874,3.52,3.65,20.4,102.4,30.28,62.87
B09986,183,4.19,1.92,35.9,36.4,48.71,94.79
B09987,893,4.0,1.23,20.0,70.1,40.31,84.16
B09988,1533,3.72,1.08,45.3,90.2,34.3,64.62
B09989,1880,3.58,2.18,49.5,102.1,30.4,57.68
B09990,862,3.6,2.65,27.6,62.2,40.52,83.8
B09991,863,3.63,1.97,41.3,63.3,41.55,78.54
B09992,1096,4.18,3.39,46.6,77.6,38.6,74.03
B09993,1319,3.61,4.24,45.7,79.8,36.0,70.55
B09994,63,3.7,4.63,33.4,36.6,49.2,97.11
B09995,987,3.86,2.02,43.5,73.9,39.94,78.29
B09996,1076,3.82,1.18,25.5,75.0,39.35,77.71
B09997,398,3.8,3.36,26.0,43.0,46.16,92.31
B09998,452,3.64,4.98,28.7,47.2,46.04,89.68
B09999,116,4.12,3.12,27.9,30.5,48.63,96.1
B10000,379,3.75,1.22,46.0,47.2,46.09,89.2
